d,h,st,p,fade
2025-09-15,13,LOW,72.5,-72.5
2025-09-15,14,MID,-19.0,19.0
2025-09-15,15,LOW,-16.25,16.25
2025-09-15,16,LOW,-26.0,26.0
2025-09-15,17,LOW,-37.0,37.0
2025-09-15,18,LOW,-1.25,1.25
2025-09-15,19,LOW,25.75,-25.75
2025-09-16,13,LOW,-4.75,4.75
2025-09-16,14,MID,-86.0,86.0
2025-09-16,15,LOW,-40.25,40.25
2025-09-16,16,LOW,6.75,-6.75
2025-09-16,17,LOW,-11.5,11.5
2025-09-16,18,LOW,6.0,-6.0
2025-09-16,19,LOW,-38.75,38.75
2025-09-17,13,LOW,28.5,-28.5
2025-09-17,14,LOW,38.0,-38.0
2025-09-17,15,LOW,-56.75,56.75
2025-09-17,16,LOW,-23.25,23.25
2025-09-17,17,LOW,51.25,-51.25
2025-09-17,18,LOW,-8.5,8.5
2025-09-17,19,HIGH,23.25,-23.25
2025-09-18,13,LOW,-68.75,68.75
2025-09-18,14,MID,16.5,-16.5
2025-09-18,15,MID,-31.25,31.25
2025-09-18,16,MID,38.0,-38.0
2025-09-18,17,LOW,38.5,-38.5
2025-09-18,18,LOW,7.75,-7.75
2025-09-18,19,LOW,36.5,-36.5
2025-09-19,13,LOW,42.0,-42.0
2025-09-19,14,LOW,-28.0,28.0
2025-09-19,15,LOW,-15.0,15.0
2025-09-19,16,LOW,30.0,-30.0
2025-09-19,17,LOW,-11.0,11.0
2025-09-19,18,LOW,1.25,-1.25
2025-09-19,19,LOW,22.75,-22.75
2025-09-22,13,LOW,68.5,-68.5
2025-09-22,14,MID,45.5,-45.5
2025-09-22,15,LOW,6.5,-6.5
2025-09-22,16,LOW,52.75,-52.75
2025-09-22,17,MID,-9.75,9.75
2025-09-22,18,LOW,8.75,-8.75
2025-09-22,19,LOW,4.0,-4.0
2025-09-23,13,LOW,53.5,-53.5
2025-09-23,14,LOW,-12.0,12.0
2025-09-23,15,LOW,-5.25,5.25
2025-09-23,16,LOW,7.25,-7.25
2025-09-23,17,LOW,71.75,-71.75
2025-09-23,18,HIGH,25.25,-25.25
2025-09-23,19,LOW,-16.25,16.25
2025-09-24,13,LOW,52.75,-52.75
2025-09-24,14,MID,-85.5,85.5
2025-09-24,15,LOW,102.75,-102.75
2025-09-24,16,MID,-39.25,39.25
2025-09-24,17,LOW,-2.0,2.0
2025-09-24,18,LOW,-21.75,21.75
2025-09-24,19,LOW,-35.5,35.5
2025-09-25,13,LOW,21.0,-21.0
2025-09-25,14,HIGH,144.75,-144.75
2025-09-25,15,HIGH,-77.5,77.5
2025-09-25,16,MID,46.5,-46.5
2025-09-25,17,LOW,43.5,-43.5
2025-09-25,18,MID,74.25,-74.25
2025-09-25,19,HIGH,-14.0,14.0
2025-09-26,13,MID,-69.5,69.5
2025-09-26,14,MID,141.5,-141.5
2025-09-26,15,HIGH,-56.5,56.5
2025-09-26,16,MID,103.5,-103.5
2025-09-26,17,MID,-40.0,40.0
2025-09-26,18,LOW,-14.25,14.25
2025-09-26,19,LOW,-13.75,13.75
2025-09-29,13,LOW,1.0,-1.0
2025-09-29,14,MID,-120.25,120.25
2025-09-29,15,LOW,70.5,-70.5
2025-09-29,16,MID,-66.5,66.5
2025-09-29,17,LOW,-35.75,35.75
2025-09-29,18,LOW,-15.75,15.75
2025-09-29,19,LOW,-20.5,20.5
2025-09-30,13,LOW,29.75,-29.75
2025-09-30,14,MID,-119.0,119.0
2025-09-30,15,MID,25.5,-25.5
2025-09-30,16,MID,-63.5,63.5
2025-09-30,17,LOW,-47.0,47.0
2025-09-30,18,LOW,57.0,-57.0
2025-09-30,19,MID,20.75,-20.75
2025-10-01,13,LOW,-239.5,239.5
2025-10-01,14,MID,87.0,-87.0
2025-10-01,15,HIGH,-28.25,28.25
2025-10-01,16,LOW,6.5,-6.5
2025-10-01,17,LOW,16.75,-16.75
2025-10-01,18,LOW,-21.25,21.25
2025-10-01,19,LOW,0.25,-0.25
2025-10-02,13,LOW,100.0,-100.0
2025-10-02,14,HIGH,-99.75,99.75
2025-10-02,15,LOW,-92.5,92.5
2025-10-02,16,MID,-24.25,24.25
2025-10-02,17,LOW,3.25,-3.25
2025-10-02,18,LOW,11.25,-11.25
2025-10-02,19,LOW,-32.75,32.75
2025-10-03,13,LOW,-22.25,22.25
2025-10-03,14,LOW,-79.5,79.5
2025-10-03,15,LOW,19.0,-19.0
2025-10-03,16,LOW,9.25,-9.25
2025-10-03,17,LOW,97.0,-97.0
2025-10-03,18,HIGH,-23.5,23.5
2025-10-03,19,MID,-114.25,114.25
2025-10-06,13,LOW,-40.0,40.0
2025-10-06,14,MID,-12.0,12.0
2025-10-06,15,LOW,43.75,-43.75
2025-10-06,16,LOW,-6.25,6.25
2025-10-06,17,LOW,-16.25,16.25
2025-10-06,18,LOW,4.25,-4.25
2025-10-06,19,LOW,37.75,-37.75
2025-10-07,13,LOW,-25.5,25.5
2025-10-07,14,LOW,-5.75,5.75
2025-10-07,15,LOW,141.0,-141.0
2025-10-07,16,HIGH,-70.5,70.5
2025-10-07,17,MID,-23.5,23.5
2025-10-07,18,LOW,-0.25,0.25
2025-10-07,19,LOW,-76.75,76.75
2025-10-08,13,LOW,99.5,-99.5
2025-10-08,14,MID,-48.25,48.25
2025-10-08,15,LOW,38.0,-38.0
2025-10-08,16,LOW,-37.25,37.25
2025-10-08,17,LOW,11.5,-11.5
2025-10-08,18,LOW,-11.5,11.5
2025-10-08,19,LOW,45.25,-45.25
2025-10-09,13,LOW,38.25,-38.25
2025-10-09,14,MID,-19.25,19.25
2025-10-09,15,MID,-17.25,17.25
2025-10-09,16,LOW,45.25,-45.25
2025-10-09,17,LOW,-11.25,11.25
2025-10-09,18,LOW,-15.25,15.25
2025-10-09,19,LOW,44.75,-44.75
2025-10-10,13,LOW,40.75,-40.75
2025-10-10,14,MID,129.75,-129.75
2025-10-10,15,HIGH,248.5,-248.5
2025-10-10,16,HIGH,-377.25,377.25
2025-10-10,17,HIGH,-107.75,107.75
2025-10-10,18,MID,-19.5,19.5
2025-10-10,19,MID,203.0,-203.0
2025-10-13,13,LOW,-25.75,25.75
2025-10-13,14,HIGH,114.5,-114.5
2025-10-13,15,HIGH,66.5,-66.5
2025-10-13,16,HIGH,45.0,-45.0
2025-10-13,17,MID,-43.0,43.0
2025-10-13,18,LOW,-13.75,13.75
2025-10-13,19,LOW,-21.25,21.25
2025-10-14,13,MID,-51.0,51.0
2025-10-14,14,HIGH,107.0,-107.0
2025-10-14,15,HIGH,-41.25,41.25
2025-10-14,16,HIGH,50.25,-50.25
2025-10-14,17,HIGH,-31.25,31.25
2025-10-14,18,LOW,-110.25,110.25
2025-10-14,19,LOW,142.25,-142.25
2025-10-15,13,LOW,-12.0,12.0
2025-10-15,14,MID,44.25,-44.25
2025-10-15,15,MID,90.5,-90.5
2025-10-15,16,HIGH,-133.0,133.0
2025-10-15,17,MID,-86.5,86.5
2025-10-15,18,HIGH,-70.75,70.75
2025-10-15,19,MID,9.5,-9.5
2025-10-16,13,LOW,-169.75,169.75
2025-10-16,14,MID,-135.5,135.5
2025-10-16,15,HIGH,48.75,-48.75
2025-10-16,16,HIGH,-38.0,38.0
2025-10-16,17,HIGH,-156.75,156.75
2025-10-16,18,MID,25.5,-25.5
2025-10-16,19,HIGH,-112.75,112.75
2025-10-17,13,MID,-208.75,208.75
2025-10-17,14,HIGH,-36.75,36.75
2025-10-17,15,HIGH,-120.0,120.0
2025-10-17,16,HIGH,11.0,-11.0
2025-10-17,17,MID,-3.75,3.75
2025-10-17,18,MID,30.0,-30.0
2025-10-17,19,MID,-36.25,36.25
2025-10-20,13,LOW,-40.75,40.75
2025-10-20,14,MID,-9.25,9.25
2025-10-20,15,MID,-55.0,55.0
2025-10-20,16,LOW,-12.5,12.5
2025-10-20,17,LOW,5.5,-5.5
2025-10-20,18,LOW,-24.0,24.0
2025-10-20,19,LOW,17.25,-17.25
2025-10-21,13,LOW,47.5,-47.5
2025-10-21,14,MID,-3.0,3.0
2025-10-21,15,MID,-37.75,37.75
2025-10-21,16,LOW,-7.75,7.75
2025-10-21,17,LOW,-58.25,58.25
2025-10-21,18,LOW,-8.0,8.0
2025-10-21,19,LOW,-30.5,30.5
2025-10-22,13,LOW,-131.75,131.75
2025-10-22,14,MID,78.25,-78.25
2025-10-22,15,HIGH,31.0,-31.0
2025-10-22,16,HIGH,76.5,-76.5
2025-10-22,17,HIGH,107.25,-107.25
2025-10-22,18,HIGH,-8.5,8.5
2025-10-22,19,MID,27.25,-27.25
2025-10-23,13,LOW,108.75,-108.75
2025-10-23,14,HIGH,-33.5,33.5
2025-10-23,15,MID,-40.5,40.5
2025-10-23,16,MID,32.5,-32.5
2025-10-23,17,LOW,1.0,-1.0
2025-10-23,18,MID,-8.5,8.5
2025-10-23,19,LOW,10.25,-10.25
2025-10-24,13,HIGH,-56.75,56.75
2025-10-24,14,MID,-65.75,65.75
2025-10-24,15,MID,6.75,-6.75
2025-10-24,16,MID,-70.75,70.75
2025-10-24,17,LOW,-10.25,10.25
2025-10-24,18,LOW,-11.0,11.0
2025-10-24,19,LOW,-2.0,2.0
2025-10-27,13,LOW,-123.0,123.0
2025-10-27,14,LOW,-69.0,69.0
2025-10-27,15,LOW,7.25,-7.25
2025-10-27,16,LOW,1.75,-1.75
2025-10-27,17,LOW,-28.5,28.5
2025-10-27,18,LOW,3.5,-3.5
2025-10-27,19,LOW,-13.75,13.75
2025-10-28,13,LOW,32.75,-32.75
2025-10-28,14,LOW,16.0,-16.0
2025-10-28,15,LOW,-47.5,47.5
2025-10-28,16,LOW,29.5,-29.5
2025-10-28,17,MID,19.25,-19.25
2025-10-28,18,LOW,25.0,-25.0
2025-10-28,19,LOW,-19.25,19.25
2025-10-29,13,LOW,37.0,-37.0
2025-10-29,14,LOW,42.5,-42.5
2025-10-29,15,LOW,16.0,-16.0
2025-10-29,16,LOW,-35.0,35.0
2025-10-29,17,LOW,-72.25,72.25
2025-10-29,18,LOW,-182.25,182.25
2025-10-29,19,HIGH,-47.75,47.75
2025-10-30,13,HIGH,-95.0,95.0
2025-10-30,14,HIGH,113.0,-113.0
2025-10-30,15,HIGH,-24.75,24.75
2025-10-30,16,MID,63.25,-63.25
2025-10-30,17,MID,-95.25,95.25
2025-10-30,18,LOW,60.75,-60.75
2025-10-30,19,MID,99.25,-99.25
2025-10-31,13,LOW,92.75,-92.75
2025-10-31,14,MID,-89.5,89.5
2025-10-31,15,MID,62.5,-62.5
2025-10-31,16,MID,-56.25,56.25
2025-10-31,17,MID,-62.0,62.0
2025-10-31,18,MID,33.0,-33.0
2025-10-31,19,LOW,-67.0,67.0
2025-11-03,13,LOW,-3.5,3.5
2025-11-03,14,LOW,-9.0,9.0
2025-11-03,15,MID,-116.5,116.5
2025-11-03,16,MID,-124.5,124.5
2025-11-03,17,LOW,36.0,-36.0
2025-11-03,18,LOW,-54.5,54.5
2025-11-03,19,LOW,-3.25,3.25
2025-11-04,13,LOW,-20.25,20.25
2025-11-04,14,LOW,-71.5,71.5
2025-11-04,15,HIGH,10.0,-10.0
2025-11-04,16,MID,37.0,-37.0
2025-11-04,17,MID,33.75,-33.75
2025-11-04,18,MID,-10.5,10.5
2025-11-04,19,LOW,55.75,-55.75
2025-11-05,13,LOW,-2.75,2.75
2025-11-05,14,MID,-2.0,2.0
2025-11-05,15,HIGH,-82.0,82.0
2025-11-05,16,MID,-25.25,25.25
2025-11-05,17,MID,-7.75,7.75
2025-11-05,18,MID,39.0,-39.0
2025-11-05,19,LOW,-35.0,35.0
2025-11-06,13,LOW,-30.75,30.75
2025-11-06,14,LOW,229.75,-229.75
2025-11-06,15,HIGH,95.75,-95.75
2025-11-06,16,HIGH,-104.25,104.25
2025-11-06,17,HIGH,-107.0,107.0
2025-11-06,18,HIGH,-116.25,116.25
2025-11-06,19,HIGH,52.5,-52.5
2025-11-07,13,MID,-138.5,138.5
2025-11-07,14,LOW,75.0,-75.0
2025-11-07,15,HIGH,-38.25,38.25
2025-11-07,16,HIGH,86.0,-86.0
2025-11-07,17,MID,33.25,-33.25
2025-11-07,18,HIGH,26.25,-26.25
2025-11-07,19,MID,176.5,-176.5
2025-11-10,13,LOW,-78.0,78.0
2025-11-10,14,LOW,38.25,-38.25
2025-11-10,15,MID,74.5,-74.5
2025-11-10,16,HIGH,-181.5,181.5
2025-11-10,17,LOW,24.75,-24.75
2025-11-10,18,MID,-62.75,62.75
2025-11-10,19,LOW,26.25,-26.25
2025-11-11,13,LOW,-67.75,67.75
2025-11-11,14,LOW,-161.0,161.0
2025-11-11,15,MID,51.5,-51.5
2025-11-11,16,MID,-125.75,125.75
2025-11-11,17,MID,16.0,-16.0
2025-11-11,18,MID,-3.25,3.25
2025-11-11,19,MID,-5.25,5.25
2025-11-12,13,LOW,-9.0,9.0
2025-11-12,14,LOW,184.5,-184.5
2025-11-12,15,HIGH,15.5,-15.5
2025-11-12,16,MID,-90.75,90.75
2025-11-12,17,MID,68.5,-68.5
2025-11-12,18,MID,-141.75,141.75
2025-11-12,19,LOW,-22.75,22.75
2025-11-13,13,LOW,20.25,-20.25
2025-11-13,14,MID,110.5,-110.5
2025-11-13,15,HIGH,22.0,-22.0
2025-11-13,16,HIGH,36.0,-36.0
2025-11-13,17,MID,-20.75,20.75
2025-11-13,18,MID,-21.5,21.5
2025-11-13,19,HIGH,-60.75,60.75
2025-11-14,13,HIGH,-92.5,92.5
2025-11-14,14,MID,60.25,-60.25
2025-11-14,15,HIGH,-150.25,150.25
2025-11-14,16,HIGH,49.5,-49.5
2025-11-14,17,HIGH,-19.0,19.0
2025-11-14,18,MID,-85.0,85.0
2025-11-14,19,MID,17.5,-17.5
2025-11-17,13,MID,37.0,-37.0
2025-11-17,14,MID,58.0,-58.0
2025-11-17,15,HIGH,93.0,-93.0
2025-11-17,16,HIGH,53.0,-53.0
2025-11-17,17,HIGH,164.0,-164.0
2025-11-17,18,HIGH,-45.75,45.75
2025-11-17,19,HIGH,124.5,-124.5
2025-11-18,13,MID,-5.75,5.75
2025-11-18,14,LOW,-15.0,15.0
2025-11-18,15,HIGH,-193.0,193.0
2025-11-18,16,HIGH,56.75,-56.75
2025-11-18,17,HIGH,-48.0,48.0
2025-11-18,18,HIGH,-448.75,448.75
2025-11-18,19,MID,-134.25,134.25
2025-11-19,13,LOW,19.5,-19.5
2025-11-19,14,LOW,172.5,-172.5
2025-11-19,15,HIGH,68.75,-68.75
2025-11-19,16,HIGH,26.0,-26.0
2025-11-19,17,MID,53.0,-53.0
2025-11-19,18,HIGH,-270.0,270.0
2025-11-19,19,MID,-65.25,65.25
2025-11-20,13,MID,-43.75,43.75
2025-11-20,14,MID,-126.75,126.75
2025-11-20,15,HIGH,28.0,-28.0
2025-11-20,16,HIGH,543.5,-543.5
2025-11-20,17,HIGH,72.5,-72.5
2025-11-20,18,HIGH,39.5,-39.5
2025-11-20,19,HIGH,-74.75,74.75
2025-11-21,13,HIGH,-96.0,96.0
2025-11-21,14,HIGH,-546.75,546.75
2025-11-21,15,HIGH,34.0,-34.0
2025-11-21,16,HIGH,169.75,-169.75
2025-11-21,17,HIGH,-251.0,251.0
2025-11-21,18,MID,-41.5,41.5
2025-11-21,19,HIGH,-50.5,50.5
2025-11-24,13,MID,-31.5,31.5
2025-11-24,14,LOW,164.75,-164.75
2025-11-24,15,HIGH,-39.75,39.75
2025-11-24,16,HIGH,26.5,-26.5
2025-11-24,17,MID,16.75,-16.75
2025-11-24,18,MID,-9.5,9.5
2025-11-24,19,LOW,-22.25,22.25
2025-11-25,13,MID,-9.75,9.75
2025-11-25,14,LOW,47.75,-47.75
2025-11-25,15,HIGH,-189.5,189.5
2025-11-25,16,HIGH,33.0,-33.0
2025-11-25,17,MID,59.5,-59.5
2025-11-25,18,HIGH,16.0,-16.0
2025-11-25,19,LOW,0.5,-0.5
2025-11-26,13,LOW,29.0,-29.0
2025-11-26,14,LOW,-45.75,45.75
2025-11-26,15,MID,86.25,-86.25
2025-11-26,16,MID,61.5,-61.5
2025-11-26,17,MID,-46.25,46.25
2025-11-26,18,LOW,-106.5,106.5
2025-11-26,19,LOW,-83.0,83.0
2025-11-27,13,LOW,-11.75,11.75
2025-11-27,14,LOW,-36.25,36.25
2025-11-27,15,LOW,0.0,-0.0
2025-11-27,16,LOW,-7.0,7.0
2025-11-27,17,LOW,0.0,-0.0
2025-11-28,13,LOW,-6.5,6.5
2025-11-28,14,LOW,-144.0,144.0
2025-11-28,15,MID,-40.5,40.5
2025-11-28,16,LOW,-46.75,46.75
2025-11-28,17,LOW,4.0,-4.0
2025-12-01,13,MID,28.75,-28.75
2025-12-01,14,LOW,-105.25,105.25
2025-12-01,15,HIGH,-43.25,43.25
2025-12-01,16,HIGH,-25.75,25.75
2025-12-01,17,MID,-74.0,74.0
2025-12-01,18,LOW,12.25,-12.25
2025-12-01,19,LOW,83.75,-83.75
2025-12-02,13,LOW,-34.25,34.25
2025-12-02,14,LOW,6.25,-6.25
2025-12-02,15,MID,-177.25,177.25
2025-12-02,16,MID,66.25,-66.25
2025-12-02,17,HIGH,-63.25,63.25
2025-12-02,18,MID,34.25,-34.25
2025-12-02,19,MID,49.0,-49.0
2025-12-03,13,LOW,-33.0,33.0
2025-12-03,14,LOW,99.75,-99.75
2025-12-03,15,HIGH,-40.25,40.25
2025-12-03,16,MID,-124.75,124.75
2025-12-03,17,MID,46.0,-46.0
2025-12-03,18,LOW,-49.5,49.5
2025-12-03,19,LOW,22.0,-22.0
2025-12-04,13,LOW,12.0,-12.0
2025-12-04,14,LOW,19.25,-19.25
2025-12-04,15,HIGH,-123.5,123.5
2025-12-04,16,MID,24.0,-24.0
2025-12-04,17,MID,12.75,-12.75
2025-12-04,18,LOW,-62.5,62.5
2025-12-04,19,LOW,-11.75,11.75
2025-12-05,13,LOW,73.25,-73.25
2025-12-05,14,MID,156.25,-156.25
2025-12-05,15,HIGH,-2.75,2.75
2025-12-05,16,HIGH,14.75,-14.75
2025-12-05,17,MID,-15.0,15.0
2025-12-05,18,LOW,-72.5,72.5
2025-12-05,19,LOW,-56.75,56.75
2025-12-08,13,LOW,-60.0,60.0
2025-12-08,14,LOW,-38.0,38.0
2025-12-08,15,MID,26.75,-26.75
2025-12-08,16,MID,-7.25,7.25
2025-12-08,17,LOW,-48.75,48.75
2025-12-08,18,MID,78.0,-78.0
2025-12-08,19,MID,-36.0,36.0
2025-12-09,13,LOW,24.25,-24.25
2025-12-09,14,LOW,-130.5,130.5
2025-12-09,15,MID,-78.75,78.75
2025-12-09,16,LOW,-54.5,54.5
2025-12-09,17,LOW,-49.0,49.0
2025-12-09,18,LOW,-66.0,66.0
2025-12-09,19,LOW,-1.5,1.5
2025-12-10,13,LOW,8.5,-8.5
2025-12-10,14,LOW,21.75,-21.75
2025-12-10,15,MID,-101.25,101.25
2025-12-10,16,MID,39.0,-39.0
2025-12-10,17,MID,-20.0,20.0
2025-12-10,18,LOW,27.75,-27.75
2025-12-10,19,LOW,-104.75,104.75
2025-12-11,13,LOW,34.25,-34.25
2025-12-11,14,LOW,101.5,-101.5
2025-12-11,15,HIGH,95.0,-95.0
2025-12-11,16,HIGH,-90.25,90.25
2025-12-11,17,MID,66.25,-66.25
2025-12-11,18,HIGH,17.0,-17.0
2025-12-11,19,MID,32.0,-32.0
2025-12-12,13,LOW,43.0,-43.0
2025-12-12,14,LOW,53.0,-53.0
2025-12-12,15,MID,268.25,-268.25
2025-12-12,16,HIGH,71.5,-71.5
2025-12-12,17,HIGH,59.25,-59.25
2025-12-12,18,MID,-34.0,34.0
2025-12-12,19,MID,22.25,-22.25
2025-12-15,13,LOW,-13.25,13.25
2025-12-15,14,LOW,38.5,-38.5
2025-12-15,15,HIGH,-45.5,45.5
2025-12-15,16,HIGH,-133.75,133.75
2025-12-15,17,HIGH,-41.5,41.5
2025-12-15,18,MID,-69.75,69.75
2025-12-15,19,MID,-35.5,35.5
2025-12-16,13,LOW,-168.5,168.5
2025-12-16,14,HIGH,-216.75,216.75
2025-12-16,15,HIGH,60.75,-60.75
2025-12-16,16,HIGH,-26.0,26.0
2025-12-16,17,MID,-18.75,18.75
2025-12-16,18,HIGH,49.25,-49.25
2025-12-16,19,HIGH,-46.5,46.5
2025-12-17,13,LOW,-13.0,13.0
2025-12-17,14,MID,62.25,-62.25
2025-12-17,15,HIGH,60.5,-60.5
2025-12-17,16,HIGH,-140.75,140.75
2025-12-17,17,MID,-65.75,65.75
2025-12-17,18,MID,34.25,-34.25
2025-12-17,19,MID,-99.25,99.25
2025-12-18,13,LOW,43.75,-43.75
2025-12-18,14,HIGH,-55.0,55.0
2025-12-18,15,HIGH,4.75,-4.75
2025-12-18,16,HIGH,-57.75,57.75
2025-12-18,17,LOW,8.0,-8.0
2025-12-18,18,HIGH,-63.0,63.0
2025-12-18,19,MID,89.75,-89.75
2025-12-19,13,LOW,27.25,-27.25
2025-12-19,14,LOW,29.75,-29.75
2025-12-19,15,LOW,0.0,-0.0
2025-12-19,16,LOW,0.0,-0.0
2025-12-19,17,LOW,0.0,-0.0
2025-12-19,18,LOW,0.0,-0.0
2025-12-19,19,LOW,0.0,-0.0
2025-12-22,13,LOW,6.75,-6.75
2025-12-22,14,LOW,-62.0,62.0
2025-12-22,15,MID,42.25,-42.25
2025-12-22,16,MID,24.0,-24.0
2025-12-22,17,LOW,-23.5,23.5
2025-12-22,18,LOW,12.75,-12.75
2025-12-22,19,LOW,-45.25,45.25
2025-12-23,13,LOW,45.5,-45.5
2025-12-23,14,LOW,29.25,-29.25
2025-12-23,15,MID,2.5,-2.5
2025-12-23,16,MID,26.25,-26.25
2025-12-23,17,LOW,-0.5,0.5
2025-12-23,18,LOW,6.25,-6.25
2025-12-23,19,LOW,11.0,-11.0
2025-12-24,13,LOW,-1.25,1.25
2025-12-24,14,LOW,-1.25,1.25
2025-12-24,15,LOW,6.75,-6.75
2025-12-24,16,LOW,31.75,-31.75
2025-12-24,17,LOW,-34.75,34.75
2025-12-26,13,LOW,-8.25,8.25
2025-12-26,14,LOW,-94.0,94.0
2025-12-26,15,LOW,-19.0,19.0
2025-12-26,16,LOW,-21.25,21.25
2025-12-26,17,LOW,-27.0,27.0
2025-12-26,18,LOW,-28.25,28.25
2025-12-26,19,LOW,-39.0,39.0
2025-12-29,13,LOW,-23.0,23.0
2025-12-29,14,MID,-12.0,12.0
2025-12-29,15,HIGH,-53.25,53.25
2025-12-29,16,MID,-5.5,5.5
2025-12-29,17,LOW,-17.75,17.75
2025-12-29,18,LOW,-12.5,12.5
2025-12-29,19,LOW,61.75,-61.75
2025-12-30,13,LOW,-22.5,22.5
2025-12-30,14,LOW,-66.25,66.25
2025-12-30,15,MID,-14.25,14.25
2025-12-30,16,LOW,-3.25,3.25
2025-12-30,17,LOW,2.5,-2.5
2025-12-30,18,LOW,2.0,-2.0
2025-12-30,19,LOW,7.0,-7.0
2025-12-31,13,LOW,58.5,-58.5
2025-12-31,14,MID,88.0,-88.0
2025-12-31,15,MID,28.25,-28.25
2025-12-31,16,LOW,26.75,-26.75
2025-12-31,17,LOW,3.5,-3.5
2025-12-31,18,LOW,21.5,-21.5
2025-12-31,19,LOW,74.75,-74.75
2026-01-02,13,LOW,-0.75,0.75
2026-01-02,14,LOW,-227.0,227.0
2026-01-02,15,HIGH,362.75,-362.75
2026-01-02,16,HIGH,-168.0,168.0
2026-01-02,17,MID,-62.0,62.0
2026-01-02,18,MID,-143.0,143.0
2026-01-02,19,MID,15.25,-15.25
2026-01-05,13,LOW,-72.75,72.75
2026-01-05,14,LOW,-154.75,154.75
2026-01-05,15,MID,49.0,-49.0
2026-01-05,16,MID,-11.25,11.25
2026-01-05,17,LOW,26.5,-26.5
2026-01-05,18,LOW,-7.25,7.25
2026-01-05,19,LOW,26.25,-26.25
2026-01-06,13,LOW,8.75,-8.75
2026-01-06,14,LOW,94.5,-94.5
2026-01-06,15,HIGH,-6.5,6.5
2026-01-06,16,MID,-82.75,82.75
2026-01-06,17,LOW,62.0,-62.0
2026-01-06,18,MID,32.75,-32.75
2026-01-06,19,LOW,-34.0,34.0
2026-01-07,13,LOW,19.5,-19.5
2026-01-07,14,LOW,40.5,-40.5
2026-01-07,15,MID,33.5,-33.5
2026-01-07,16,MID,-8.5,8.5
2026-01-07,17,MID,-16.5,16.5
2026-01-07,18,LOW,-53.5,53.5
2026-01-07,19,LOW,38.25,-38.25
2026-01-08,13,LOW,26.5,-26.5
2026-01-08,14,LOW,109.0,-109.0
2026-01-08,15,HIGH,74.0,-74.0
2026-01-08,16,MID,-3.5,3.5
2026-01-08,17,MID,-86.75,86.75
2026-01-08,18,LOW,34.25,-34.25
2026-01-08,19,LOW,-136.75,136.75
2026-01-09,13,LOW,-26.0,26.0
2026-01-09,14,MID,63.0,-63.0
2026-01-09,15,HIGH,-44.5,44.5
2026-01-09,16,HIGH,57.5,-57.5
2026-01-09,17,MID,-52.75,52.75
2026-01-09,18,LOW,-27.25,27.25
2026-01-09,19,MID,-11.75,11.75
2026-01-12,13,LOW,-16.0,16.0
2026-01-12,14,LOW,42.75,-42.75
2026-01-12,15,HIGH,-86.75,86.75
2026-01-12,16,LOW,40.5,-40.5
2026-01-12,17,LOW,-57.25,57.25
2026-01-12,18,LOW,0.25,-0.25
2026-01-12,19,LOW,24.0,-24.0
2026-01-13,13,LOW,61.75,-61.75
2026-01-13,14,HIGH,-178.75,178.75
2026-01-13,15,MID,57.25,-57.25
2026-01-13,16,HIGH,98.5,-98.5
2026-01-13,17,HIGH,117.75,-117.75
2026-01-13,18,HIGH,-44.5,44.5
2026-01-13,19,LOW,-28.5,28.5
2026-01-14,13,LOW,-37.75,37.75
2026-01-14,14,LOW,91.0,-91.0
2026-01-14,15,HIGH,3.25,-3.25
2026-01-14,16,HIGH,-13.0,13.0
2026-01-14,17,HIGH,-188.75,188.75
2026-01-14,18,LOW,-16.0,16.0
2026-01-14,19,MID,-49.75,49.75
2026-01-15,13,LOW,7.0,-7.0
2026-01-15,14,LOW,-184.25,184.25
2026-01-15,15,MID,-196.0,196.0
2026-01-15,16,MID,18.75,-18.75
2026-01-15,17,LOW,59.25,-59.25
2026-01-15,18,MID,14.25,-14.25
2026-01-15,19,LOW,97.5,-97.5
2026-01-16,13,LOW,-11.25,11.25
2026-01-16,14,LOW,66.0,-66.0
2026-01-16,15,HIGH,-30.25,30.25
2026-01-16,16,HIGH,-19.0,19.0
2026-01-16,17,MID,-7.75,7.75
2026-01-16,18,LOW,31.0,-31.0
2026-01-16,19,LOW,-62.0,62.0
2026-01-19,13,LOW,-27.5,27.5
2026-01-19,14,LOW,3.25,-3.25
2026-01-19,15,MID,-108.0,108.0
2026-01-19,16,LOW,33.25,-33.25
2026-01-19,17,LOW,11.25,-11.25
2026-01-20,13,MID,34.25,-34.25
2026-01-20,14,MID,45.75,-45.75
2026-01-20,15,HIGH,-107.25,107.25
2026-01-20,16,HIGH,-222.5,222.5
2026-01-20,17,MID,90.0,-90.0
2026-01-20,18,HIGH,33.0,-33.0
2026-01-20,19,MID,39.25,-39.25
2026-01-21,13,LOW,-69.5,69.5
2026-01-21,14,MID,163.5,-163.5
2026-01-21,15,HIGH,48.25,-48.25
2026-01-21,16,HIGH,174.5,-174.5
2026-01-21,17,HIGH,-24.25,24.25
2026-01-21,18,MID,-21.25,21.25
2026-01-21,19,MID,150.5,-150.5
2026-01-22,13,LOW,-34.5,34.5
2026-01-22,14,LOW,134.0,-134.0
2026-01-22,15,HIGH,-148.5,148.5
2026-01-22,16,MID,-1.75,1.75
2026-01-22,17,MID,34.75,-34.75
2026-01-22,18,LOW,25.75,-25.75
2026-01-22,19,LOW,-7.5,7.5
2026-01-23,13,LOW,5.0,-5.0
2026-01-23,14,LOW,91.75,-91.75
2026-01-23,15,MID,132.0,-132.0
2026-01-23,16,HIGH,9.0,-9.0
2026-01-23,17,LOW,36.0,-36.0
2026-01-23,18,MID,4.5,-4.5
2026-01-23,19,LOW,-2.75,2.75
2026-01-26,13,LOW,-31.5,31.5
2026-01-26,14,LOW,104.0,-104.0
2026-01-26,15,HIGH,-5.25,5.25
2026-01-26,16,MID,-21.75,21.75
2026-01-26,17,LOW,-27.25,27.25
2026-01-26,18,LOW,1.0,-1.0
2026-01-26,19,LOW,-60.5,60.5
2026-01-27,13,LOW,4.75,-4.75
2026-01-27,14,LOW,-6.75,6.75
2026-01-27,15,MID,-67.25,67.25
2026-01-27,16,LOW,-44.25,44.25
2026-01-27,17,LOW,5.5,-5.5
2026-01-27,18,LOW,21.0,-21.0
2026-01-27,19,LOW,-6.75,6.75
2026-01-28,13,LOW,-38.0,38.0
2026-01-28,14,LOW,-158.75,158.75
2026-01-28,15,MID,78.5,-78.5
2026-01-28,16,MID,12.75,-12.75
2026-01-28,17,MID,4.5,-4.5
2026-01-28,18,LOW,-17.75,17.75
2026-01-28,19,LOW,-82.0,82.0
2026-01-29,13,LOW,-30.5,30.5
2026-01-29,14,LOW,316.5,-316.5
2026-01-29,15,HIGH,135.0,-135.0
2026-01-29,16,HIGH,57.5,-57.5
2026-01-29,17,HIGH,10.5,-10.5
2026-01-29,18,HIGH,49.75,-49.75
2026-01-29,19,MID,-1.5,1.5
2026-01-30,13,LOW,-21.0,21.0
2026-01-30,14,MID,-255.75,255.75
2026-01-30,15,MID,-226.0,226.0
2026-01-30,16,HIGH,-12.75,12.75
2026-01-30,17,MID,-79.5,79.5
2026-01-30,18,MID,-59.5,59.5
2026-01-30,19,HIGH,20.5,-20.5
2026-02-02,13,LOW,-39.5,39.5
2026-02-02,14,LOW,1.0,-1.0
2026-02-02,15,HIGH,85.75,-85.75
2026-02-02,16,HIGH,30.75,-30.75
2026-02-02,17,MID,5.75,-5.75
2026-02-02,18,LOW,-27.25,27.25
2026-02-02,19,LOW,77.25,-77.25
2026-02-03,13,LOW,-23.25,23.25
2026-02-03,14,LOW,284.25,-284.25
2026-02-03,15,HIGH,-120.25,120.25
2026-02-03,16,HIGH,96.0,-96.0
2026-02-03,17,HIGH,85.25,-85.25
2026-02-03,18,HIGH,43.5,-43.5
2026-02-03,19,HIGH,9.25,-9.25
2026-02-04,13,MID,2.25,-2.25
2026-02-04,14,LOW,-72.5,72.5
2026-02-04,15,HIGH,-321.0,321.0
2026-02-04,16,HIGH,80.5,-80.5
2026-02-04,17,HIGH,82.0,-82.0
2026-02-04,18,HIGH,-128.5,128.5
2026-02-04,19,MID,1.75,-1.75
2026-02-05,13,HIGH,-263.75,263.75
2026-02-05,14,MID,-156.75,156.75
2026-02-05,15,HIGH,65.0,-65.0
2026-02-05,16,HIGH,119.0,-119.0
2026-02-05,17,HIGH,-106.75,106.75
2026-02-05,18,HIGH,30.5,-30.5
2026-02-05,19,HIGH,-169.75,169.75
2026-02-06,13,MID,-63.75,63.75
2026-02-06,14,MID,-92.5,92.5
2026-02-06,15,HIGH,-275.0,275.0
2026-02-06,16,HIGH,84.75,-84.75
2026-02-06,17,HIGH,83.75,-83.75
2026-02-06,18,MID,-17.75,17.75
2026-02-06,19,LOW,-80.0,80.0
2026-02-09,13,MID,-6.0,6.0
2026-02-09,14,LOW,-60.5,60.5
2026-02-09,15,HIGH,163.5,-163.5
2026-02-09,16,HIGH,26.5,-26.5
2026-02-09,17,MID,-4.0,4.0
2026-02-09,18,LOW,-64.25,64.25
2026-02-09,19,LOW,14.25,-14.25
2026-02-10,13,LOW,-9.0,9.0
2026-02-10,14,LOW,-77.25,77.25
2026-02-10,15,HIGH,-167.5,167.5
2026-02-10,16,MID,36.0,-36.0
2026-02-10,17,LOW,23.25,-23.25
2026-02-10,18,MID,44.75,-44.75
2026-02-10,19,MID,-30.0,30.0
2026-02-11,13,LOW,182.75,-182.75
2026-02-11,14,HIGH,33.25,-33.25
2026-02-11,15,HIGH,-10.75,10.75
2026-02-11,16,HIGH,-125.5,125.5
2026-02-11,17,MID,35.5,-35.5
2026-02-11,18,HIGH,-3.75,3.75
2026-02-11,19,MID,-136.75,136.75
2026-02-12,13,LOW,-3.0,3.0
2026-02-12,14,MID,168.25,-168.25
2026-02-12,15,HIGH,35.0,-35.0
2026-02-12,16,HIGH,122.0,-122.0
2026-02-12,17,HIGH,-48.5,48.5
2026-02-12,18,MID,72.5,-72.5
2026-02-12,19,MID,-64.5,64.5
2026-02-13,13,LOW,4.0,-4.0
2026-02-13,14,HIGH,-20.5,20.5
2026-02-13,15,HIGH,-337.5,337.5
2026-02-13,16,HIGH,-137.5,137.5
2026-02-13,17,HIGH,21.0,-21.0
2026-02-13,18,MID,-94.0,94.0
2026-02-13,19,MID,7.5,-7.5
2026-02-16,13,LOW,-22.25,22.25
2026-02-16,14,LOW,57.25,-57.25
2026-02-16,15,HIGH,82.25,-82.25
2026-02-16,16,MID,-65.5,65.5
2026-02-16,17,LOW,7.5,-7.5
2026-02-17,13,MID,-25.75,25.75
2026-02-17,14,HIGH,40.75,-40.75
2026-02-17,15,HIGH,-67.75,67.75
2026-02-17,16,HIGH,106.0,-106.0
2026-02-17,17,HIGH,-155.0,155.0
2026-02-17,18,HIGH,84.0,-84.0
2026-02-17,19,HIGH,-24.25,24.25
2026-02-18,13,MID,-34.0,34.0
2026-02-18,14,MID,-62.25,62.25
2026-02-18,15,HIGH,115.0,-115.0
2026-02-18,16,HIGH,-14.25,14.25
2026-02-18,17,LOW,18.5,-18.5
2026-02-18,18,LOW,50.25,-50.25
2026-02-18,19,MID,129.75,-129.75
2026-02-19,13,LOW,-6.25,6.25
2026-02-19,14,LOW,-48.75,48.75
2026-02-19,15,HIGH,28.25,-28.25
2026-02-19,16,MID,-34.25,34.25
2026-02-19,17,HIGH,-36.0,36.0
2026-02-19,18,MID,-99.25,99.25
2026-02-19,19,MID,-7.25,7.25
2026-02-20,13,LOW,-37.25,37.25
2026-02-20,14,MID,43.75,-43.75
2026-02-20,15,HIGH,-314.0,314.0
2026-02-20,16,HIGH,-72.5,72.5
2026-02-20,17,HIGH,45.0,-45.0
2026-02-20,18,HIGH,-10.25,10.25
2026-02-20,19,HIGH,70.5,-70.5
2026-02-23,13,LOW,12.75,-12.75
2026-02-23,14,LOW,-60.75,60.75
2026-02-23,15,HIGH,10.0,-10.0
2026-02-23,16,HIGH,-125.25,125.25
2026-02-23,17,MID,-11.5,11.5
2026-02-23,18,MID,-14.0,14.0
2026-02-23,19,MID,32.25,-32.25
2026-02-24,13,MID,34.0,-34.0
2026-02-24,14,LOW,-85.0,85.0
2026-02-24,15,HIGH,125.5,-125.5
2026-02-24,16,HIGH,-13.0,13.0
2026-02-24,17,LOW,10.25,-10.25
2026-02-24,18,LOW,-36.25,36.25
2026-02-24,19,LOW,-8.5,8.5
2026-02-25,13,LOW,-60.0,60.0
2026-02-25,14,LOW,30.75,-30.75
2026-02-25,15,HIGH,25.0,-25.0
2026-02-25,16,MID,-32.75,32.75
2026-02-25,17,LOW,22.5,-22.5
2026-02-25,18,LOW,-9.75,9.75
2026-02-25,19,LOW,3.5,-3.5
2026-02-26,13,LOW,-39.75,39.75
2026-02-26,14,LOW,179.5,-179.5
2026-02-26,15,HIGH,143.75,-143.75
2026-02-26,16,HIGH,-21.75,21.75
2026-02-26,17,MID,-33.5,33.5
2026-02-26,18,MID,3.0,-3.0
2026-02-26,19,MID,52.5,-52.5
2026-02-27,13,MID,11.25,-11.25
2026-02-27,14,MID,-250.75,250.75
2026-02-27,15,HIGH,67.25,-67.25
2026-02-27,16,HIGH,-237.75,237.75
2026-02-27,17,MID,11.75,-11.75
2026-02-27,18,MID,25.5,-25.5
2026-02-27,19,LOW,-29.5,29.5
2026-03-02,13,MID,-19.75,19.75
2026-03-02,14,MID,218.75,-218.75
2026-03-02,15,HIGH,46.0,-46.0
2026-03-02,16,HIGH,31.75,-31.75
2026-03-02,17,HIGH,-41.25,41.25
2026-03-02,18,LOW,73.75,-73.75
2026-03-02,19,MID,97.75,-97.75
2026-03-03,13,MID,68.25,-68.25
2026-03-03,14,MID,-85.25,85.25
2026-03-03,15,HIGH,39.0,-39.0
2026-03-03,16,HIGH,194.25,-194.25
2026-03-03,17,HIGH,-214.5,214.5
2026-03-03,18,MID,33.0,-33.0
2026-03-03,19,HIGH,-137.75,137.75
2026-03-04,13,MID,65.5,-65.5
2026-03-04,14,MID,-253.0,253.0
2026-03-04,15,HIGH,98.0,-98.0
2026-03-04,16,HIGH,-82.75,82.75
2026-03-04,17,MID,-58.25,58.25
2026-03-04,18,LOW,-42.75,42.75
2026-03-04,19,LOW,-16.75,16.75
2026-03-05,13,MID,57.0,-57.0
2026-03-05,14,MID,98.25,-98.25
2026-03-05,15,HIGH,100.75,-100.75
2026-03-05,16,HIGH,11.5,-11.5
2026-03-05,17,HIGH,153.5,-153.5
2026-03-05,18,HIGH,-221.75,221.75
2026-03-05,19,MID,-53.25,53.25
2026-03-06,13,LOW,22.5,-22.5
2026-03-06,14,HIGH,-25.5,25.5
2026-03-06,15,MID,22.75,-22.75
2026-03-06,16,HIGH,-148.75,148.75
2026-03-06,17,MID,11.25,-11.25
2026-03-06,18,HIGH,-25.75,25.75
2026-03-06,19,MID,-175.5,175.5
2026-03-09,13,MID,-111.0,111.0
2026-03-09,14,HIGH,-226.75,226.75
2026-03-09,15,HIGH,61.0,-61.0
2026-03-09,16,MID,41.0,-41.0
2026-03-09,17,MID,71.75,-71.75
2026-03-09,18,MID,12.0,-12.0
2026-03-09,19,MID,288.25,-288.25
2026-03-10,13,MID,-218.75,218.75
2026-03-10,14,MID,91.75,-91.75
2026-03-10,15,HIGH,-43.25,43.25
2026-03-10,16,LOW,-100.25,100.25
2026-03-10,17,MID,-79.75,79.75
2026-03-10,18,MID,123.0,-123.0
2026-03-10,19,HIGH,-36.0,36.0
2026-03-11,13,MID,122.5,-122.5
2026-03-11,14,HIGH,81.75,-81.75
2026-03-11,15,HIGH,127.75,-127.75
2026-03-11,16,HIGH,-16.5,16.5
2026-03-11,17,MID,54.75,-54.75
2026-03-11,18,HIGH,-84.25,84.25
2026-03-11,19,MID,-31.0,31.0
2026-03-12,13,LOW,98.5,-98.5
2026-03-12,14,HIGH,27.5,-27.5
2026-03-12,15,HIGH,-206.5,206.5
2026-03-12,16,HIGH,-394.75,394.75
2026-03-12,17,MID,-136.25,136.25
2026-03-12,18,MID,-15.5,15.5
2026-03-12,19,LOW,-46.25,46.25
2026-03-13,13,MID,-12.5,12.5
2026-03-13,14,HIGH,206.75,-206.75
2026-03-13,15,HIGH,18.25,-18.25
2026-03-13,16,HIGH,-82.5,82.5
2026-03-13,17,MID,-47.25,47.25
2026-03-13,18,MID,54.75,-54.75
2026-03-13,19,MID,27.0,-27.0
2026-03-16,13,LOW,-7.75,7.75
2026-03-16,14,MID,-40.25,40.25
2026-03-16,15,HIGH,-52.75,52.75
2026-03-16,16,MID,0.25,-0.25
2026-03-16,17,MID,21.0,-21.0
2026-03-16,18,LOW,4.5,-4.5
2026-03-16,19,LOW,-209.0,209.0
2026-03-17,13,MID,133.75,-133.75
2026-03-17,14,HIGH,-14.25,14.25
2026-03-17,15,MID,71.25,-71.25
2026-03-17,16,MID,-26.75,26.75
2026-03-17,17,LOW,-72.5,72.5
2026-03-17,18,LOW,-12.75,12.75
2026-03-17,19,LOW,-54.25,54.25
2026-03-18,13,HIGH,43.5,-43.5
2026-03-18,14,MID,-41.25,41.25
2026-03-18,15,HIGH,-94.0,94.0
2026-03-18,16,LOW,-33.5,33.5
2026-03-18,17,LOW,-25.75,25.75
2026-03-18,18,MID,149.5,-149.5
2026-03-18,19,HIGH,49.75,-49.75
2026-03-19,13,MID,-53.0,53.0
2026-03-19,14,HIGH,-138.75,138.75
2026-03-19,15,MID,-35.5,35.5
2026-03-19,16,HIGH,-107.5,107.5
2026-03-19,17,MID,-57.25,57.25
2026-03-19,18,MID,-53.75,53.75
2026-03-19,19,MID,-1.25,1.25
2026-03-20,13,LOW,110.75,-110.75
2026-03-20,14,HIGH,-216.25,216.25
2026-03-20,15,MID,-125.0,125.0
2026-03-20,16,MID,-2.5,2.5
2026-03-20,17,MID,18.0,-18.0
2026-03-20,18,MID,96.25,-96.25
2026-03-20,19,HIGH,-17.75,17.75
2026-03-23,13,HIGH,6.25,-6.25
2026-03-23,14,HIGH,-140.0,140.0
2026-03-23,15,HIGH,181.75,-181.75
2026-03-23,16,HIGH,-137.0,137.0
2026-03-23,17,HIGH,-21.25,21.25
2026-03-23,18,HIGH,-104.75,104.75
2026-03-23,19,MID,-23.75,23.75
2026-03-24,13,MID,-127.75,127.75
2026-03-24,14,HIGH,-301.75,301.75
2026-03-24,15,HIGH,-8.0,8.0
2026-03-24,16,MID,-90.0,90.0
2026-03-24,17,MID,26.25,-26.25
2026-03-24,18,MID,-29.0,29.0
2026-03-24,19,MID,13.0,-13.0
2026-03-25,13,HIGH,-12.5,12.5
2026-03-25,14,HIGH,109.0,-109.0
2026-03-25,15,HIGH,53.25,-53.25
2026-03-25,16,HIGH,-64.0,64.0
2026-03-25,17,MID,-178.0,178.0
2026-03-25,18,MID,23.75,-23.75
2026-03-25,19,MID,-4.25,4.25
2026-03-26,13,LOW,-61.25,61.25
2026-03-26,14,HIGH,-113.75,113.75
2026-03-26,15,HIGH,-0.75,0.75
2026-03-26,16,LOW,80.25,-80.25
2026-03-26,17,MID,133.75,-133.75
2026-03-26,18,HIGH,-13.0,13.0
2026-03-26,19,LOW,74.5,-74.5
2026-03-27,13,LOW,-67.25,67.25
2026-03-27,14,HIGH,-141.75,141.75
2026-03-27,15,MID,-97.5,97.5
2026-03-27,16,HIGH,50.75,-50.75
2026-03-27,17,MID,9.25,-9.25
2026-03-27,18,HIGH,7.0,-7.0
2026-03-27,19,LOW,-32.75,32.75
2026-03-30,13,MID,137.0,-137.0
2026-03-30,14,HIGH,-164.75,164.75
2026-03-30,15,MID,-176.5,176.5
2026-03-30,16,HIGH,47.75,-47.75
2026-03-30,17,MID,70.25,-70.25
2026-03-30,18,MID,65.5,-65.5
2026-03-30,19,MID,-19.0,19.0
2026-03-31,13,MID,149.5,-149.5
2026-03-31,14,HIGH,135.5,-135.5
2026-03-31,15,HIGH,2.5,-2.5
2026-03-31,16,HIGH,280.0,-280.0
2026-03-31,17,HIGH,-247.25,247.25
2026-03-31,18,MID,59.5,-59.5
2026-03-31,19,MID,7.25,-7.25
2026-04-01,13,HIGH,17.75,-17.75
2026-04-01,14,HIGH,111.75,-111.75
2026-04-01,15,HIGH,-27.25,27.25
2026-04-01,16,MID,-121.75,121.75
2026-04-01,17,LOW,6.75,-6.75
2026-04-01,18,LOW,76.25,-76.25
2026-04-01,19,HIGH,9.0,-9.0
2026-04-02,13,MID,-5.25,5.25
2026-04-02,14,HIGH,157.0,-157.0
2026-04-02,15,HIGH,-115.75,115.75
2026-04-02,16,MID,-90.5,90.5
2026-04-02,17,MID,-42.25,42.25
2026-04-02,18,MID,16.75,-16.75
2026-04-02,19,LOW,61.75,-61.75
2026-04-06,13,LOW,-134.0,134.0
2026-04-06,14,HIGH,58.5,-58.5
2026-04-06,15,HIGH,-95.75,95.75
2026-04-06,16,MID,-64.5,64.5
2026-04-06,17,LOW,-30.0,30.0
2026-04-06,18,MID,50.25,-50.25
2026-04-06,19,MID,-76.75,76.75
2026-04-07,13,MID,51.75,-51.75
2026-04-07,14,HIGH,-87.25,87.25
2026-04-07,15,HIGH,71.5,-71.5
2026-04-07,16,HIGH,11.5,-11.5
2026-04-07,17,MID,-65.25,65.25
2026-04-07,18,MID,117.25,-117.25
2026-04-07,19,HIGH,247.5,-247.5
2026-04-08,13,MID,96.5,-96.5
2026-04-08,14,HIGH,56.75,-56.75
2026-04-08,15,HIGH,56.5,-56.5
2026-04-08,16,MID,-17.75,17.75
2026-04-08,17,MID,38.5,-38.5
2026-04-08,18,MID,93.0,-93.0
2026-04-08,19,HIGH,113.5,-113.5
2026-04-09,13,LOW,-123.75,123.75
2026-04-09,14,MID,-78.25,78.25
2026-04-09,15,MID,103.5,-103.5
2026-04-09,16,HIGH,-46.25,46.25
2026-04-09,17,MID,16.5,-16.5
2026-04-09,18,LOW,13.0,-13.0
2026-04-09,19,MID,51.25,-51.25
2026-04-10,13,MID,4.25,-4.25
2026-04-10,14,LOW,10.0,-10.0
2026-04-10,15,MID,38.75,-38.75
2026-04-10,16,HIGH,-73.0,73.0
2026-04-10,17,LOW,-16.0,16.0
2026-04-10,18,LOW,-11.5,11.5
2026-04-10,19,LOW,2.0,-2.0
2026-04-13,13,MID,91.25,-91.25
2026-04-13,14,HIGH,-33.5,33.5
2026-04-13,15,MID,-89.0,89.0
2026-04-13,16,LOW,42.0,-42.0
2026-04-13,17,HIGH,-40.25,40.25
2026-04-13,18,LOW,-3.5,3.5
2026-04-13,19,LOW,32.75,-32.75
2026-04-14,13,LOW,-0.5,0.5
2026-04-14,14,MID,63.0,-63.0
2026-04-14,15,MID,36.25,-36.25
2026-04-14,16,MID,20.75,-20.75
2026-04-14,17,LOW,23.0,-23.0
2026-04-14,18,LOW,26.75,-26.75
2026-04-14,19,LOW,64.25,-64.25
2026-04-15,13,LOW,64.5,-64.5
2026-04-15,14,MID,93.5,-93.5
2026-04-15,15,MID,-51.5,51.5
2026-04-15,16,LOW,-8.5,8.5
2026-04-15,17,HIGH,-0.75,0.75
2026-04-15,18,LOW,113.25,-113.25
2026-04-15,19,MID,47.75,-47.75
2026-04-16,13,LOW,6.75,-6.75
2026-04-16,14,HIGH,81.25,-81.25
2026-04-16,15,MID,104.5,-104.5
2026-04-16,16,MID,-4.0,4.0
2026-04-16,17,MID,-107.0,107.0
2026-04-16,18,LOW,16.25,-16.25
2026-04-16,19,MID,-27.75,27.75
2026-04-17,13,HIGH,-165.0,165.0
2026-04-17,14,HIGH,-1.5,1.5
2026-04-17,15,HIGH,-26.25,26.25
2026-04-17,16,LOW,43.25,-43.25
2026-04-17,17,MID,-32.75,32.75
2026-04-17,18,MID,12.5,-12.5
2026-04-17,19,LOW,-1.0,1.0
2026-04-20,13,LOW,-75.0,75.0
2026-04-20,14,MID,130.0,-130.0
2026-04-20,15,HIGH,-56.25,56.25
2026-04-20,16,MID,-13.0,13.0
2026-04-20,17,LOW,13.75,-13.75
2026-04-20,18,LOW,10.25,-10.25
2026-04-20,19,LOW,-21.75,21.75
2026-04-21,13,LOW,-27.25,27.25
2026-04-21,14,MID,37.5,-37.5
2026-04-21,15,HIGH,-81.5,81.5
2026-04-21,16,MID,74.0,-74.0
2026-04-21,17,MID,-87.75,87.75
2026-04-21,18,HIGH,-63.5,63.5
2026-04-21,19,MID,32.75,-32.75
2026-04-22,13,LOW,24.75,-24.75
2026-04-22,14,LOW,24.25,-24.25
2026-04-22,15,HIGH,7.0,-7.0
2026-04-22,16,LOW,-37.5,37.5
2026-04-22,17,LOW,38.0,-38.0
2026-04-22,18,LOW,10.75,-10.75
2026-04-22,19,LOW,74.5,-74.5
2026-04-23,13,MID,-76.25,76.25
2026-04-23,14,MID,86.0,-86.0
2026-04-23,15,MID,-61.5,61.5
2026-04-23,16,MID,-50.0,50.0
2026-04-23,17,LOW,149.0,-149.0
2026-04-23,18,HIGH,-47.75,47.75
2026-04-23,19,MID,16.5,-16.5
2026-04-24,13,MID,-167.5,167.5
2026-04-24,14,MID,86.75,-86.75
2026-04-24,15,MID,88.75,-88.75
2026-04-24,16,MID,-28.0,28.0
2026-04-24,17,LOW,-32.5,32.5
2026-04-24,18,MID,-32.75,32.75
2026-04-24,19,LOW,-48.5,48.5
2026-04-27,13,MID,6.5,-6.5
2026-04-27,14,MID,13.25,-13.25
2026-04-27,15,MID,-8.5,8.5
2026-04-27,16,LOW,-16.0,16.0
2026-04-27,17,LOW,-32.75,32.75
2026-04-27,18,LOW,14.5,-14.5
2026-04-27,19,LOW,2.25,-2.25
2026-04-28,13,MID,-27.75,27.75
2026-04-28,14,HIGH,19.25,-19.25
2026-04-28,15,HIGH,35.75,-35.75
2026-04-28,16,MID,-50.75,50.75
2026-04-28,17,LOW,-13.0,13.0
2026-04-28,18,MID,15.75,-15.75
2026-04-28,19,LOW,-21.25,21.25
2026-04-29,13,LOW,-30.5,30.5
2026-04-29,14,MID,12.5,-12.5
2026-04-29,15,MID,50.0,-50.0
2026-04-29,16,MID,-32.75,32.75
2026-04-29,17,MID,-0.75,0.75
2026-04-29,18,LOW,-42.0,42.0
2026-04-29,19,MID,-80.0,80.0
2026-04-30,13,MID,254.75,-254.75
2026-04-30,14,HIGH,-85.75,85.75
2026-04-30,15,HIGH,-136.0,136.0
2026-04-30,16,MID,-57.25,57.25
2026-04-30,17,MID,122.0,-122.0
2026-04-30,18,HIGH,-47.0,47.0
2026-04-30,19,LOW,2.5,-2.5
2026-05-01,13,LOW,294.0,-294.0
2026-05-01,14,HIGH,-12.75,12.75
2026-05-01,15,HIGH,29.5,-29.5
2026-05-01,16,HIGH,42.25,-42.25
2026-05-01,17,MID,31.25,-31.25
2026-05-01,18,LOW,48.0,-48.0
2026-05-01,19,MID,3.75,-3.75
2026-05-04,13,LOW,52.75,-52.75
2026-05-04,14,MID,-110.0,110.0
2026-05-04,15,MID,151.5,-151.5
2026-05-04,16,HIGH,12.0,-12.0
2026-05-04,17,MID,58.75,-58.75
2026-05-04,18,MID,-7.75,7.75
2026-05-04,19,MID,-24.25,24.25
2026-05-05,13,LOW,90.75,-90.75
2026-05-05,14,MID,-83.75,83.75
2026-05-05,15,MID,17.5,-17.5
2026-05-05,16,LOW,-59.0,59.0
2026-05-05,17,LOW,-3.0,3.0
2026-05-05,18,LOW,-3.25,3.25
2026-05-05,19,LOW,-1.25,1.25
2026-05-06,13,MID,-131.25,131.25
2026-05-06,14,HIGH,-82.0,82.0
2026-05-06,15,HIGH,-51.0,51.0
2026-05-06,16,LOW,-27.5,27.5
2026-05-06,17,MID,54.75,-54.75
2026-05-06,18,LOW,27.0,-27.0
2026-05-06,19,LOW,54.5,-54.5
2026-05-07,13,LOW,-126.0,126.0
2026-05-07,14,MID,118.0,-118.0
2026-05-07,15,HIGH,114.5,-114.5
2026-05-07,16,HIGH,60.25,-60.25
2026-05-07,17,HIGH,-9.5,9.5
2026-05-07,18,HIGH,-16.25,16.25
2026-05-07,19,MID,-96.5,96.5
2026-05-08,13,MID,158.5,-158.5
2026-05-08,14,HIGH,-152.5,152.5
2026-05-08,15,MID,-25.25,25.25
2026-05-08,16,MID,26.75,-26.75
2026-05-08,17,LOW,-2.25,2.25
2026-05-08,18,MID,3.5,-3.5
2026-05-08,19,LOW,47.25,-47.25
2026-05-11,13,MID,-90.25,90.25
2026-05-11,14,HIGH,-48.75,48.75
2026-05-11,15,HIGH,23.0,-23.0
2026-05-11,16,MID,23.5,-23.5
2026-05-11,17,MID,-25.25,25.25
2026-05-11,18,MID,1.0,-1.0
2026-05-11,19,MID,-88.25,88.25
2026-05-12,13,MID,-123.0,123.0
2026-05-12,14,HIGH,-36.25,36.25
2026-05-12,15,HIGH,104.0,-104.0
2026-05-12,16,HIGH,17.25,-17.25
2026-05-12,17,HIGH,125.75,-125.75
2026-05-12,18,HIGH,22.0,-22.0
2026-05-12,19,MID,171.75,-171.75
2026-05-13,13,HIGH,-4.0,4.0
2026-05-13,14,HIGH,33.25,-33.25
2026-05-13,15,HIGH,-77.0,77.0
2026-05-13,16,MID,106.75,-106.75
2026-05-13,17,HIGH,-46.25,46.25
2026-05-13,18,LOW,10.5,-10.5
2026-05-13,19,MID,-62.0,62.0
2026-05-14,13,MID,-105.0,105.0
2026-05-14,14,HIGH,-26.75,26.75
2026-05-14,15,HIGH,60.5,-60.5
2026-05-14,16,MID,-102.0,102.0
2026-05-14,17,MID,-13.0,13.0
2026-05-14,18,HIGH,-59.0,59.0
2026-05-14,19,MID,24.0,-24.0
2026-05-15,13,MID,-170.0,170.0
2026-05-15,14,HIGH,99.5,-99.5
2026-05-15,15,HIGH,-110.5,110.5
2026-05-15,16,HIGH,-49.5,49.5
2026-05-15,17,MID,113.5,-113.5
2026-05-15,18,MID,-33.25,33.25
2026-05-15,19,HIGH,121.75,-121.75
2026-05-18,13,HIGH,98.75,-98.75
2026-05-18,14,HIGH,14.25,-14.25
2026-05-18,15,HIGH,77.75,-77.75
2026-05-18,16,HIGH,-141.25,141.25
2026-05-18,17,HIGH,-45.0,45.0
2026-05-18,18,LOW,133.5,-133.5
2026-05-18,19,HIGH,53.75,-53.75
2026-05-19,13,MID,-231.0,231.0
2026-05-19,14,HIGH,120.25,-120.25
2026-05-19,15,HIGH,-346.25,346.25
2026-05-19,16,MID,98.25,-98.25
2026-05-19,17,HIGH,36.25,-36.25
2026-05-19,18,MID,62.25,-62.25
2026-05-19,19,HIGH,-81.25,81.25
2026-05-20,13,MID,-277.0,277.0
2026-05-20,14,HIGH,-21.75,21.75
2026-05-20,15,HIGH,-103.0,103.0
2026-05-20,16,HIGH,47.75,-47.75
2026-05-20,17,MID,-54.5,54.5
2026-05-20,18,LOW,-120.75,120.75
2026-05-20,19,LOW,29.75,-29.75
2026-05-21,13,MID,-203.0,203.0
2026-05-21,14,MID,-34.25,34.25
2026-05-21,15,HIGH,-114.5,114.5
2026-05-21,16,HIGH,-52.25,52.25
2026-05-21,17,MID,206.75,-206.75
2026-05-21,18,HIGH,161.75,-161.75
2026-05-21,19,HIGH,74.5,-74.5
2026-05-22,13,MID,62.0,-62.0
2026-05-22,14,HIGH,1.0,-1.0
2026-05-22,15,HIGH,24.25,-24.25
2026-05-22,16,LOW,-51.75,51.75
2026-05-22,17,LOW,-136.0,136.0
2026-05-22,18,MID,-28.5,28.5
2026-05-22,19,LOW,59.0,-59.0
2026-05-25,13,LOW,38.0,-38.0
2026-05-25,14,LOW,43.75,-43.75
2026-05-25,15,MID,-44.75,44.75
2026-05-25,16,LOW,29.25,-29.25
2026-05-26,13,LOW,-19.0,19.0
2026-05-26,14,HIGH,-23.5,23.5
2026-05-26,15,MID,115.5,-115.5
2026-05-26,16,HIGH,14.5,-14.5
2026-05-26,17,MID,-126.0,126.0
2026-05-26,18,LOW,12.25,-12.25
2026-05-26,19,LOW,53.75,-53.75
2026-05-27,13,MID,193.5,-193.5
2026-05-27,14,HIGH,37.75,-37.75
2026-05-27,15,HIGH,-70.0,70.0
2026-05-27,16,MID,49.25,-49.25
2026-05-27,17,MID,-11.25,11.25
2026-05-27,18,MID,58.25,-58.25
2026-05-27,19,MID,-29.0,29.0
2026-05-28,13,MID,-82.25,82.25
2026-05-28,14,HIGH,129.0,-129.0
2026-05-28,15,HIGH,43.0,-43.0
2026-05-28,16,MID,30.25,-30.25
2026-05-28,17,MID,2.0,-2.0
2026-05-28,18,LOW,-25.25,25.25
2026-05-28,19,LOW,7.25,-7.25
2026-05-29,13,LOW,162.5,-162.5
2026-05-29,14,HIGH,163.75,-163.75
2026-05-29,15,HIGH,-15.0,15.0
2026-05-29,16,MID,-2.75,2.75
2026-05-29,17,MID,83.25,-83.25
2026-05-29,18,MID,3.5,-3.5
2026-05-29,19,MID,61.75,-61.75
2026-06-01,13,LOW,118.25,-118.25
2026-06-01,14,HIGH,20.5,-20.5
2026-06-01,15,HIGH,-43.5,43.5
2026-06-01,16,MID,10.25,-10.25
2026-06-01,17,MID,32.0,-32.0
2026-06-01,18,HIGH,35.75,-35.75
2026-06-01,19,LOW,4.75,-4.75
2026-06-02,13,LOW,-47.75,47.75
2026-06-02,14,HIGH,-71.5,71.5
2026-06-02,15,MID,0.5,-0.5
2026-06-02,16,MID,-94.25,94.25
2026-06-02,17,LOW,37.0,-37.0
2026-06-02,18,MID,-58.25,58.25
2026-06-02,19,LOW,47.25,-47.25
2026-06-03,13,MID,-35.25,35.25
2026-06-03,14,HIGH,12.0,-12.0
2026-06-03,15,HIGH,-60.0,60.0
2026-06-03,16,MID,-83.25,83.25
2026-06-03,17,MID,0.5,-0.5
2026-06-03,18,MID,-66.75,66.75
2026-06-03,19,LOW,-130.5,130.5
2026-06-04,13,MID,-123.5,123.5
2026-06-04,14,HIGH,0.75,-0.75
2026-06-04,15,HIGH,-37.25,37.25
2026-06-04,16,MID,59.75,-59.75
2026-06-04,17,MID,76.75,-76.75
2026-06-04,18,MID,-18.5,18.5
2026-06-04,19,LOW,-26.75,26.75
2026-06-05,13,MID,132.0,-132.0
2026-06-05,14,HIGH,-48.25,48.25
2026-06-05,15,HIGH,148.5,-148.5
2026-06-05,16,HIGH,104.75,-104.75
2026-06-05,17,HIGH,-96.0,96.0
2026-06-05,18,MID,242.0,-242.0
2026-06-05,19,HIGH,-81.0,81.0
2026-06-08,13,HIGH,-297.25,297.25
2026-06-08,14,HIGH,274.0,-274.0
2026-06-08,15,HIGH,-97.75,97.75
2026-06-08,16,HIGH,-128.25,128.25
2026-06-08,17,MID,-196.25,196.25
2026-06-08,18,MID,-88.0,88.0
2026-06-08,19,MID,67.0,-67.0
2026-06-09,13,MID,-217.75,217.75
2026-06-09,14,HIGH,324.25,-324.25
2026-06-09,15,HIGH,293.75,-293.75
2026-06-09,16,HIGH,216.5,-216.5
2026-06-09,17,HIGH,181.75,-181.75
2026-06-09,18,HIGH,3.0,-3.0
2026-06-09,19,HIGH,-54.75,54.75
2026-06-10,13,HIGH,-150.5,150.5
2026-06-10,14,HIGH,-84.0,84.0
2026-06-10,15,HIGH,-239.0,239.0
2026-06-10,16,HIGH,85.5,-85.5
2026-06-10,17,HIGH,-297.75,297.75
2026-06-10,18,HIGH,-99.5,99.5
2026-06-10,19,HIGH,-255.5,255.5
2026-06-11,13,HIGH,9.25,-9.25
2026-06-11,14,HIGH,92.5,-92.5
2026-06-11,15,HIGH,210.0,-210.0
2026-06-11,16,HIGH,-40.75,40.75
2026-06-11,17,HIGH,221.25,-221.25
2026-06-11,18,HIGH,-87.75,87.75
2026-06-11,19,HIGH,99.0,-99.0
2026-06-12,13,HIGH,-286.25,286.25
2026-06-12,14,HIGH,-61.75,61.75
2026-06-12,15,HIGH,62.5,-62.5
2026-06-12,16,HIGH,147.0,-147.0
2026-06-12,17,HIGH,-133.0,133.0
2026-06-12,18,MID,-134.0,134.0
2026-06-12,19,MID,-106.25,106.25
2026-06-15,13,LOW,84.25,-84.25
2026-06-15,14,HIGH,-15.25,15.25
2026-06-15,15,MID,69.0,-69.0
2026-06-15,16,MID,-65.25,65.25
2026-06-15,17,LOW,-109.0,109.0
2026-06-15,18,LOW,-99.5,99.5
2026-06-15,19,LOW,-198.75,198.75
2026-06-16,13,MID,-211.25,211.25
2026-06-16,14,MID,117.25,-117.25
2026-06-16,15,HIGH,101.5,-101.5
2026-06-16,16,HIGH,-122.25,122.25
2026-06-16,17,MID,-137.5,137.5
2026-06-16,18,MID,-20.25,20.25
2026-06-16,19,LOW,7.0,-7.0
2026-06-17,13,MID,-82.25,82.25
2026-06-17,14,HIGH,-409.5,409.5
2026-06-17,15,HIGH,66.25,-66.25
2026-06-17,16,MID,38.5,-38.5
2026-06-17,17,LOW,21.25,-21.25
2026-06-17,18,HIGH,-490.75,490.75
2026-06-17,19,HIGH,123.75,-123.75
2026-06-18,13,MID,-175.0,175.0
2026-06-18,14,HIGH,113.0,-113.0
2026-06-18,15,HIGH,-93.5,93.5
2026-06-18,16,HIGH,-48.75,48.75
2026-06-18,17,LOW,20.5,-20.5
2026-06-18,18,LOW,-48.25,48.25
2026-06-18,19,LOW,-44.5,44.5
2026-06-19,13,MID,-13.75,13.75
2026-06-19,14,LOW,-75.25,75.25
2026-06-19,15,LOW,-2.5,2.5
2026-06-19,16,LOW,-45.25,45.25
2026-06-22,13,MID,-202.5,202.5
2026-06-22,14,HIGH,215.25,-215.25
2026-06-22,15,HIGH,43.75,-43.75
2026-06-22,16,MID,-91.5,91.5
2026-06-22,17,MID,-109.25,109.25
2026-06-22,18,MID,-15.25,15.25
2026-06-22,19,MID,85.25,-85.25
2026-06-23,13,HIGH,-147.25,147.25
2026-06-23,14,HIGH,-177.0,177.0
2026-06-23,15,HIGH,40.25,-40.25
2026-06-23,16,HIGH,22.25,-22.25
2026-06-23,17,MID,-98.0,98.0
2026-06-23,18,HIGH,121.5,-121.5
2026-06-23,19,HIGH,-195.0,195.0
2026-06-24,13,MID,-219.0,219.0
2026-06-24,14,HIGH,140.0,-140.0
2026-06-24,15,HIGH,107.25,-107.25
2026-06-24,16,HIGH,55.75,-55.75
2026-06-24,17,HIGH,181.5,-181.5
2026-06-24,18,HIGH,-8.75,8.75
2026-06-24,19,HIGH,33.0,-33.0
2026-06-25,13,MID,864.75,-864.75
2026-06-25,14,HIGH,209.75,-209.75
2026-06-25,15,HIGH,-305.0,305.0
2026-06-25,16,HIGH,-162.5,162.5
2026-06-25,17,HIGH,-4.5,4.5
2026-06-25,18,MID,-427.0,427.0
2026-06-25,19,HIGH,-7.75,7.75
2026-06-26,13,HIGH,-717.5,717.5
2026-06-26,14,HIGH,-357.25,357.25
2026-06-26,15,HIGH,-22.0,22.0
2026-06-26,16,HIGH,-153.5,153.5
2026-06-26,17,HIGH,-79.75,79.75
2026-06-26,18,HIGH,92.75,-92.75
2026-06-26,19,HIGH,-176.75,176.75
2026-06-29,13,MID,-144.75,144.75
2026-06-29,14,HIGH,-104.75,104.75
2026-06-29,15,HIGH,-121.75,121.75
2026-06-29,16,HIGH,51.5,-51.5
2026-06-29,17,MID,57.25,-57.25
2026-06-29,18,MID,18.0,-18.0
2026-06-29,19,LOW,-132.25,132.25
2026-06-30,13,MID,339.75,-339.75
2026-06-30,14,HIGH,-46.75,46.75
2026-06-30,15,HIGH,101.25,-101.25
2026-06-30,16,HIGH,51.5,-51.5
2026-06-30,17,MID,-69.75,69.75
2026-06-30,18,LOW,-35.5,35.5
2026-06-30,19,LOW,-202.75,202.75
2026-07-01,13,HIGH,-165.5,165.5
2026-07-01,14,HIGH,-54.5,54.5
2026-07-01,15,HIGH,33.0,-33.0
2026-07-01,16,HIGH,-39.25,39.25
2026-07-01,17,MID,-35.0,35.0
2026-07-01,18,MID,-9.5,9.5
2026-07-01,19,MID,-13.75,13.75
2026-07-02,13,HIGH,-31.25,31.25
2026-07-02,14,HIGH,335.25,-335.25
2026-07-02,15,HIGH,142.5,-142.5
2026-07-02,16,HIGH,165.75,-165.75
2026-07-02,17,HIGH,-53.0,53.0
2026-07-02,18,HIGH,105.0,-105.0
2026-07-02,19,HIGH,-121.5,121.5
2026-07-03,13,LOW,-50.25,50.25
2026-07-03,14,LOW,8.0,-8.0
2026-07-03,15,LOW,-5.0,5.0
2026-07-03,16,LOW,-14.25,14.25
2026-07-06,13,LOW,-163.5,163.5
2026-07-06,14,HIGH,51.0,-51.0
2026-07-06,15,HIGH,-46.5,46.5
2026-07-06,16,MID,34.0,-34.0
2026-07-06,17,MID,6.5,-6.5
2026-07-06,18,HIGH,68.5,-68.5
2026-07-06,19,MID,-20.5,20.5
2026-07-07,13,MID,151.0,-151.0
2026-07-07,14,HIGH,165.0,-165.0
2026-07-07,15,HIGH,-159.25,159.25
2026-07-07,16,MID,125.75,-125.75
2026-07-07,17,HIGH,-227.75,227.75
2026-07-07,18,LOW,155.0,-155.0
2026-07-07,19,HIGH,-55.25,55.25
2026-07-08,13,HIGH,193.5,-193.5
2026-07-08,14,HIGH,127.75,-127.75
2026-07-08,15,HIGH,100.25,-100.25
2026-07-08,16,HIGH,220.25,-220.25
2026-07-08,17,HIGH,-166.25,166.25
2026-07-08,18,MID,-82.25,82.25
2026-07-08,19,MID,-11.0,11.0
2026-07-09,13,MID,-8.25,8.25
2026-07-09,14,HIGH,62.5,-62.5
2026-07-09,15,HIGH,45.0,-45.0
2026-07-09,16,MID,-74.75,74.75
2026-07-09,17,LOW,36.75,-36.75
2026-07-09,18,MID,26.0,-26.0
2026-07-09,19,LOW,-96.5,96.5
2026-07-10,13,MID,14.75,-14.75
2026-07-10,14,HIGH,-352.5,352.5
2026-07-10,15,HIGH,46.0,-46.0
2026-07-10,16,HIGH,44.0,-44.0
2026-07-10,17,MID,-24.0,24.0
2026-07-10,18,LOW,-88.25,88.25
2026-07-10,19,LOW,-14.25,14.25
2026-07-13,13,MID,-74.75,74.75
2026-07-13,14,HIGH,-125.75,125.75
2026-07-13,15,HIGH,120.25,-120.25
2026-07-13,16,HIGH,22.75,-22.75
2026-07-13,17,HIGH,-25.75,25.75
2026-07-13,18,MID,-186.0,186.0
2026-07-13,19,MID,-158.25,158.25
2026-07-14,13,HIGH,-144.5,144.5
2026-07-14,14,MID,-113.25,113.25
2026-07-14,15,HIGH,-93.75,93.75
2026-07-14,16,MID,27.5,-27.5
2026-07-14,17,MID,-78.25,78.25
2026-07-14,18,LOW,-28.75,28.75
2026-07-14,19,LOW,19.25,-19.25
2026-07-15,13,MID,107.0,-107.0
2026-07-15,14,HIGH,126.0,-126.0
2026-07-15,15,HIGH,-152.25,152.25
2026-07-15,16,MID,36.0,-36.0
2026-07-15,17,HIGH,142.0,-142.0
2026-07-15,18,HIGH,29.75,-29.75
2026-07-15,19,HIGH,15.75,-15.75
2026-07-16,13,MID,-4.0,4.0
2026-07-16,14,HIGH,39.75,-39.75
2026-07-16,15,HIGH,-26.25,26.25
2026-07-16,16,MID,16.0,-16.0
2026-07-16,17,MID,-56.5,56.5
2026-07-16,18,MID,-21.25,21.25
2026-07-16,19,MID,-69.75,69.75
2026-07-17,13,MID,-131.75,131.75
2026-07-17,14,HIGH,-177.5,177.5
2026-07-17,15,HIGH,63.25,-63.25
2026-07-17,16,HIGH,-80.25,80.25
2026-07-17,17,HIGH,-99.0,99.0
2026-07-17,18,HIGH,-29.25,29.25
2026-07-17,19,MID,69.0,-69.0
2026-07-20,13,MID,-117.75,117.75
2026-07-20,14,HIGH,-169.25,169.25
2026-07-20,15,HIGH,6.25,-6.25
2026-07-20,16,HIGH,-148.25,148.25
2026-07-20,17,HIGH,5.0,-5.0
2026-07-20,18,MID,64.0,-64.0
2026-07-20,19,HIGH,71.75,-71.75
2026-07-21,13,LOW,-182.0,182.0
2026-07-21,14,HIGH,26.75,-26.75
2026-07-21,15,HIGH,-27.0,27.0
2026-07-21,16,MID,40.0,-40.0
2026-07-21,17,MID,-44.5,44.5
2026-07-21,18,LOW,8.75,-8.75
2026-07-21,19,LOW,-53.0,53.0
2026-07-22,13,MID,230.25,-230.25
2026-07-22,14,HIGH,21.25,-21.25
2026-07-22,15,MID,-4.0,4.0
2026-07-22,16,MID,4.25,-4.25
2026-07-22,17,LOW,68.25,-68.25
2026-07-22,18,MID,-4.75,4.75
2026-07-22,19,LOW,73.5,-73.5
2026-07-23,13,HIGH,-147.75,147.75
2026-07-23,14,HIGH,-149.25,149.25
2026-07-23,15,HIGH,-11.5,11.5
2026-07-23,16,HIGH,-48.25,48.25
2026-07-23,17,HIGH,-53.25,53.25
2026-07-23,18,MID,-63.0,63.0
2026-07-23,19,LOW,-74.0,74.0
2026-07-24,13,MID,-2.25,2.25
2026-07-24,14,HIGH,-190.75,190.75
2026-07-24,15,HIGH,19.0,-19.0
2026-07-24,16,HIGH,2.0,-2.0
2026-07-24,17,HIGH,-60.0,60.0
2026-07-24,18,MID,156.0,-156.0
2026-07-24,19,HIGH,2.5,-2.5
2026-07-27,13,LOW,319.75,-319.75
2026-07-27,14,HIGH,143.75,-143.75
2026-07-27,15,HIGH,19.0,-19.0
2026-07-27,16,HIGH,-154.5,154.5
2026-07-27,17,HIGH,-1.5,1.5
2026-07-27,18,MID,-18.75,18.75
2026-07-27,19,HIGH,-42.75,42.75
2026-07-28,13,MID,278.0,-278.0
2026-07-28,14,HIGH,-212.25,212.25
2026-07-28,15,HIGH,142.25,-142.25
2026-07-28,16,HIGH,-48.75,48.75
2026-07-28,17,MID,60.5,-60.5
2026-07-28,18,MID,-15.0,15.0
2026-07-28,19,MID,-49.75,49.75
2026-07-29,13,HIGH,-139.0,139.0
2026-07-29,14,HIGH,75.25,-75.25
2026-07-29,15,HIGH,-68.5,68.5
2026-07-29,16,HIGH,61.75,-61.75
2026-07-29,17,HIGH,77.25,-77.25
2026-07-29,18,HIGH,34.0,-34.0
2026-07-29,19,HIGH,620.75,-620.75
2026-07-30,13,MID,302.5,-302.5
2026-07-30,14,HIGH,-41.0,41.0
2026-07-30,15,HIGH,-49.25,49.25
2026-07-30,16,MID,30.0,-30.0
2026-07-30,17,MID,-42.75,42.75
2026-07-30,18,LOW,-13.25,13.25
2026-07-30,19,LOW,9.25,-9.25
2026-07-31,13,MID,-7.75,7.75
2026-07-31,14,HIGH,16.5,-16.5
2026-07-31,15,HIGH,-140.5,140.5
2026-07-31,16,HIGH,-51.0,51.0
2026-07-31,17,HIGH,-46.75,46.75
2026-07-31,18,MID,-64.25,64.25
2026-07-31,19,LOW,-179.5,179.5
2026-08-03,13,MID,-141.75,141.75
2026-08-03,14,HIGH,152.25,-152.25
2026-08-03,15,HIGH,-46.5,46.5
2026-08-03,16,MID,2.5,-2.5
2026-08-03,17,LOW,89.5,-89.5
2026-08-03,18,MID,-26.75,26.75
2026-08-03,19,LOW,-21.75,21.75
2026-08-04,13,LOW,247.0,-247.0
2026-08-04,14,HIGH,78.75,-78.75
2026-08-04,15,MID,105.75,-105.75
2026-08-04,16,HIGH,12.5,-12.5
2026-08-04,17,MID,51.75,-51.75
2026-08-04,18,HIGH,38.5,-38.5
2026-08-04,19,MID,-7.5,7.5
2026-08-05,13,LOW,42.75,-42.75
2026-08-05,14,HIGH,114.0,-114.0
2026-08-05,15,HIGH,115.25,-115.25
2026-08-05,16,HIGH,-15.0,15.0
2026-08-05,17,MID,5.5,-5.5
2026-08-05,18,MID,-6.0,6.0
2026-08-05,19,LOW,72.75,-72.75
2026-08-06,13,MID,12.0,-12.0
2026-08-06,14,HIGH,-21.0,21.0
2026-08-06,15,HIGH,24.5,-24.5
2026-08-06,16,HIGH,-85.75,85.75
2026-08-06,17,MID,18.5,-18.5
2026-08-06,18,LOW,-49.25,49.25
2026-08-06,19,LOW,-149.5,149.5
2026-08-07,13,HIGH,128.75,-128.75
2026-08-07,14,HIGH,-210.75,210.75
2026-08-07,15,HIGH,71.75,-71.75
2026-08-07,16,MID,-6.5,6.5
2026-08-07,17,HIGH,-2.25,2.25
2026-08-07,18,LOW,6.5,-6.5
2026-08-07,19,LOW,79.25,-79.25
2026-08-10,13,MID,-194.0,194.0
2026-08-10,14,MID,-17.5,17.5
2026-08-10,15,MID,-27.25,27.25
2026-08-10,16,MID,54.25,-54.25
2026-08-10,17,MID,-53.0,53.0
2026-08-10,18,LOW,-14.5,14.5
2026-08-10,19,LOW,-4.5,4.5
2026-08-11,13,LOW,102.25,-102.25
2026-08-11,14,HIGH,13.0,-13.0
2026-08-11,15,MID,92.0,-92.0
2026-08-11,16,MID,30.5,-30.5
2026-08-11,17,LOW,-39.0,39.0
2026-08-11,18,LOW,22.5,-22.5
2026-08-11,19,MID,42.75,-42.75
2026-08-12,13,HIGH,-197.75,197.75
2026-08-12,14,HIGH,-229.0,229.0
2026-08-12,15,MID,-59.75,59.75
2026-08-12,16,LOW,40.75,-40.75
2026-08-12,17,MID,-60.75,60.75
2026-08-12,18,LOW,-119.75,119.75
2026-08-12,19,LOW,31.0,-31.0
2026-08-13,13,LOW,212.25,-212.25
2026-08-13,14,HIGH,-30.25,30.25
2026-08-13,15,MID,25.0,-25.0
2026-08-13,16,MID,48.25,-48.25
2026-08-13,17,MID,-23.5,23.5
2026-08-13,18,LOW,-5.25,5.25
2026-08-13,19,LOW,3.5,-3.5
2026-08-14,13,LOW,0.75,-0.75
2026-08-14,14,MID,48.0,-48.0
2026-08-14,15,HIGH,53.5,-53.5
2026-08-14,16,MID,-41.0,41.0
2026-08-14,17,LOW,9.0,-9.0
2026-08-14,18,LOW,-1.75,1.75
2026-08-14,19,LOW,51.5,-51.5
2026-08-17,13,MID,-189.25,189.25
2026-08-17,14,MID,-24.0,24.0
2026-08-17,15,MID,-44.0,44.0
2026-08-17,16,MID,32.5,-32.5
2026-08-17,17,LOW,62.5,-62.5
2026-08-17,18,MID,-16.25,16.25
2026-08-17,19,LOW,20.0,-20.0
2026-08-18,13,MID,-176.75,176.75
2026-08-18,14,HIGH,-89.75,89.75
2026-08-18,15,HIGH,31.5,-31.5
2026-08-18,16,MID,-76.75,76.75
2026-08-18,17,LOW,31.75,-31.75
2026-08-18,18,MID,-35.5,35.5
2026-08-18,19,LOW,3.75,-3.75
