band,state,n,n_days,long_repl_pt,fade_pt,t,ci_lo,ci_hi,mean_rt,usd_fade
10,LOW,550,189,-0.235,0.235,-0.07954481886051788,-6.137485288384785,5.678184849868122,1.9054545454545455,0.47
10,MID,555,218,-5.002252252252252,5.002252252252252,-1.2267231665595024,-12.246038967603152,2.1131296641790938,2.3567567567567567,10.004504504504505
10,HIGH,549,192,-15.637067395264117,15.637067395264117,-2.8326151121044463,-27.410422982940407,-3.7410381702303765,2.8870673952641166,31.274134790528233
20,LOW,550,189,1.8454545454545455,-1.8454545454545455,0.6757338105049531,-3.1621408730158733,7.063842315376667,1.2672727272727273,-3.690909090909091
20,MID,555,218,-0.47702702702702704,0.47702702702702704,-0.12416890081492576,-7.388806317127226,6.495175723001627,1.6018018018018019,0.9540540540540541
20,HIGH,549,192,-10.759107468123862,10.759107468123862,-2.092630800534544,-21.284796662491054,-0.036021321462043995,2.0437158469945356,21.518214936247723
40,LOW,550,189,3.1931818181818183,-3.1931818181818183,1.3085686085324368,-1.7665904926366274,8.241407462660813,0.6854545454545454,-6.386363636363637
40,MID,555,218,-2.5085585585585584,2.5085585585585584,-0.7069166862821956,-9.011493971977844,4.043984510164342,1.0576576576576577,5.017117117117117
40,HIGH,549,192,-12.001366120218579,12.001366120218579,-2.6085335938968095,-21.731447120850543,-2.259433319031007,1.4080145719489983,24.002732240437158
