name,n,gross,sd,net125,TR_n,TR,VA_n,VA,TE_n,TE,twin_mean,twin_sd,edge_sd,twin_p,boot_lo,boot_hi,long_pct,always_long,always_long_lo,always_long_hi,always_short,beats_always_long,a_beats_zero,b_beats_twin,c_ci_excl_zero,three_period,net@0.75,net@1.0,net@1.25,net@1.5,net@2.0
INCUMBENT 15m/3/base clean2 90m,1983,2.0458900655572365,88.31250041224962,0.7958900655572365,774,-0.786498708010336,605,2.1326446280991735,604,1.4846854304635762,-1.2212312153303078,2.163621323043782,0.9322894257900262,0.18175,-2.9258354116267813,4.617406488943315,55.01765002521432,-2.6546898638426626,-6.662072520766625,1.4812504813517882,0.15468986384266264,False,True,False,False,False,1.2958900655572365,1.0458900655572365,0.7958900655572365,0.5458900655572365,0.045890065557236515
INCUMBENT 15m/3/base clean2 60m,2042,1.5219147894221352,72.10175541660813,0.27191478942213515,800,0.436875,619,-0.3982229402261712,623,0.7259229534510433,-1.257888650832517,1.677848970838139,0.9117646861209843,0.18,-2.6928784372377623,3.1325925714001457,54.55435847208619,-2.6991919686581785,-6.045713876097868,0.4048468137254865,0.19919196865817826,False,True,False,False,False,0.7719147894221352,0.5219147894221352,0.2719147894221352,0.021914789422135206,-0.4780852105778648
INCUMBENT 15m/3/base clean0 60m,2556,1.328247261345853,70.26796411620515,0.0782472613458529,988,0.4557186234817814,793,-0.23013871374527112,775,-0.08741935483870968,-1.2518716744913927,1.5737029664308975,0.8452160059492727,0.20625,-2.5868256686944764,2.7115835937500004,55.08607198748044,-2.958528951486698,-5.982624795305895,0.03981483970911968,0.458528951486698,True,True,False,False,False,0.5782472613458529,0.3282472613458529,0.07824726134585291,-0.17175273865414709,-0.6717527386541471
GRIDA best 3-period 15m/5/drift OPEN 180m,216,23.333333333333332,184.29026807451538,22.083333333333332,97,9.783505154639176,62,43.653225806451616,57,19.55263157894737,-1.4541678240740739,14.831778826416448,1.586964141852321,0.05225,-3.4700581395348835,47.05852450440529,52.77777777777778,-8.532407407407407,-39.72776378033731,20.39188930860805,6.032407407407407,True,True,True,False,True,22.583333333333332,22.333333333333332,22.083333333333332,21.833333333333332,21.333333333333332
GRIDA best-t 30m/3/base_vol clean2 EUUS 180m,502,17.25398406374502,156.6933609484878,16.00398406374502,212,7.588443396226415,139,35.14748201438849,151,10.197019867549669,-1.2767133964143427,8.160128676975518,2.1176991373822682,0.019,4.3808668071437,28.501777198078027,54.581673306772906,-4.429282868525896,-19.57134244760185,10.615323837489289,1.9292828685258965,True,True,True,True,True,16.50398406374502,16.25398406374502,16.00398406374502,15.753984063745019,15.253984063745019
GRIDA 30m/3/base_vol clean2 LDN 180m,268,21.509328358208954,150.09134829830845,20.259328358208954,105,10.045238095238096,80,42.165625,83,12.066265060240964,-1.304662313432836,9.501939986438218,2.269430316590013,0.0105,2.1065018315018316,38.52020169160703,57.08955223880597,2.8824626865671643,-16.754150361838228,21.147727272727263,-5.382462686567164,False,True,True,True,True,20.759328358208954,20.509328358208954,20.259328358208954,20.009328358208954,19.509328358208954
GRIDA 15m/5/drift clean0 RTH 180m,247,17.478744939271255,187.8453426836306,16.228744939271255,111,5.677927927927928,74,32.20945945945946,62,16.044354838709676,-0.8683547570850203,14.304699112230665,1.1952086207628148,0.12,-8.7333063669016,42.12844462958216,49.797570850202426,-2.2591093117408905,-33.57468816787574,24.435327873995924,-0.2408906882591093,False,True,True,False,True,16.728744939271255,16.478744939271255,16.228744939271255,15.978744939271255,15.478744939271255
DWELL K=1 STATE 90m (the incumbent trigger),2536,1.225749211356467,87.27804536419384,-0.02425078864353312,981,-0.22935779816513763,787,0.7509529860228716,768,-0.556640625,-1.2236476242113565,1.9833545404649888,0.6047314340917737,0.27625,-3.598261180839441,3.5731312380990494,55.4416403785489,-2.4353312302839116,-6.3835862204724405,1.5486227019438827,-0.06466876971608833,False,False,False,False,False,0.47574921135646697,0.22574921135646697,-0.024250788643533028,-0.27425078864353303,-0.774250788643533
DWELL K=3 STATE 60m,1147,2.209023539668701,72.9200921106532,0.9590235396687009,463,-0.6474082073434125,341,5.98900293255132,343,-1.8731778425655976,-1.245171752397559,1.9146296014531794,1.1512384904073893,0.12825,-3.5279228251165557,5.219785461019022,56.23365300784655,-4.241063644289451,-7.992616564042246,-0.4098679250536754,1.7410636442894507,True,True,True,False,False,1.459023539668701,1.209023539668701,0.959023539668701,0.709023539668701,0.20902353966870102
DWELL K=6 STATE 120m,564,2.7907801418439715,102.5754244183009,1.5407801418439717,227,1.327092511013216,181,2.1215469613259668,156,1.1778846153846154,-1.2174629875886527,4.3509485571579525,0.6339406437924685,0.26475,-7.168083527820296,10.248783698758693,55.85106382978723,1.952127659574468,-6.760290222285115,10.233495648800632,-4.452127659574468,False,True,False,False,True,2.0407801418439715,1.7907801418439715,1.5407801418439715,1.2907801418439715,0.7907801418439715
DWELL K=5 BOTH er8>=.3 60m,672,3.107514880952381,69.30590701712407,1.857514880952381,269,4.567843866171004,210,0.12857142857142856,193,-0.038860103626943004,-1.1920100446428572,2.742777989206779,1.1118380479920547,0.135,-3.6373511392198847,7.5433890374331565,55.654761904761905,1.0286458333333333,-4.18504886906422,6.060508492442071,-3.5286458333333335,False,True,True,False,False,2.357514880952381,2.107514880952381,1.857514880952381,1.607514880952381,1.107514880952381
DWELL K=6 BOTH er8>=.45 60m,408,7.3131127450980395,63.32509308029902,6.0631127450980395,164,4.899390243902439,130,2.8634615384615385,114,11.385964912280702,-1.218360294117647,3.4017617090422805,2.1405006176242973,0.015,-0.7657987317717627,13.574206257138782,57.84313725490197,0.22120098039215685,-7.1975686157517895,6.761814732142849,-2.721200980392157,False,True,True,False,True,6.5631127450980395,6.3131127450980395,6.0631127450980395,5.8131127450980395,5.3131127450980395
DWELL K=5 BOTH er4>=.4 90m,478,6.1385983263598325,85.05316354896729,4.8885983263598325,182,5.5989010989010985,154,0.7646103896103896,142,8.450704225352112,-1.3353383891213388,3.901155734777027,1.5954084221754106,0.05775,-2.1808264844873637,12.351654039240973,56.48535564853556,-1.0852510460251046,-9.211571839338848,6.448990058301416,-1.4147489539748954,False,True,True,False,True,5.3885983263598325,5.1385983263598325,4.8885983263598325,4.6385983263598325,4.1385983263598325
DWELL K=4 BOTH er4>=.4 90m,734,5.762602179836512,86.45467348521406,4.512602179836512,285,7.908771929824561,234,2.177350427350427,215,2.552325581395349,-1.209884536784741,3.3409667480214877,1.7128236071221288,0.041,-1.7229904632473478,10.719159501804256,56.403269754768395,-2.814373297002725,-9.051724698998811,3.6287882120256056,0.3143732970027248,True,True,True,False,True,5.012602179836512,4.762602179836512,4.512602179836512,4.262602179836512,3.762602179836512
REVERT exit 15m/3/base clean2 cap90m,1983,2.0389561270801817,65.41824967533796,0.7889561270801816,774,2.0497416020671833,605,-0.2206611570247934,604,0.18460264900662252,-1.2542269919314168,1.4488446505576245,1.4102154556219866,0.081,-1.8818438943216833,3.432693053819709,55.01765002521432,-3.625315179021684,-6.415454368723553,-0.7842902325218196,1.1253151790216842,True,True,True,False,False,1.2889561270801817,1.0389561270801817,0.7889561270801817,0.5389561270801817,0.0389561270801817
