arm,block,K,hold_min,n,net,forfeit_atr,lo,hi,edge_sd,p,always_long,long_pct,TR,VA,TE,a,b,c,ALL_BARS
STATE,ASIA,1,30,1147,-1.1521360069747166,0.0,-2.959128656144106,0.9754146783504759,0.09003971540755536,0.4685,-0.4045335658238884,55.274629468177864,-1.841127098321343,-1.208215297450425,-0.3375331564986737,False,False,False,False
STATE,LDN,1,30,654,0.7186544342507645,0.0,-2.3595205438157536,3.954496765753152,1.2135547317127573,0.115,-1.5894495412844036,54.28134556574924,2.7459349593495936,-0.46859903381642515,-0.5398009950248757,True,True,False,False
STATE,USCASH,1,30,763,-1.1104193971166447,0.0,-6.100283389135006,3.891013904225145,0.025369653747987084,0.486,-4.569790301441677,56.225425950196595,1.5227272727272727,-6.773913043478261,1.0514018691588785,False,False,False,False
STATE,LATE,1,30,71,1.7007042253521127,0.0,-9.98322033506109,14.765246683250414,0.48303606560359785,0.32,1.7922535211267605,50.70422535211267,1.5,-9.981481481481481,42.03125,True,False,False,False
STATE,ASIA,1,60,1147,0.013731473408892764,0.0,-2.554363313859592,2.915913862220081,0.814501811607493,0.2055,0.5791194420226679,55.274629468177864,0.2146282973621103,0.5014164305949008,-0.6651193633952255,True,False,False,False
STATE,LDN,1,60,654,0.9021406727828746,0.0,-4.916320601865466,6.849103395167233,0.7115624346639248,0.2445,-3.182721712538226,54.28134556574924,-0.13922764227642276,3.5410628019323673,-0.5410447761194029,True,False,False,False
STATE,USCASH,1,60,762,-0.625,0.0,-6.922635041936894,5.773780375737659,0.14621753444907623,0.4475,-7.584317585301838,56.16797900262467,0.735062893081761,-2.6532608695652176,-0.4661214953271028,False,False,False,False
STATE,ASIA,1,90,1147,0.7489102005231038,0.0,-2.792247450618159,4.413469032771756,0.9824809943875379,0.175,0.3269398430688753,55.274629468177864,1.0233812949640289,2.832152974504249,-1.5053050397877985,True,False,False,False
STATE,LDN,1,90,653,-2.866385911179173,0.0,-9.800291095890412,3.7724873998895276,-0.4495839647203197,0.6755,-0.9276416539050536,54.211332312404295,-5.342479674796748,5.196601941747573,-8.099502487562189,False,False,False,False
STATE,USCASH,1,90,720,0.9899305555555555,0.0,-7.5708141611052575,9.7796739819878,0.43390116572471976,0.3365,-7.974652777777778,56.80555555555556,1.6217532467532467,-7.003378378378378,9.305263157894737,True,False,False,False
STATE,ASIA,1,120,1147,0.8977768090671316,0.0,-3.2669041661268325,5.26505544341769,0.8721230246875001,0.197,0.744768962510898,55.274629468177864,3.194244604316547,4.007082152974505,-4.553713527851459,True,False,False,False
STATE,LDN,1,120,653,-2.612940275650842,0.0,-11.448168840536153,5.70051141500904,-0.2885994861140315,0.6155,-2.061638591117917,54.211332312404295,-4.723577235772358,5.009708737864078,-7.842039800995025,False,False,False,False
STATE,USCASH,1,120,677,-2.0132939438700146,0.0,-12.059726855746229,8.097684671945693,-0.13881648853549247,0.54,-3.794682422451994,56.72082717872969,-0.914983164983165,-11.972488038277511,8.251461988304094,False,False,False,False
STATE,ASIA,2,30,713,0.5399719495091164,0.229491009763421,-2.098008341537797,3.347018059924194,1.4109543960799071,0.081,1.5610098176718092,56.52173913043478,1.4344569288389513,4.046728971962617,-3.7241379310344827,True,True,False,False
STATE,LDN,2,30,399,-0.0012531328320802004,0.39009621693319096,-3.739703947368421,4.173372583762876,0.6440292167682253,0.2685,-2.7531328320802007,56.14035087719298,-1.498502994011976,2.450413223140496,-0.42117117117117114,False,False,False,False
STATE,USCASH,2,30,474,0.7531645569620253,0.4823519009938646,-5.787918473949536,7.566038257778965,0.5861156136354237,0.292,-5.140295358649789,55.06329113924051,-0.4729064039408867,2.0575539568345325,1.2651515151515151,True,False,False,False
STATE,ASIA,2,60,713,1.844319775596073,0.229491009763421,-2.3375248502554804,5.973570905964275,1.589754873110964,0.054,0.8499298737727911,56.52173913043478,2.804307116104869,6.634345794392523,-3.6788793103448274,True,True,False,False
STATE,LDN,2,60,398,-3.3479899497487438,0.3906181400393833,-9.067509171182216,2.2782345760655525,-0.6903499408127294,0.7625,-2.062814070351759,56.03015075376885,-5.046407185628743,8.7375,-13.858108108108109,False,False,False,False
STATE,USCASH,2,60,474,-0.7035864978902954,0.4823519009938646,-9.2582768586645,9.191905514499247,0.10072786135927733,0.4495,-6.6075949367088604,55.06329113924051,-2.8017241379310347,-1.2068345323741008,3.053030303030303,False,False,False,False
STATE,ASIA,2,90,713,0.8692145862552595,0.229491009763421,-4.367790783040431,6.197110140359582,0.87775898639065,0.191,1.129382889200561,56.52173913043478,1.2368913857677903,8.202102803738319,-6.317887931034483,True,False,False,False
STATE,LDN,2,90,398,-3.745603015075377,0.3906181400393833,-11.441861642071114,4.088601884624723,-0.6148690703562498,0.726,-0.9315326633165829,56.03015075376885,-5.459580838323354,7.470833333333333,-13.292792792792794,False,False,False,False
STATE,USCASH,2,90,453,-3.2660044150110377,0.4911754403281824,-15.004248451834288,8.548744658119658,-0.3729622007744889,0.646,-6.229580573951435,55.62913907284768,-3.3553299492385786,-6.664179104477612,0.610655737704918,False,False,False,False
STATE,ASIA,2,120,713,1.049789621318373,0.229491009763421,-4.490592983405484,6.948434432435251,0.7881398745267849,0.2235,1.1213183730715288,56.52173913043478,4.667602996254682,6.860981308411215,-8.474137931034482,True,False,False,False
STATE,LDN,2,120,398,-6.760050251256281,0.3906181400393833,-16.479359344522358,3.5816003394680656,-1.0406863773207842,0.846,-0.4045226130653266,56.03015075376885,-1.7350299401197604,5.71875,-27.81081081081081,False,False,False,False
STATE,USCASH,2,120,434,-2.464861751152074,0.5054692104259157,-15.373314249941615,11.329367315371618,-0.17235279191650127,0.5645,-7.40610599078341,55.06912442396313,-4.061842105263158,-11.475190839694656,10.665929203539823,False,False,False,False
STATE,ASIA,3,30,501,1.43812375249501,0.5140674577085772,-1.85861572265625,5.047739885642897,1.7934825944409005,0.037,-1.8782435129740518,56.4870259481038,1.8400537634408602,4.433006535947713,-1.8518518518518519,True,True,False,False
STATE,LDN,3,30,293,-2.5042662116040955,0.6886702935019456,-7.664059962694756,2.9205547945205472,-0.46575464291832813,0.688,-3.388225255972696,55.2901023890785,-5.8641732283464565,4.755747126436781,-5.098101265822785,False,False,False,False
STATE,USCASH,3,30,339,2.392330383480826,0.9270715591302013,-4.956627672193198,9.944798202089018,0.8949150227333316,0.192,-8.463126843657816,56.342182890855455,-0.7869718309859155,8.986842105263158,0.6764705882352942,True,False,False,False
STATE,ASIA,3,60,501,2.7025948103792414,0.5140674577085772,-1.7615042487021255,7.322352853160441,1.7703188216525916,0.034,-2.8912175648702596,56.4870259481038,2.3454301075268815,6.599673202614379,-0.5679012345679012,True,True,False,False
STATE,LDN,3,60,293,-4.290102389078498,0.6886702935019456,-11.725814695089987,3.5266749635745493,-0.7931340376555546,0.787,-0.4880546075085324,55.2901023890785,-6.438976377952756,5.402298850574713,-11.509493670886076,False,False,False,False
STATE,USCASH,3,60,339,3.2662241887905603,0.9270715591302013,-7.585951026220539,14.18192622781959,0.7920572942426437,0.2115,-8.916666666666666,56.342182890855455,1.9876760563380282,4.907894736842105,3.517156862745098,True,False,False,False
STATE,ASIA,3,90,501,1.931636726546906,0.5140674577085772,-3.576451082385858,7.422196913989264,1.172773503401551,0.121,0.5394211576846307,56.4870259481038,3.9771505376344085,7.465686274509804,-5.643518518518518,True,True,False,False
STATE,LDN,3,90,293,-2.532423208191126,0.6886702935019456,-12.00530211564023,7.172528606666884,-0.27610827542594263,0.596,-1.174061433447099,55.2901023890785,-7.102362204724409,5.327586206896552,-3.8417721518987342,False,False,False,False
STATE,USCASH,3,90,322,0.7507763975155279,0.9498926319834542,-12.815982972136222,14.527754078483238,0.290370233472162,0.3905,-5.5395962732919255,56.2111801242236,0.09558823529411764,3.3764044943820224,-0.7396907216494846,True,False,False,False
STATE,ASIA,3,120,501,1.0229540918163673,0.5140674577085772,-5.515530685364256,7.447496621911454,0.685532538361965,0.2485,1.1506986027944113,56.4870259481038,4.420698924731183,7.104575163398692,-8.621913580246913,True,False,False,False
STATE,LDN,3,120,293,-6.376279863481229,0.6886702935019456,-18.380500856164385,5.740118243243242,-0.8834351078252437,0.8205,-2.2448805460750854,55.2901023890785,-5.4921259842519685,2.3879310344827585,-17.449367088607595,False,False,False,False
STATE,USCASH,3,120,313,6.005591054313099,0.9573273460936728,-9.49077618205693,22.287072364107267,0.9113470555110156,0.184,-8.205271565495208,55.59105431309904,9.967803030303031,2.7385057471264367,3.4654255319148937,True,False,False,False
STATE,ASIA,4,30,393,2.842239185750636,0.7690769713446721,-0.43012021531100475,6.003942022110386,2.2902972904846215,0.0135,-3.619592875318066,58.269720101781175,1.6643835616438356,2.959016393442623,4.104,True,True,False,False
STATE,LDN,4,30,225,-4.343333333333334,1.0351014320428302,-10.097033619740705,1.7946830727409795,-1.006583887283811,0.8345,-0.7122222222222222,54.666666666666664,-0.10674157303370786,-0.9166666666666666,-13.5,False,False,False,False
STATE,USCASH,4,30,264,2.2301136363636362,1.4347209496609488,-6.897789984897918,11.149326798909513,0.8491589173143952,0.2025,-7.288825757575758,56.81818181818182,2.1444954128440368,5.256329113924051,-0.7927631578947368,True,False,False,False
STATE,ASIA,4,60,393,1.7321882951653944,0.7690769713446721,-3.7659950738916255,6.985134357847385,1.156204771628166,0.129,-2.9522900763358777,58.269720101781175,0.2465753424657534,3.442622950819672,1.798,True,True,False,False
STATE,LDN,4,60,225,-3.8366666666666664,1.0351014320428302,-12.124560344827586,4.272271663315317,-0.6304097941011223,0.7335,0.6988888888888889,54.666666666666664,-2.8876404494382024,-4.304347826086956,-4.615671641791045,False,False,False,False
STATE,USCASH,4,60,264,2.2452651515151514,1.4347209496609488,-11.626583249239498,15.832615199096878,0.5873799824542104,0.2815,-3.1070075757575757,56.81818181818182,5.580275229357798,6.262658227848101,-6.713815789473684,True,False,False,False
STATE,ASIA,4,90,393,0.9688295165394402,0.7690769713446721,-5.706500919117647,7.083446863174532,0.6970575268808994,0.2465,-1.5515267175572518,58.269720101781175,5.553082191780822,0.9733606557377049,-4.39,True,False,False,False
STATE,LDN,4,90,225,-10.557777777777778,1.0351014320428302,-22.243350879331036,1.033658536585364,-1.6265137111146772,0.9455,-1.0644444444444445,54.666666666666664,0.6825842696629213,-12.931159420289855,-23.044776119402986,False,False,False,False
STATE,USCASH,4,90,255,6.731372549019608,1.4535994854075522,-8.6035400390625,22.82003882657463,1.0353001800716513,0.15,-5.170588235294118,56.07843137254902,8.920673076923077,3.5316455696202533,7.079861111111111,True,True,False,False
STATE,ASIA,4,120,393,-0.8492366412213741,0.7690769713446721,-8.30448152687272,6.7437768455154306,0.11186405039450008,0.456,-1.6774809160305344,58.269720101781175,1.8955479452054795,-1.6495901639344261,-3.274,False,False,False,False
STATE,LDN,4,120,225,-12.027777777777779,1.0351014320428302,-25.950537449872584,2.278735859152057,-1.499585881864966,0.93,-1.4055555555555554,54.666666666666664,-6.938202247191011,-7.355072463768116,-23.600746268656717,False,False,False,False
STATE,USCASH,4,120,247,8.929149797570851,1.480997677549413,-8.456581094414087,27.187825142552956,1.1248110632915826,0.1335,-8.568825910931174,55.465587044534416,9.867788461538462,11.22972972972973,5.047101449275362,True,True,False,False
STATE,ASIA,5,30,309,1.3551779935275081,1.0415531207628441,-2.8088575174825174,5.365187299387216,1.2782687125120002,0.102,-3.5655339805825244,57.60517799352751,1.176991150442478,-0.5463917525773195,3.4217171717171717,True,True,False,False
STATE,LDN,5,30,168,-1.1577380952380953,1.424285962469061,-7.512698915009041,5.65276807496118,-0.023929231542730477,0.4985,-2.255952380952381,52.38095238095239,-0.8478260869565217,2.0454545454545454,-5.6477272727272725,False,False,False,False
STATE,USCASH,5,30,215,0.20348837209302326,1.9524344110238987,-9.734723555685424,10.599507976344853,0.2670764204938181,0.3855,1.1732558139534883,53.48837209302325,5.372159090909091,-2.9420289855072466,-3.896551724137931,True,False,False,False
STATE,ASIA,5,60,309,-0.9182847896440129,1.0415531207628441,-7.12702295521816,5.261733490566034,0.08630074191845653,0.471,0.5655339805825242,57.60517799352751,3.7765486725663715,-0.5876288659793815,-6.601010101010101,False,False,False,False
STATE,LDN,5,60,168,-0.47767857142857145,1.424285962469061,-9.854787296037296,8.992044173627017,0.14667299976111559,0.4415,-0.052083333333333336,52.38095238095239,-2.253623188405797,3.9454545454545453,-3.221590909090909,False,False,False,False
STATE,USCASH,5,60,215,0.31511627906976747,1.9524344110238987,-12.939392201834863,14.665741317169067,0.22287305884252345,0.413,4.619767441860465,53.48837209302325,1.3096590909090908,-3.282608695652174,3.086206896551724,True,False,False,False
STATE,ASIA,5,90,309,-2.5080906148867315,1.0415531207628441,-10.415881788570692,5.313271208765385,-0.3646327887653343,0.633,-0.2896440129449838,57.60517799352751,4.471238938053097,-2.734536082474227,-10.252525252525253,False,False,False,False
STATE,LDN,5,90,168,0.9613095238095238,1.424285962469061,-10.747574382485029,12.781918031945812,0.3397697040224104,0.367,-0.9345238095238095,52.38095238095239,-4.13768115942029,4.8545454545454545,4.090909090909091,True,False,False,False
STATE,USCASH,5,90,210,5.185714285714286,1.9727562592014478,-10.19509888813225,22.003109979973296,0.7885517208479775,0.223,6.266666666666667,52.85714285714286,9.125,-1.1544117647058822,6.834821428571429,True,False,False,False
STATE,ASIA,5,120,309,-4.269417475728155,1.0415531207628441,-13.548428011133604,5.412951975344591,-0.7500293223828521,0.773,-1.662621359223301,57.60517799352751,3.1238938053097347,-7.427835051546392,-9.613636363636363,False,False,False,False
STATE,LDN,5,120,168,6.529761904761905,1.424285962469061,-7.803178786574871,21.257586705202304,0.9817462262040255,0.1615,5.315476190476191,52.38095238095239,-10.23913043478261,7.927272727272728,31.079545454545453,True,False,False,False
STATE,USCASH,5,120,202,0.2660891089108911,2.0125370456322305,-17.234819185211773,18.75273174568335,0.13752543691639144,0.44,9.06559405940594,52.97029702970298,6.288235294117647,-0.39615384615384613,-8.75,True,False,False,False
STATE,ASIA,6,30,261,-3.9099616858237547,1.247889517005102,-9.542914452202922,1.3436095385143232,-1.1534992288068837,0.8725,0.03065134099616858,58.620689655172406,-0.951530612244898,-1.9464285714285714,-9.667721518987342,False,False,False,False
STATE,LDN,6,30,122,3.4754098360655736,1.7588411089862754,-3.2872523940705762,10.552627083333329,1.3709240149917277,0.0845,2.1639344262295084,57.377049180327866,-1.7545454545454546,6.065789473684211,10.0,True,True,False,False
STATE,USCASH,6,30,188,1.7420212765957446,2.3454192267271647,-7.605526145350423,11.48255531832298,0.6479663709398253,0.2525,7.414893617021277,51.59574468085106,5.1381578947368425,3.278688524590164,-5.1568627450980395,True,False,False,False
STATE,ASIA,6,60,261,-4.027777777777778,1.247889517005102,-10.692987463806265,2.65861192824913,-0.8578307461930561,0.807,2.728927203065134,58.620689655172406,4.494897959183674,-4.3898809523809526,-14.215189873417721,False,False,False,False
STATE,LDN,6,60,122,3.7725409836065573,1.7588411089862754,-5.49423629636687,13.412902212166912,1.0310907345228952,0.1525,-0.6823770491803278,57.377049180327866,3.640909090909091,4.690789473684211,2.8189655172413794,True,True,False,False
STATE,USCASH,6,60,187,5.628342245989304,2.3512288675468684,-6.379992651175812,18.71142257011603,1.1545860576492697,0.1135,2.839572192513369,51.33689839572193,7.1433333333333335,-5.594262295081967,16.823529411764707,True,True,False,False
STATE,ASIA,6,90,261,-7.190613026819923,1.247889517005102,-15.746883994654604,1.2618243654132266,-1.504394403964416,0.9335,2.5660919540229883,58.620689655172406,0.7270408163265306,-9.3125,-14.75632911392405,False,False,False,False
STATE,LDN,6,90,122,10.862704918032787,1.7588411089862754,-1.6546792222928586,25.058613563121753,1.700075915028515,0.043,-5.805327868852459,57.377049180327866,0.7318181818181818,10.546052631578947,30.49137931034483,True,True,False,False
STATE,USCASH,6,90,184,6.3396739130434785,2.3676098761107256,-10.14430300621477,23.89233763891447,0.918853126250322,0.187,3.9510869565217392,50.54347826086957,0.8233333333333334,8.63135593220339,11.91,True,False,False,False
STATE,ASIA,6,120,261,-3.907088122605364,1.247889517005102,-14.070621120529925,6.071796738730373,-0.5806387193502467,0.7205,-0.5756704980842912,58.620689655172406,5.339285714285714,-8.223214285714286,-10.787974683544304,False,False,False,False
STATE,LDN,6,120,122,18.079918032786885,1.7588411089862754,2.6570630081300814,38.21450954295234,1.9983599993657644,0.0245,-0.8709016393442623,57.377049180327866,3.4954545454545456,8.881578947368421,57.793103448275865,True,True,True,True
STATE,USCASH,6,120,181,-1.7513812154696133,2.387107115982463,-21.526092951304815,16.841391087243252,-0.07300152154970045,0.524,7.5,50.82872928176796,-5.597972972972973,12.495762711864407,-13.333333333333334,False,False,False,False
BOTH_er8_45,ASIA,1,30,961,-0.9745057232049948,0.0,-3.023905481557377,1.0928206158363587,0.22466873530668355,0.4105,-1.77159209157128,54.94276795005203,-1.7570422535211268,0.9254237288135593,-1.8834405144694535,False,False,False,False
BOTH_er8_45,LDN,1,30,521,-0.1866602687140115,0.0,-3.39618068833652,3.0352258405859116,0.6309817607058574,0.2775,0.4025911708253359,56.046065259117086,0.37142857142857144,1.9835329341317365,-3.517361111111111,False,False,False,False
BOTH_er8_45,USCASH,1,30,632,-0.12579113924050633,0.0,-5.723327910674012,6.052240692739523,0.4404115054055136,0.3285,-4.875791139240507,56.80379746835443,-2.0367924528301886,-3.6321243523316062,6.6738505747126435,False,False,False,False
BOTH_er8_45,LATE,1,30,60,3.4875,0.0,-8.304180904866048,16.197619942591583,0.69100541676608,0.26,-3.779166666666667,50.0,2.6481481481481484,-4.920454545454546,22.363636363636363,True,False,False,False
BOTH_er8_45,ASIA,1,60,961,-0.6860041623309053,0.0,-4.085185942577175,2.648026121197411,0.29232655883331127,0.3975,-1.832726326742976,54.94276795005203,1.356338028169014,-0.33559322033898303,-3.34967845659164,False,False,False,False
BOTH_er8_45,LDN,1,60,521,-3.829654510556622,0.0,-9.54366436413343,1.6068306547158149,-0.8586836639648437,0.801,-1.166506717850288,56.046065259117086,-0.9523809523809523,2.2904191616766467,-15.12326388888889,False,False,False,False
BOTH_er8_45,USCASH,1,60,631,0.16600633914421553,0.0,-7.5581325458693795,8.548638235294113,0.3686673384365535,0.3595,-7.4504754358161644,56.735340729001585,-2.21875,-1.4028497409326426,5.524425287356322,True,False,False,False
BOTH_er8_45,ASIA,1,90,961,-0.8446930280957337,0.0,-4.965078538359789,3.2267946291419753,0.14328870838551905,0.445,-1.1599895941727367,54.94276795005203,1.347887323943662,0.5584745762711865,-4.678456591639871,False,False,False,False
BOTH_er8_45,LDN,1,90,520,-2.2807692307692307,0.0,-9.152623562152135,4.752794331395337,-0.27906911663466066,0.609,-0.9288461538461539,55.96153846153846,-2.3142857142857145,9.634036144578314,-15.96701388888889,False,False,False,False
BOTH_er8_45,USCASH,1,90,607,0.5049423393739704,0.0,-9.957474120661253,11.989002918771902,0.32697671892405283,0.374,-9.106260296540363,56.83690280065898,2.653921568627451,-7.631648936170213,6.490853658536586,True,False,False,False
BOTH_er8_45,ASIA,1,120,961,-1.4008844953173778,0.0,-6.222400008793657,3.2707350053317676,-0.08665520195336703,0.534,0.024713839750260147,54.94276795005203,3.547183098591549,-0.7508474576271187,-7.665594855305466,False,False,False,False
BOTH_er8_45,LDN,1,120,520,-1.9745192307692307,0.0,-11.152583678368575,6.553726939516862,-0.16978664581406147,0.573,4.016826923076923,55.96153846153846,-2.1333333333333333,14.516566265060241,-20.75347222222222,False,False,False,False
BOTH_er8_45,USCASH,1,120,569,-2.0281195079086114,0.0,-15.332605719004455,11.385135102752841,-0.12622862151186193,0.5485,-8.153778558875219,56.59050966608085,3.0330578512396693,-14.491573033707866,4.640939597315437,False,False,False,False
BOTH_er8_45,ASIA,2,30,606,0.8626237623762376,0.23724933227293446,-1.8907501461264318,3.8399633875118875,1.4059083463945181,0.0785,0.4814356435643564,55.940594059405946,0.8440265486725663,3.4824324324324323,-1.6012820512820514,True,True,False,False
BOTH_er8_45,LDN,2,30,293,-3.5853242320819114,0.3666303141700317,-8.627583205691836,1.200056134801618,-0.9356615780438394,0.833,0.45563139931740615,56.996587030716725,-5.424,6.9222222222222225,-12.762820512820513,False,False,False,False
BOTH_er8_45,USCASH,2,30,378,0.42328042328042326,0.48865541788713246,-6.665825712872013,7.534967556842553,0.48391375311352325,0.3235,-2.2830687830687832,53.70370370370371,-0.37335526315789475,3.2804347826086957,-1.445945945945946,True,False,False,False
BOTH_er8_45,ASIA,2,60,606,0.29372937293729373,0.23724933227293446,-3.667251541277953,4.461466020954463,0.7046911304623183,0.2475,-0.5264026402640264,55.940594059405946,2.017699115044248,3.9945945945945946,-5.2153846153846155,True,False,False,False
BOTH_er8_45,LDN,2,60,292,-4.303938356164384,0.36726133983270753,-10.91866926248282,2.56104696155099,-0.9097884569334564,0.8165,-2.031678082191781,56.849315068493155,-6.84,10.297752808988765,-16.900641025641026,False,False,False,False
BOTH_er8_45,USCASH,2,60,378,-0.38293650793650796,0.48865541788713246,-10.99697418816889,10.276838607993318,0.16003944053717045,0.4285,-2.119708994708995,53.70370370370371,1.6875,1.9695652173913043,-5.655405405405405,False,False,False,False
BOTH_er8_45,ASIA,2,90,606,-0.6023102310231023,0.23724933227293446,-5.755295601844797,4.67855403525046,0.22481136953750766,0.404,0.933993399339934,55.940594059405946,1.676991150442478,5.078378378378378,-8.633333333333333,False,False,False,False
BOTH_er8_45,LDN,2,90,292,-2.2097602739726026,0.36726133983270753,-11.322306791569087,7.399248202362608,-0.21669298455260952,0.589,-0.615582191780822,56.849315068493155,-6.544,12.758426966292134,-12.342948717948717,False,False,False,False
BOTH_er8_45,USCASH,2,90,361,0.3871191135734072,0.5022795777148048,-13.072503517133073,14.26268454038996,0.2767844250355156,0.3915,-1.1945983379501386,54.57063711911358,7.02054794520548,-0.6022727272727273,-7.8,True,False,False,False
BOTH_er8_45,ASIA,2,120,606,1.38490099009901,0.23724933227293446,-4.2440886602870815,7.181734797297281,0.8196559218190923,0.2095,0.6035478547854786,55.940594059405946,5.221238938053097,6.301351351351351,-7.725641025641026,True,False,False,False
BOTH_er8_45,LDN,2,120,292,-4.017123287671233,0.36726133983270753,-15.19407506831608,7.530824431127317,-0.48758454895924414,0.692,-1.601027397260274,56.849315068493155,-3.788,10.058988764044944,-20.44551282051282,False,False,False,False
BOTH_er8_45,USCASH,2,120,346,4.625722543352601,0.504757574771005,-10.55259768114521,21.004577408583394,0.7640598778934958,0.2285,-2.7716763005780347,53.75722543352601,11.603571428571428,-2.540909090909091,2.6614583333333335,True,False,False,False
BOTH_er8_45,ASIA,3,30,413,-0.28934624697336564,0.5417015773643697,-3.7680208654072556,3.3119122898265076,0.48705375319628924,0.301,-3.0508474576271185,55.205811138014525,2.0955414012738856,0.33,-3.7385496183206106,False,False,False,False
BOTH_er8_45,LDN,3,30,222,-3.695945945945946,0.6960260424617821,-10.350860095220767,2.6813749999999983,-0.7727977837350036,0.7805,-5.851351351351352,58.55855855855856,-2.4945054945054945,-2.295774647887324,-7.175,False,False,False,False
BOTH_er8_45,USCASH,3,30,267,2.3679775280898876,0.8795826747328882,-6.178791972528265,11.239679663009403,0.7748598585336851,0.235,-5.540262172284645,55.80524344569289,-1.703883495145631,10.51602564102564,-0.14534883720930233,True,False,False,False
BOTH_er8_45,ASIA,3,60,413,1.061138014527845,0.5417015773643697,-3.902914653784219,5.864958694677026,0.8674177499134401,0.184,-2.690677966101695,55.205811138014525,1.6146496815286624,4.034,-2.4389312977099236,True,False,False,False
BOTH_er8_45,LDN,3,60,222,-2.1734234234234235,0.6960260424617821,-10.047059000240326,5.767653336476009,-0.22014392468488023,0.5795,-4.137387387387387,58.55855855855856,-8.280219780219781,5.566901408450704,-2.0708333333333333,False,False,False,False
BOTH_er8_45,USCASH,3,60,267,5.880149812734082,0.8795826747328882,-5.846597863162119,18.184352189781013,1.2068732721681459,0.114,-3.853932584269663,55.80524344569289,6.014563106796117,9.378205128205128,2.546511627906977,True,True,False,False
BOTH_er8_45,ASIA,3,90,413,0.7772397094430993,0.5417015773643697,-5.459879593284682,6.774904452907874,0.6062152533349678,0.263,0.20217917675544794,55.205811138014525,4.627388535031847,3.084,-6.038167938931298,True,False,False,False
BOTH_er8_45,LDN,3,90,222,-4.8907657657657655,0.6960260424617821,-15.826724793356208,5.482034177542314,-0.7090696713277621,0.7595,1.3006756756756757,58.55855855855856,-8.510989010989011,5.017605633802817,-11.125,False,False,False,False
BOTH_er8_45,USCASH,3,90,251,6.688247011952191,0.8953818643972474,-7.179834959349594,22.068895855102745,1.0110048484728813,0.1525,-1.9392430278884463,54.980079681274894,4.278947368421052,10.246666666666666,6.219135802469136,True,True,False,False
BOTH_er8_45,ASIA,3,120,413,-1.8571428571428572,0.5417015773643697,-9.060975831280787,5.08947396672033,-0.18714008502528273,0.5595,-0.8426150121065376,55.205811138014525,4.769108280254777,0.136,-11.700381679389313,False,False,False,False
BOTH_er8_45,LDN,3,120,222,-8.197072072072071,0.6960260424617821,-21.599050387596897,4.354140653926841,-1.0608373815012722,0.8545,-5.1024774774774775,58.55855855855856,-12.423076923076923,-3.7183098591549295,-7.0875,False,False,False,False
BOTH_er8_45,USCASH,3,120,245,5.604081632653061,0.9005093068827656,-10.156022509578545,22.56026802876214,0.8060499876890869,0.21,-4.748979591836735,54.285714285714285,3.278947368421053,12.965753424657533,1.4935064935064934,True,False,False,False
BOTH_er8_45,ASIA,4,30,319,-0.6175548589341693,0.8331514337086013,-4.550078494277121,3.0944577641984172,0.3146462050744505,0.3805,-1.896551724137931,54.858934169278996,1.25,-0.14030612244897958,-3.3914141414141414,False,False,False,False
BOTH_er8_45,LDN,4,30,151,-6.288079470198675,1.0794009942790614,-11.921157094594594,-0.26561836292585306,-1.698861206555223,0.9505,-3.384105960264901,57.615894039735096,-2.7958333333333334,-5.185,-12.74390243902439,False,False,False,False
BOTH_er8_45,USCASH,4,30,190,2.778947368421053,1.3869160386456933,-6.383599520666352,11.762136296768801,0.8291469886891742,0.2085,-4.213157894736842,56.84210526315789,2.9134615384615383,3.6313559322033897,1.6320754716981132,True,False,False,False
BOTH_er8_45,ASIA,4,60,319,1.1081504702194358,0.8331514337086013,-4.6049543489232025,6.80018769968051,0.7935264624827513,0.2105,-0.03761755485893417,54.858934169278996,0.8913934426229508,1.4107142857142858,1.0757575757575757,True,False,False,False
BOTH_er8_45,LDN,4,60,151,0.10927152317880795,1.0794009942790614,-8.678000411129384,9.531857638888885,0.274277264700618,0.393,-5.456953642384106,57.615894039735096,-0.29583333333333334,-4.25,6.0182926829268295,True,False,False,False
BOTH_er8_45,USCASH,4,60,190,4.475,1.3869160386456933,-9.52740977935677,19.040253649055966,0.7855368979719127,0.217,-1.6644736842105263,56.84210526315789,-0.1891025641025641,-0.2711864406779661,16.62264150943396,True,False,False,False
BOTH_er8_45,ASIA,4,90,319,2.572884012539185,0.8331514337086013,-4.151101973684211,9.669419752416365,1.0095756991826736,0.153,0.11050156739811912,54.858934169278996,6.567622950819672,0.7882653061224489,-0.5833333333333334,True,True,False,False
BOTH_er8_45,LDN,4,90,151,-4.814569536423841,1.0794009942790614,-16.89486643602541,7.292345858831412,-0.5780898350908159,0.7265,-10.549668874172186,57.615894039735096,-2.6958333333333333,-10.36,-1.1524390243902438,False,False,False,False
BOTH_er8_45,USCASH,4,90,183,13.501366120218579,1.3935924413729734,-3.351009205346892,32.53677618160856,1.5980948635437258,0.057,-4.0997267759562845,56.284153005464475,5.03,6.813559322033898,34.52040816326531,True,True,False,False
BOTH_er8_45,ASIA,4,120,319,-0.14890282131661442,0.8331514337086013,-8.50179806606437,8.434064250531192,0.2500956803030106,0.399,-1.7366771159874608,54.858934169278996,1.9897540983606556,-3.497448979591837,0.5303030303030303,False,False,False,False
BOTH_er8_45,LDN,4,120,151,-3.968543046357616,1.0794009942790614,-20.41371644295302,11.889300770962535,-0.34828899110104045,0.6435,-7.395695364238411,57.615894039735096,-5.120833333333334,-21.12,18.634146341463413,False,False,False,False
BOTH_er8_45,USCASH,4,120,174,10.739942528735632,1.444720076973532,-7.889350233100233,29.675381764864955,1.135272443288352,0.1335,-4.780172413793103,55.172413793103445,1.43,11.716981132075471,24.793478260869566,True,True,False,False
BOTH_er8_45,ASIA,5,30,245,1.8489795918367347,1.104651296869931,-2.97022585816673,6.4671314589665645,1.2508664837834569,0.101,-1.7,57.95918367346938,0.10051546391752578,3.2708333333333335,2.7335526315789473,True,True,False,False
BOTH_er8_45,LDN,5,30,116,1.6487068965517242,1.4031236137141099,-5.379996063877643,9.299160201990631,0.7158148027183786,0.2445,-6.2780172413793105,57.758620689655174,0.2554347826086957,4.972972972972973,-0.13636363636363635,True,False,False,False
BOTH_er8_45,USCASH,5,30,158,-0.2231012658227848,1.9240260460594145,-11.004183231756539,10.447537058627582,0.2042661389711027,0.415,3.7610759493670884,54.43037974683544,4.036885245901639,-7.1745283018867925,2.2443181818181817,False,False,False,False
BOTH_er8_45,ASIA,5,60,245,2.693877551020408,1.104651296869931,-4.208635204081633,9.588818359374995,1.2050862609471427,0.112,3.1285714285714286,57.95918367346938,4.713917525773196,3.736111111111111,-0.8717105263157895,True,True,False,False
BOTH_er8_45,LDN,5,60,116,-1.6185344827586208,1.4031236137141099,-10.446443704600483,7.2192279682890845,-0.09427168520884675,0.5405,-1.9633620689655173,57.758620689655174,0.483695652173913,4.844594594594595,-11.795454545454545,False,False,False,False
BOTH_er8_45,USCASH,5,60,157,3.9585987261146496,1.9292861405281352,-10.30634229957806,18.660766129032254,0.7208827233612731,0.2405,-1.9235668789808917,54.14012738853503,1.6958333333333333,-8.183962264150944,21.670454545454547,True,False,False,False
BOTH_er8_45,ASIA,5,90,245,0.7428571428571429,1.104651296869931,-7.765455581202652,9.010775560224085,0.46098658547194904,0.339,-0.24489795918367346,57.95918367346938,4.626288659793815,0.3020833333333333,-3.7960526315789473,True,False,False,False
BOTH_er8_45,LDN,5,90,116,3.625,1.4031236137141099,-8.912099282296651,16.36061989564428,0.7288859149505176,0.245,-4.448275862068965,57.758620689655174,-0.782608695652174,-1.2567567567567568,15.242424242424242,True,False,False,False
BOTH_er8_45,USCASH,5,90,153,2.1356209150326797,1.9551804540407485,-14.390442573129036,18.500413907284756,0.3687948338130695,0.3555,-1.9787581699346406,53.59477124183007,-6.191666666666666,-4.8125,23.134146341463413,True,False,False,False
BOTH_er8_45,ASIA,5,120,245,1.1081632653061224,1.104651296869931,-8.828709154564315,10.824141539812638,0.46892184639881995,0.3335,-2.836734693877551,57.95918367346938,5.706185567010309,-2.4027777777777777,-1.4342105263157894,True,False,False,False
BOTH_er8_45,LDN,5,120,116,17.637931034482758,1.4031236137141099,1.3802232573357212,36.50066371681415,1.9081780484615842,0.026,0.7931034482758621,57.758620689655174,2.9184782608695654,3.5,54.00757575757576,True,True,True,True
BOTH_er8_45,USCASH,5,120,146,-6.2688356164383565,2.0061006368877696,-27.058648574561403,14.178190877289872,-0.448539068911645,0.659,3.916095890410959,53.42465753424658,-15.016949152542374,-3.875,4.445945945945946,False,False,False,False
BOTH_er8_45,ASIA,6,30,197,0.031725888324873094,1.301353150350446,-4.973195142806095,5.537025222081214,0.47005396108292946,0.3145,2.2728426395939088,59.89847715736041,0.515625,-0.2625,-0.33771929824561403,True,False,False,False
BOTH_er8_45,LDN,6,30,84,4.244047619047619,1.6880419083144758,-4.131717180774749,13.854239322100293,1.0701994284959315,0.1485,0.7619047619047619,59.523809523809526,3.764705882352941,-0.7142857142857143,11.295454545454545,True,True,False,False
BOTH_er8_45,USCASH,6,30,124,2.3911290322580645,2.339873257186146,-8.609465971675846,13.745400775640148,0.5946857226180539,0.282,-0.2217741935483871,54.83870967741935,-9.627551020408163,1.625,20.09285714285714,True,False,False,False
BOTH_er8_45,ASIA,6,60,197,2.780456852791878,1.301353150350446,-3.2919283919597992,9.057548376057738,1.1277901172126985,0.1245,4.211928934010152,59.89847715736041,5.74375,2.220833333333333,-0.7894736842105263,True,True,False,False
BOTH_er8_45,LDN,6,60,84,1.8452380952380953,1.6880419083144758,-9.475688479505726,13.497711894586889,0.48848517662531665,0.3215,-0.2619047619047619,59.523809523809526,6.926470588235294,0.7589285714285714,-4.625,True,False,False,False
BOTH_er8_45,USCASH,6,60,123,14.658536585365853,2.3534345468760898,-0.610945247933884,31.46513571990558,1.9771724441558371,0.0245,-6.020325203252033,54.47154471544715,2.1770833333333335,6.34375,41.27857142857143,True,True,False,False
BOTH_er8_45,ASIA,6,90,197,-1.366751269035533,1.301353150350446,-9.305869289340102,6.780178318154662,-0.025799834315501508,0.5005,1.6256345177664975,59.89847715736041,0.24375,-5.2125,0.42105263157894735,False,False,False,False
BOTH_er8_45,LDN,6,90,84,8.755952380952381,1.6880419083144758,-5.430165048178259,23.270561658398286,1.2198050350603902,0.1135,-1.9583333333333333,59.523809523809526,14.955882352941176,-11.839285714285714,25.386363636363637,True,True,False,False
BOTH_er8_45,USCASH,6,90,121,11.962809917355372,2.3640903416548196,-5.978238058224986,31.16890120967741,1.4095235658438918,0.086,-1.921487603305785,53.71900826446281,-4.838541666666667,16.435897435897434,30.551470588235293,True,True,False,False
BOTH_er8_45,ASIA,6,120,197,3.6446700507614214,1.301353150350446,-5.967650537982888,13.614004143323987,0.8664144737790139,0.1995,-3.251269035532995,59.89847715736041,4.578125,-1.1416666666666666,7.37280701754386,True,False,False,False
BOTH_er8_45,LDN,6,120,84,15.782738095238095,1.6880419083144758,-2.2440963669950738,34.463063364569365,1.5906490789477017,0.056,-0.37797619047619047,59.523809523809526,17.691176470588236,-2.4642857142857144,36.05681818181818,True,True,False,False
BOTH_er8_45,USCASH,6,120,118,-1.8516949152542372,2.393907645158351,-21.50703381147541,16.916126666183704,-0.09353334117120492,0.544,10.26271186440678,54.23728813559322,-7.8936170212765955,13.205128205128204,-11.328125,False,False,False,False
NEITHER,ASIA,1,30,1586,-2.1978247162673394,0.0,-3.622773648367459,-0.7443605446901698,-1.1034460283015302,0.8635,-0.3686948297604035,50.63051702395964,-3.139324960753532,0.46061269146608314,-3.448170731707317,False,False,False,False
NEITHER,LDN,1,30,856,-0.5718457943925234,0.0,-2.714632982499828,1.7227162556475868,0.43874563708911185,0.334,-2.2786214953271027,49.29906542056075,-0.9827089337175793,-1.4343220338983051,0.6959706959706959,False,False,False,False
NEITHER,USCASH,1,30,1001,1.0694305694305695,0.0,-3.1861074569473065,5.447764266524711,1.017911084817681,0.158,0.10139860139860139,50.049950049950056,1.4245406824146982,3.0490506329113924,-1.433388157894737,True,True,False,False
NEITHER,LATE,1,30,112,0.6517857142857143,0.0,-7.148937908496732,7.723376270700107,0.5048454399754527,0.3045,-2.7232142857142856,49.107142857142854,7.568965517241379,-8.5,-4.071428571428571,True,False,False,False
NEITHER,ASIA,1,60,1586,-1.5100882723833544,0.0,-3.297296555093831,0.5486051016643636,-0.17504270909264263,0.5675,-0.0362547288776797,50.63051702395964,-2.609105180533752,0.5683807439824945,-2.0177845528455283,False,False,False,False
NEITHER,LDN,1,60,856,-3.1550817757009346,0.0,-7.477874449331683,0.8618932152838106,-0.6256386201147146,0.73,-1.1025116822429906,49.29906542056075,0.1707492795389049,-8.15572033898305,-3.0595238095238093,False,False,False,False
NEITHER,USCASH,1,60,999,1.897897897897898,0.0,-2.873770560356844,7.10954780982906,0.8361579147198807,0.2015,-0.25575575575575576,50.050050050050054,3.9223684210526315,1.307936507936508,-0.02138157894736842,True,False,False,False
NEITHER,LATE,1,60,66,3.515151515151515,0.0,-5.687003490611459,14.17818181818181,0.7013774240228152,0.249,-5.068181818181818,42.42424242424242,3.4293478260869565,3.7125,,True,False,False,False
NEITHER,ASIA,1,90,1586,-1.476670870113493,0.0,-3.4848335278833344,0.8044737971886416,-0.10814584697405942,0.54,1.5759773013871374,50.63051702395964,-4.040031397174254,3.177242888402626,-2.480691056910569,False,False,False,False
NEITHER,LDN,1,90,856,-2.5321261682242993,0.0,-6.972125881564375,1.8849270390516504,-0.285405506269667,0.608,-3.7289719626168223,49.29906542056075,-3.1873198847262247,0.5444915254237288,-4.358974358974359,False,False,False,False
NEITHER,USCASH,1,90,947,1.866948257655755,0.0,-3.5524340238682584,7.5410361720074,0.584704058800448,0.2715,-0.46092925026399156,50.36958817317846,5.591530054644808,-0.6569767441860465,-0.2883928571428571,True,False,False,False
NEITHER,ASIA,1,120,1586,-1.6168032786885247,0.0,-3.763136332515862,0.6763033477167089,-0.1496944166391105,0.5565,3.7697036569987388,50.63051702395964,-2.5298273155416013,0.800328227571116,-2.6798780487804876,False,False,False,False
NEITHER,LDN,1,120,855,-5.227485380116959,0.0,-9.997957409656848,-0.2890367692077511,-0.7359456606330358,0.766,-3.024561403508772,49.239766081871345,-5.015129682997118,0.3478723404255319,-10.296703296703297,False,False,False,False
NEITHER,USCASH,1,120,886,2.0211625282167045,0.0,-4.2375871979781845,8.533013481993278,0.4373280530008898,0.325,-0.7113431151241535,50.338600451467265,4.456920903954802,-4.903368794326241,6.383,True,False,False,False
NEITHER,ASIA,2,30,1161,-1.2284668389319553,0.12795232187986919,-3.2581937929061784,0.9641364035237039,0.04002898981928205,0.468,0.7650732127476314,51.335055986218784,-1.0192307692307692,-0.41570605187319887,-2.2792479108635098,False,False,False,False
NEITHER,LDN,2,30,621,0.15619967793880837,0.19885035014120103,-3.063617015679259,3.3180694100450405,0.8912829817875335,0.1805,-2.3309178743961354,50.24154589371981,0.07,-4.671348314606742,4.72020725388601,True,False,False,False
NEITHER,USCASH,2,30,702,-0.6225071225071225,0.3455903728382535,-5.351474530831099,4.590495860587096,0.23917257662387664,0.414,-3.8703703703703702,50.142450142450144,1.0449640287769784,-0.8,-2.7034313725490198,False,False,False,False
NEITHER,LATE,2,30,80,3.58125,0.1814843651885772,-6.372066995986415,14.820813078703688,0.9274395734970378,0.1815,2.44375,42.5,12.6875,-18.58,15.486842105263158,True,False,False,False
NEITHER,ASIA,2,60,1161,-0.8083548664944014,0.12795232187986919,-3.4608244551619105,2.008316373239431,0.2789891264520884,0.4015,1.5887166236003445,51.335055986218784,-1.8379120879120878,0.7319884726224783,-0.9923398328690808,False,False,False,False
NEITHER,LDN,2,60,621,-1.6147342995169083,0.19885035014120103,-7.703895577557756,3.8762075409062233,-0.09423229777191346,0.54,-3.96256038647343,50.24154589371981,-0.718,-5.23876404494382,0.5660621761658031,False,False,False,False
NEITHER,USCASH,2,60,701,0.8519971469329529,0.3460553428916285,-5.805049641391758,7.954241808920699,0.5405625572540645,0.297,-4.34058487874465,50.21398002853067,3.8944043321299637,-1.5636363636363637,-0.6740196078431373,True,False,False,False
NEITHER,ASIA,2,90,1161,-0.8079242032730405,0.12795232187986919,-3.8254835164835166,2.4119215938303333,0.19421854000920974,0.4395,3.4435831180017225,51.335055986218784,-2.4423076923076925,1.3501440922190202,-0.8224233983286908,False,False,False,False
NEITHER,LDN,2,90,621,-1.1924315619967794,0.19885035014120103,-7.4816523913043484,4.749736465220067,0.023932784052653037,0.486,-3.0982286634460547,50.24154589371981,-2.093,2.831460674157303,-3.7370466321243523,False,False,False,False
NEITHER,USCASH,2,90,660,3.934848484848485,0.3512254769861597,-3.5756811320754713,12.003870954070983,1.0560935678713437,0.1465,-3.0174242424242426,50.303030303030305,3.939814814814815,-4.641990291262136,13.529891304347826,True,True,False,False
NEITHER,ASIA,2,120,1161,-2.2052110249784667,0.12795232187986919,-5.4820218632019255,1.312432405956112,-0.3768589721253608,0.6435,3.806847545219638,51.335055986218784,-0.4087912087912088,-1.2384726224783862,-5.4164345403899725,False,False,False,False
NEITHER,LDN,2,120,620,-4.005241935483871,0.19943859328792765,-11.62856594488189,3.699847027487978,-0.5264992235657336,0.697,-3.284274193548387,50.16129032258064,-6.019,2.8742937853107344,-7.705958549222798,False,False,False,False
NEITHER,USCASH,2,120,617,5.4145056726094,0.36834587191311047,-3.891396484375,16.107342552766713,1.0204082703963655,0.1535,0.3488654781199352,50.24311183144247,3.232421875,-6.108974358974359,22.316265060240966,True,True,False,False
NEITHER,ASIA,3,30,947,0.06546990496304118,0.25947821568519763,-2.2591357048009444,2.448054679651341,1.2321415829816027,0.116,-0.9070749736008448,52.692713833157335,-0.4230769230769231,-0.1950354609929078,0.9003322259136213,True,True,False,False
NEITHER,LDN,3,30,508,-2.3326771653543306,0.4291850084254186,-8.539558173076923,2.6630364284133092,-0.44788555070311814,0.664,-0.7578740157480315,51.37795275590551,1.9825870646766168,-8.594178082191782,-2.0419254658385095,False,False,False,False
NEITHER,USCASH,3,30,563,0.9285079928952042,0.6454720505685583,-4.028494789524202,6.331171878684034,0.7473791711291157,0.2295,-2.5484014209591472,50.26642984014209,4.341216216216216,-5.125,3.1974522292993632,True,False,False,False
NEITHER,ASIA,3,60,947,0.3117740232312566,0.25947821568519763,-2.7284581203076277,3.309638223629731,1.0309949425095983,0.1525,1.0293030623020063,52.692713833157335,-2.3097527472527473,3.976950354609929,0.04817275747508306,True,True,False,False
NEITHER,LDN,3,60,508,-1.4744094488188977,0.4291850084254186,-8.280327155750939,4.369085321175608,-0.07577253976485988,0.535,-2.6131889763779528,51.37795275590551,1.845771144278607,2.0633561643835616,-8.827639751552795,False,False,False,False
NEITHER,USCASH,3,60,563,0.8352575488454707,0.6454720505685583,-5.915263663405627,7.79227977567067,0.5412971927302039,0.3,-4.597246891651865,50.26642984014209,0.7804054054054054,-5.9021739130434785,8.80891719745223,True,False,False,False
NEITHER,ASIA,3,90,947,0.5739176346356917,0.25947821568519763,-2.5746536765174017,4.138883094535746,0.9795853130967346,0.1625,2.6752903907074974,52.692713833157335,-0.23832417582417584,1.7163120567375887,0.48588039867109634,True,False,False,False
NEITHER,LDN,3,90,507,-3.5113412228796843,0.43014057412305545,-11.69923337822448,4.196719779765704,-0.5549184796705983,0.702,-1.7845167652859961,51.28205128205128,0.08582089552238806,3.93448275862069,-14.70807453416149,False,False,False,False
NEITHER,USCASH,3,90,531,0.873352165725047,0.669981265450266,-8.282657557142358,10.872888066657802,0.39898190341493994,0.34,-3.7537664783427496,50.470809792843696,-0.7766203703703703,-13.485549132947977,20.87676056338028,True,False,False,False
NEITHER,ASIA,3,120,947,-0.2932946145723337,0.25947821568519763,-4.081693285356508,3.5976252040526546,0.41474057772325623,0.351,2.102164730728617,52.692713833157335,0.9010989010989011,2.734042553191489,-4.573920265780731,False,False,False,False
NEITHER,LDN,3,120,507,-4.274161735700197,0.43014057412305545,-13.407062279843444,4.145860659983415,-0.516534171725777,0.7025,-2.706114398422091,51.28205128205128,-1.4427860696517414,6.077586206896552,-17.13198757763975,False,False,False,False
NEITHER,USCASH,3,120,506,0.833498023715415,0.6760209338022691,-9.711640130353818,12.098648010615534,0.33565976082456533,0.375,-1.8641304347826086,50.39525691699605,-0.6833333333333333,-10.811746987951807,18.153846153846153,True,False,False,False
NEITHER,ASIA,4,30,792,-1.2443181818181819,0.40389559353822924,-3.5427751404620977,1.3377836722664294,-0.006700456723674494,0.5035,0.22537878787878787,52.77777777777778,-2.1017915309446256,-0.6859243697478992,-0.7165991902834008,False,False,False,False
NEITHER,LDN,4,30,446,-3.858183856502242,0.6633223646540021,-10.011762340085697,1.6182165444302705,-0.8328166086932938,0.7855,-1.7998878923766817,51.79372197309418,0.005780346820809248,-0.6537037037037037,-11.83695652173913,False,False,False,False
NEITHER,USCASH,4,30,475,-2.0231578947368423,0.9145585181904424,-7.620045731707317,3.856782990847384,-0.2525362748814387,0.6075,-3.738947368421053,50.94736842105263,-1.1230569948186528,-3.4017241379310343,-1.832116788321168,False,False,False,False
NEITHER,ASIA,4,60,792,-0.2342171717171717,0.40389559353822924,-3.473745317534257,3.2055352354969386,0.5488724207662637,0.2945,2.727272727272727,52.77777777777778,-2.8599348534201954,-0.2027310924369748,2.998987854251012,False,False,False,False
NEITHER,LDN,4,60,446,-3.557174887892377,0.6633223646540021,-10.456372417469304,3.003853883939108,-0.6438669174009705,0.74,1.3385650224215246,51.79372197309418,-0.6083815028901735,6.940740740740741,-17.52355072463768,False,False,False,False
NEITHER,USCASH,4,60,473,0.2510570824524313,0.9180325396829544,-7.634586042664842,8.191114907654208,0.3592198082743655,0.366,-3.2119450317124736,51.162790697674424,-1.805699481865285,-8.025862068965518,12.08148148148148,True,False,False,False
NEITHER,ASIA,4,90,792,-1.9892676767676767,0.40389559353822924,-6.334455944839159,2.3376407643757577,-0.4032641572739014,0.646,3.4551767676767677,52.77777777777778,-0.8102605863192183,-0.23214285714285715,-5.147773279352227,False,False,False,False
NEITHER,LDN,4,90,445,-6.437078651685393,0.6636637567036584,-15.43394185399423,1.8532605134539935,-1.0852850194817296,0.855,-0.4550561797752809,51.68539325842697,-0.044797687861271675,6.876865671641791,-27.378623188405797,False,False,False,False
NEITHER,USCASH,4,90,443,0.18566591422121898,0.9489964837785303,-9.799762302098763,10.73203879720433,0.25104461236443054,0.394,0.3809255079006772,51.0158013544018,-7.5997267759562845,-4.782608695652174,17.483606557377048,True,False,False,False
NEITHER,ASIA,4,120,792,-2.5804924242424243,0.40389559353822924,-7.517594651973917,2.3876372839493567,-0.5972491408159686,0.729,4.855113636363637,52.77777777777778,-0.6872964169381107,-0.7090336134453782,-6.7368421052631575,False,False,False,False
NEITHER,LDN,4,120,445,-6.329213483146067,0.6636637567036584,-16.54472288167883,3.5582464317359945,-0.7512063494790908,0.7675,-1.2483146067415731,51.68539325842697,0.565028901734104,5.764925373134329,-26.715579710144926,False,False,False,False
NEITHER,USCASH,4,120,433,-3.7211316397228638,0.9546414189425912,-15.33119971189784,8.918836805555543,-0.3961444904396271,0.649,-2.3712471131639723,51.50115473441108,-6.925824175824176,-12.188432835820896,10.961538461538462,False,False,False,False
NEITHER,ASIA,5,30,675,-1.2862962962962963,0.5993711223511259,-3.904935093498754,1.5113228699551542,-0.0491616139214921,0.5285,-0.2544444444444444,53.03703703703704,-3.9166666666666665,2.2392344497607657,-1.5661057692307692,False,False,False,False
NEITHER,LDN,5,30,392,0.30994897959183676,0.8868055632191272,-4.416711441815309,5.0934862927629085,0.6065675487561087,0.268,0.610969387755102,53.06122448979592,-1.805732484076433,9.28483606557377,-6.4402654867256635,True,False,False,False
NEITHER,USCASH,5,30,416,-4.519230769230769,1.2171482833988607,-10.13579772416693,1.4995089157008585,-0.8849378366851661,0.806,-2.0625,51.20192307692307,-4.886363636363637,-6.111788617886178,-2.515625,False,False,False,False
NEITHER,ASIA,5,60,675,-1.8214814814814815,0.5993711223511259,-5.553583014809532,2.2945531548010036,-0.320518201326361,0.6235,1.7222222222222223,53.03703703703704,-2.5397286821705425,0.2284688995215311,-2.9903846153846154,False,False,False,False
NEITHER,LDN,5,60,391,-1.8254475703324808,0.8873414769271396,-9.228847986222032,5.515515654667337,-0.18623387892865553,0.585,2.3190537084398977,52.94117647058824,-2.2070063694267517,12.070247933884298,-16.174778761061948,False,False,False,False
NEITHER,USCASH,5,60,414,-3.0754830917874396,1.2221846280784703,-11.017515060240964,5.804896219092499,-0.3655106727300693,0.6385,-0.4607487922705314,51.449275362318836,-4.884848484848485,-11.223577235772357,7.248015873015873,False,False,False,False
NEITHER,ASIA,5,90,675,-3.6059259259259258,0.5993711223511259,-8.185572649946096,1.2369766598790513,-1.0370811567073284,0.853,1.1274074074074074,53.03703703703704,-1.5329457364341086,0.5633971291866029,-10.366586538461538,False,False,False,False
NEITHER,LDN,5,90,391,1.551150895140665,0.8873414769271396,-8.927898674929132,13.018495759222661,0.5169909318506182,0.294,1.4616368286445012,52.94117647058824,-1.164012738853503,18.026859504132233,-12.31858407079646,True,False,False,False
NEITHER,USCASH,5,90,394,-7.28743654822335,1.2395557172652099,-16.6913338110668,2.672448308631535,-0.9258603309651691,0.834,1.5831218274111676,51.26903553299492,-8.75,-7.9809322033898304,-4.564655172413793,False,False,False,False
NEITHER,ASIA,5,120,675,-3.5644444444444443,0.5993711223511259,-8.719260305307875,1.5943436142109417,-0.8651592135892395,0.8065,3.196296296296296,53.03703703703704,-0.7965116279069767,0.6590909090909091,-11.241586538461538,False,False,False,False
NEITHER,LDN,5,120,391,4.345907928388747,0.8873414769271396,-7.018873957553726,16.479415064102565,0.9038872954323585,0.1845,1.0735294117647058,52.94117647058824,1.480891719745223,14.991735537190083,-3.0730088495575223,True,False,False,False
NEITHER,USCASH,5,120,378,-11.825396825396826,1.2616393713229999,-23.85321608040201,0.6501646255598096,-1.4753502837073311,0.9275,-4.53042328042328,52.116402116402114,-10.977419354838709,-9.063063063063064,-15.736607142857142,False,False,False,False
NEITHER,ASIA,6,30,586,-0.7192832764505119,0.7750152504520824,-3.324973407766376,2.0936186844529474,0.3405356560606266,0.374,0.6390784982935154,53.58361774744027,-1.6625,-1.3797297297297297,1.1022099447513811,False,False,False,False
NEITHER,LDN,6,30,343,-2.837463556851312,1.1245764155793672,-8.201304759680266,2.273558460421205,-0.7449526320802891,0.77,1.5502915451895043,54.518950437317784,-2.1286764705882355,2.727272727272727,-10.141752577319588,False,False,False,False
NEITHER,USCASH,6,30,366,1.4351092896174864,1.4613070151868452,-5.647086392807585,8.632091779279278,0.7937194844059452,0.2025,1.8121584699453552,49.72677595628415,0.38286713286713286,-7.100877192982456,11.743119266055047,True,False,False,False
NEITHER,ASIA,6,60,586,-3.1906996587030716,0.7750152504520824,-7.179419454193826,1.0740000252678366,-1.0202499064331305,0.8435,0.8843856655290102,53.58361774744027,0.9272727272727272,-2.3202702702702704,-9.085635359116022,False,False,False,False
NEITHER,LDN,6,60,342,-2.134502923976608,1.1260055916390175,-10.411992683453969,6.305065927692913,-0.26448227588034295,0.6035,3.3932748538011697,54.385964912280706,2.03125,7.094036697247707,-18.34536082474227,False,False,False,False
NEITHER,USCASH,6,60,366,0.3797814207650273,1.4613070151868452,-9.033734045910826,10.869887052940738,0.3502712211998694,0.3705,7.967213114754099,49.72677595628415,-5.84965034965035,-3.9035087719298245,13.03211009174312,True,False,False,False
NEITHER,ASIA,6,90,586,-4.647184300341297,0.7750152504520824,-9.442571888237211,0.7138967980059397,-1.478003089828768,0.931,2.6198805460750854,53.58361774744027,-0.37272727272727274,-1.9972972972972973,-12.55110497237569,False,False,False,False
NEITHER,LDN,6,90,342,0.8735380116959064,1.1260055916390175,-9.114327302191928,10.39629543178803,0.41939493502669717,0.344,5.734649122807017,54.385964912280706,2.3621323529411766,10.954128440366972,-12.541237113402062,True,False,False,False
NEITHER,USCASH,6,90,358,-5.07891061452514,1.47146480938188,-18.244555443688377,9.21442984554401,-0.5834188387868612,0.7225,-0.12639664804469275,50.27932960893855,-1.403169014084507,-18.405405405405407,4.038095238095238,False,False,False,False
NEITHER,ASIA,6,120,586,-5.074232081911263,0.7750152504520824,-10.975537007276802,0.7180102495543645,-1.4014340325337178,0.917,3.491467576791809,53.58361774744027,-0.1431818181818182,-3.9527027027027026,-12.214088397790055,False,False,False,False
NEITHER,LDN,6,120,342,2.960526315789474,1.1260055916390175,-8.335178396871944,13.621846508324522,0.675562588940385,0.254,4.304093567251462,54.385964912280706,3.672794117647059,9.557339449541285,-5.451030927835052,True,False,False,False
NEITHER,USCASH,6,120,337,-7.144658753709199,1.5221542673224213,-21.21881401707122,7.322037611841628,-0.8971933679330938,0.8155,-3.2841246290801185,50.74183976261127,-4.9653284671532845,-22.615384615384617,6.505208333333333,False,False,False,False
