hold_min,clean,friction,n,ALL,TRAIN_n,VALIDATE_n,TEST_n,TRAIN_mean,VALIDATE_mean,TEST_mean,TRAIN_t,VALIDATE_t,TEST_t
30,True,0.75,2059,-0.22328800388538128,807,625,627,1.241635687732342,-3.6568,1.3137958532695375,0.9089657919573064,-1.7522897836959301,0.53483679719016
30,True,1.0,2059,-0.4732880038853813,807,625,627,0.991635687732342,-3.9068,1.0637958532695375,0.7259479790557231,-1.8720864490656475,0.4330636039160385
30,True,1.25,2059,-0.7232880038853813,807,625,627,0.741635687732342,-4.1568,0.8137958532695375,0.5429301661541396,-1.9918831144353648,0.331290410641917
30,True,1.5,2059,-0.9732880038853813,807,625,627,0.491635687732342,-4.4068,0.5637958532695375,0.3599123532525562,-2.111679779805082,0.2295172173677955
30,True,2.0,2059,-1.4732880038853813,807,625,627,-0.008364312267657992,-4.9068,0.06379585326953748,-0.006123272550610597,-2.351273110544517,0.02597083081955253
45,True,0.75,2042,0.34035259549461316,800,619,623,1.6253125,-1.4034733441033926,0.4229534510433387,0.9224595356153198,-0.5555854639429324,0.14271121962740863
45,True,1.0,2042,0.09035259549461316,800,619,623,1.3753125,-1.6534733441033926,0.17295345104333867,0.7805699704370357,-0.6545516228438462,0.058357244458646214
45,True,1.25,2042,-0.15964740450538684,800,619,623,1.1253125,-1.9034733441033926,-0.07704654895666131,0.6386804052587515,-0.7535177817447598,-0.02599673071011618
45,True,1.5,2042,-0.40964740450538684,800,619,623,0.8753125,-2.1534733441033924,-0.3270465489566613,0.4967908400804674,-0.8524839406456735,-0.11035070587887857
45,True,2.0,2042,-0.9096474045053868,800,619,623,0.3753125,-2.6534733441033924,-0.8270465489566613,0.21301170972389907,-1.0504162584475008,-0.27905865621640336
60,True,0.75,2000,0.7435,779,610,611,0.831193838254172,0.20942622950819673,1.1648936170212767,0.39881274483518386,0.07093906897068486,0.32868253874603515
60,True,1.0,2000,0.49350000000000005,779,610,611,0.581193838254172,-0.04057377049180328,0.9148936170212766,0.27886095787510345,-0.013743576963009397,0.2581433637640093
60,True,1.25,2000,0.24350000000000005,779,610,611,0.33119383825417203,-0.2905737704918033,0.6648936170212766,0.15890917091502307,-0.09842622289670365,0.1876041887819835
60,True,1.5,2000,-0.00649999999999995,779,610,611,0.08119383825417202,-0.5405737704918033,0.4148936170212766,0.03895738395494267,-0.18310886883039793,0.1170650137999577
60,True,2.0,2000,-0.5065,779,610,611,-0.41880616174582797,-1.0405737704918032,-0.0851063829787234,-0.2009461899652181,-0.3524741606977864,-0.024013336164093887
75,True,0.75,1983,0.6082955118507312,774,605,604,0.39147286821705424,1.2987603305785125,0.1945364238410596,0.16925305223628495,0.3976192324995857,0.04768170226891487
75,True,1.0,1983,0.35829551185073116,774,605,604,0.14147286821705427,1.0487603305785125,-0.055463576158940396,0.0611657069962812,0.321081009253563,-0.013594357668158707
75,True,1.25,1983,0.10829551185073116,774,605,604,-0.10852713178294573,0.7987603305785124,-0.3054635761589404,-0.04692163824372256,0.24454278600754026,-0.07487041760523228
75,True,1.5,1983,-0.14170448814926884,774,605,604,-0.35852713178294576,0.5487603305785124,-0.5554635761589404,-0.15500898348372633,0.16800456276151757,-0.13614647754230585
75,True,2.0,1983,-0.6417044881492688,774,605,604,-0.8585271317829457,0.048760330578512395,-1.0554635761589404,-0.3711836739637338,0.014928116269472195,-0.258698597416453
90,True,0.75,1961,0.9781998980112188,767,600,594,-1.0016297262059974,2.5845833333333332,1.912037037037037,-0.3815842262756349,0.7357372697564066,0.4358670336795659
90,True,1.0,1961,0.7281998980112188,767,600,594,-1.2516297262059974,2.3345833333333332,1.662037037037037,-0.4768250663515906,0.6645713239473071,0.3788771551839326
90,True,1.25,1961,0.47819989801121876,767,600,594,-1.5016297262059974,2.0845833333333332,1.412037037037037,-0.5720659064275464,0.5934053781382077,0.3218872766882993
90,True,1.5,1961,0.22819989801121876,767,600,594,-1.7516297262059974,1.8345833333333332,1.162037037037037,-0.6673067465035021,0.5222394323291082,0.26489739819266594
90,True,2.0,1961,-0.27180010198878124,767,600,594,-2.2516297262059974,1.3345833333333332,0.6620370370370371,-0.8577884266554135,0.37990754071090926,0.15091764120139936
120,True,0.75,1914,-0.040882967607105525,742,588,584,-0.386455525606469,1.3214285714285714,-0.973458904109589,-0.12909106937442563,0.3146646839193372,-0.19043466693920805
120,True,1.0,1914,-0.2908829676071055,742,588,584,-0.636455525606469,1.0714285714285714,-1.2234589041095891,-0.21260072366895383,0.2551335275021653,-0.23934137120152008
120,True,1.25,1914,-0.5408829676071055,742,588,584,-0.886455525606469,0.8214285714285714,-1.4734589041095891,-0.296110377963482,0.1956023710849934,-0.2882480754638321
120,True,1.5,1914,-0.7908829676071055,742,588,584,-1.136455525606469,0.5714285714285714,-1.7234589041095891,-0.37962003225801016,0.1360712146678215,-0.3371547797261441
120,True,2.0,1914,-1.2908829676071054,742,588,584,-1.636455525606469,0.07142857142857142,-2.223458904109589,-0.5466393408470666,0.017008901833477686,-0.43496818825076805
150,True,0.75,1871,0.33244254409406726,726,573,572,3.419421487603306,2.0475567190226878,-5.303758741258742,0.9858751159417005,0.42125651261337993,-0.9036068758327669
150,True,1.0,1871,0.08244254409406726,726,573,572,3.169421487603306,1.7975567190226875,-5.553758741258742,0.9137960289151472,0.3698224657931228,-0.9461996350397173
150,True,1.25,1871,-0.16755745590593274,726,573,572,2.919421487603306,1.5475567190226875,-5.803758741258742,0.8417169418885939,0.31838841897286563,-0.9887923942466676
150,True,1.5,1871,-0.41755745590593274,726,573,572,2.669421487603306,1.2975567190226875,-6.053758741258742,0.7696378548620406,0.26695437215260853,-1.031385153453618
150,True,2.0,1871,-0.9175574559059327,726,573,572,2.169421487603306,0.7975567190226877,-6.553758741258742,0.6254796808089339,0.16408627851209429,-1.1165706718675188
180,True,0.75,1830,0.9523224043715848,709,563,558,3.8628349788434413,3.5,-5.316308243727598,0.9936549683043326,0.6600823498915939,-0.8433035052738943
180,True,1.0,1830,0.7023224043715848,709,563,558,3.6128349788434413,3.25,-5.566308243727598,0.929346308100976,0.6129336106136228,-0.8829599485524071
180,True,1.25,1830,0.4523224043715848,709,563,558,3.3628349788434413,3.0,-5.816308243727598,0.8650376478976194,0.5657848713356519,-0.9226163918309199
180,True,1.5,1830,0.20232240437158477,709,563,558,3.1128349788434413,2.75,-6.066308243727598,0.8007289876942627,0.5186361320576809,-0.9622728351094327
180,True,2.0,1830,-0.2976775956284152,709,563,558,2.6128349788434413,2.25,-6.566308243727598,0.6721116672875495,0.42433865350173894,-1.0415857216664584
30,False,0.75,2574,0.016414141414141437,995,799,780,1.0236180904522614,-2.370775969962453,1.176923076923077,0.8451748271438647,-1.3279137582057408,0.5488517698078196
30,False,1.0,2574,-0.23358585858585856,995,799,780,0.7736180904522613,-2.620775969962453,0.926923076923077,0.6387563310692094,-1.4679432016274627,0.4322656095545246
30,False,1.25,2574,-0.48358585858585856,995,799,780,0.5236180904522613,-2.870775969962453,0.676923076923077,0.4323378349945542,-1.6079726450491847,0.3156794493012296
30,False,1.5,2574,-0.7335858585858586,995,799,780,0.2736180904522613,-3.120775969962453,0.4269230769230769,0.22591933891989904,-1.7480020884709064,0.19909328904793455
30,False,2.0,2574,-1.2335858585858586,995,799,780,-0.22638190954773868,-3.620775969962453,-0.07307692307692308,-0.1869176532294114,-2.02806097531435,-0.03407903145865547
45,False,0.75,2556,0.40757042253521125,988,793,775,1.3861336032388665,-0.3896595208070618,-0.024193548387096774,0.900384619830133,-0.18134057938114487,-0.009238751737849613
45,False,1.0,2556,0.15757042253521125,988,793,775,1.1361336032388665,-0.6396595208070618,-0.27419354838709675,0.7379932353116643,-0.29768611291613506,-0.10470585302896228
45,False,1.25,2556,-0.09242957746478875,988,793,775,0.8861336032388664,-0.8896595208070618,-0.5241935483870968,0.5756018507931956,-0.4140316464511253,-0.20017295432007495
45,False,1.5,2556,-0.34242957746478875,988,793,775,0.6361336032388664,-1.139659520807062,-0.7741935483870968,0.4132104662747269,-0.5303771799861156,-0.2956400556111876
45,False,2.0,2556,-0.8424295774647887,988,793,775,0.1361336032388664,-1.639659520807062,-1.2741935483870968,0.08842769723778961,-0.7630682470560959,-0.486574258193413
60,False,0.75,2504,0.5949480830670926,964,781,759,0.8700726141078838,0.5006402048655569,0.3425559947299078,0.4793133360369866,0.19779121882569825,0.10990147671250775
60,False,1.0,2504,0.34494808306709257,964,781,759,0.6200726141078838,0.250640204865557,0.09255599472990778,0.34159111370027867,0.09902207438652286,0.02969453361174488
60,False,1.25,2504,0.09494808306709257,964,781,759,0.37007261410788383,0.0006402048655569782,-0.15744400527009222,0.20386889136357075,0.00025292994734744023,-0.05051240948901798
60,False,1.5,2504,-0.15505191693290743,964,781,759,0.12007261410788382,-0.24935979513444304,-0.4074440052700922,0.06614666902686284,-0.09851621449182799,-0.13071935258978085
60,False,2.0,2504,-0.6550519169329074,964,781,759,-0.37992738589211617,-0.7493597951344431,-0.9074440052700923,-0.209297775646553,-0.2960545033701788,-0.2911332387913066
75,False,0.75,2483,-0.08759565042287554,958,774,751,0.5618475991649269,0.5597545219638242,-1.5832223701731025,0.27367207685385603,0.19813762488535533,-0.4415183510880724
75,False,1.0,2483,-0.33759565042287554,958,774,751,0.31184759916492694,0.3097545219638243,-1.8332223701731025,0.15189880717155504,0.10964453679460806,-0.5112366609423916
75,False,1.25,2483,-0.5875956504228755,958,774,751,0.06184759916492693,0.05975452196382429,-2.0832223701731025,0.03012553748925401,0.021151448703860782,-0.5809549707967109
75,False,1.5,2483,-0.8375956504228755,958,774,751,-0.18815240083507306,-0.1902454780361757,-2.3332223701731025,-0.091647732193047,-0.06734163938688649,-0.6506732806510301
75,False,2.0,2483,-1.3375956504228754,958,774,751,-0.6881524008350731,-0.6902454780361758,-2.8332223701731025,-0.3351942715576491,-0.24432781556838107,-0.7901099003596687
90,False,0.75,2456,0.23239006514657978,949,766,741,-0.0345100105374078,0.6139033942558747,0.17982456140350878,-0.014582932194408678,0.2002233359698951,0.04648202908544977
90,False,1.0,2456,-0.017609934853420217,949,766,741,-0.2845100105374078,0.36390339425587465,-0.07017543859649122,-0.12022570053405629,0.11868634747816748,-0.018139328423590156
90,False,1.25,2456,-0.2676099348534202,949,766,741,-0.5345100105374078,0.11390339425587467,-0.3201754385964912,-0.22586846887370385,0.03714935898643987,-0.08276068593263008
90,False,1.5,2456,-0.5176099348534202,949,766,741,-0.7845100105374078,-0.13609660574412533,-0.5701754385964912,-0.33151123721335146,-0.04438762950528775,-0.14738204344167
90,False,2.0,2456,-1.0176099348534202,949,766,741,-1.2845100105374079,-0.6360966057441253,-1.0701754385964912,-0.5427967738926467,-0.20746160648874298,-0.2766247584597499
120,False,0.75,2398,0.1578398665554629,923,750,725,0.835590465872156,0.5013333333333333,-1.0603448275862069,0.30779849467575116,0.13573919948986474,-0.23878183847079484
120,False,1.0,2398,-0.0921601334445371,923,750,725,0.585590465872156,0.25133333333333335,-1.3103448275862069,0.215708377792212,0.06805010399957316,-0.2950799955086245
120,False,1.25,2398,-0.3421601334445371,923,750,725,0.335590465872156,0.0013333333333333333,-1.5603448275862069,0.12361826090867283,0.0003610085092815552,-0.3513781525464542
120,False,1.5,2398,-0.5921601334445371,923,750,725,0.08559046587215602,-0.24866666666666667,-1.8103448275862069,0.03152814402513367,-0.06732808698101005,-0.40767630958428386
120,False,2.0,2398,-1.092160133444537,923,750,725,-0.414409534127844,-0.7486666666666667,-2.310344827586207,-0.15265208974194466,-0.20270627796159324,-0.5202726236599432
150,False,0.75,2351,-0.2238409187579753,904,734,713,2.982853982300885,0.6774523160762943,-5.217391304347826,0.9487103467056086,0.16247886128358363,-1.0199977576613648
150,False,1.0,2351,-0.4738409187579753,904,734,713,2.732853982300885,0.4274523160762943,-5.467391304347826,0.8691967037033955,0.10251934183554422,-1.0688726502159718
150,False,1.25,2351,-0.7238409187579753,904,734,713,2.482853982300885,0.17745231607629428,-5.717391304347826,0.7896830607011824,0.04255982238750481,-1.1177475427705788
150,False,1.5,2351,-0.9738409187579753,904,734,713,2.232853982300885,-0.07254768392370572,-5.967391304347826,0.7101694176989694,-0.017399697060534597,-1.166622435325186
150,False,2.0,2351,-1.4738409187579753,904,734,713,1.732853982300885,-0.5725476839237057,-6.467391304347826,0.5511421316945433,-0.1373187359566134,-1.2643722204344001
180,False,0.75,2301,0.18263798348544114,881,722,698,2.973893303064699,2.4456371191135733,-5.6812320916905446,0.8389971777161153,0.5407426712248325,-1.0306554151940366
180,False,1.0,2301,-0.06736201651455886,881,722,698,2.723893303064699,2.1956371191135733,-5.9312320916905446,0.7684669760397892,0.4854664134555661,-1.0760089317622774
180,False,1.25,2301,-0.31736201651455886,881,722,698,2.473893303064699,1.9456371191135735,-6.1812320916905446,0.697936774363463,0.43019015568629965,-1.1213624483305185
180,False,1.5,2301,-0.5673620165145589,881,722,698,2.223893303064699,1.6956371191135735,-6.4312320916905446,0.627406572687137,0.37491389791703317,-1.1667159648987593
180,False,2.0,2301,-1.0673620165145588,881,722,698,1.7238933030646992,1.1956371191135735,-6.9312320916905446,0.48634616933448477,0.2643613823785002,-1.2574229980352412
