hold_min,clean,n,gross
30,True,2059,0.5267119961146187
45,True,2042,1.0903525954946132
60,True,2000,1.4935
75,True,1983,1.3582955118507312
90,True,1961,1.7281998980112188
120,True,1914,0.7091170323928945
150,True,1871,1.0824425440940673
180,True,1830,1.7023224043715848
30,False,2574,0.7664141414141414
45,False,2556,1.1575704225352113
60,False,2504,1.3449480830670926
75,False,2483,0.6624043495771245
90,False,2456,0.9823900651465798
120,False,2398,0.9078398665554629
150,False,2351,0.5261590812420247
180,False,2301,0.9326379834854411
