scope,pair,k,h,thr,split,n,mean_pt,ci_lo,ci_hi,mean_usd,twin_mean,twin_sd,edge_over_twin,edge_in_twin_sd
us_hours,MGC->MNQ,1,5,all,train,36568,-1.417113323124043,-1.6454989631390833,-1.1782008623598441,-2.834226646248086,-1.2464536106167814,0.11931962864696388,-0.17065971250726153,-1.4302735806545273
us_hours,MGC->MNQ,1,5,all,validate,28280,-1.5009812588401696,-1.8222098817800643,-1.2092324317965304,-3.0019625176803393,,,,
us_hours,MGC->MNQ,1,5,all,test,27525,-1.1941780199818346,-1.717486655756471,-0.6869333350781632,-2.388356039963669,,,,
us_hours,MGC->MNQ,1,5,top20,train,7519,-1.2358026333289,-1.7984580952786446,-0.6855201587044992,-2.4716052666578,-1.3278837226737337,0.2764869894363391,0.09208108934483361,0.3330395022657484
us_hours,MGC->MNQ,1,5,top20,validate,8436,-1.3409791370317685,-2.0502112427362826,-0.6687096389722564,-2.681958274063537,,,,
us_hours,MGC->MNQ,1,5,top20,test,4131,-0.9048051319293149,-2.4541933663051947,0.4659664723948416,-1.8096102638586298,,,,
us_hours,MGC->MNQ,1,15,all,train,35732,-1.3192376581215717,-1.7257637257046496,-0.8972102512018888,-2.6384753162431434,-1.195640256202764,0.17955395151800205,-0.12359740191880775,-0.6883580164840644
us_hours,MGC->MNQ,1,15,all,validate,27615,-1.3406029331884846,-1.860761824860473,-0.8042430028673472,-2.681205866376969,,,,
us_hours,MGC->MNQ,1,15,all,test,26885,-0.958992002975637,-1.6839974178596984,-0.279927023644194,-1.917984005951274,,,,
us_hours,MGC->MNQ,1,15,top20,train,7418,-1.2907454839579402,-2.464192558165984,-0.10445807359667884,-2.5814909679158804,-1.266941427181759,0.5411486520596945,-0.02380405677618125,-0.04398801823783422
us_hours,MGC->MNQ,1,15,top20,validate,8340,-0.5872601918465228,-1.7898292567806264,0.5588672567565032,-1.1745203836930456,,,,
us_hours,MGC->MNQ,1,15,top20,test,4118,0.96369596891695,-1.4887322685753581,3.172385237101594,1.9273919378339,,,,
us_hours,MGC->MNQ,1,30,all,train,34477,-1.5275328479856136,-2.1067515478521175,-0.930791861528781,-3.0550656959712272,-1.1279866932187885,0.19819089217515568,-0.3995461547668251,-2.015966275653662
us_hours,MGC->MNQ,1,30,all,validate,26622,-1.5894654796784615,-2.344761253178983,-0.8413249579891118,-3.178930959356923,,,,
us_hours,MGC->MNQ,1,30,all,test,25906,-0.8191442136956689,-1.775691923035361,0.14263694468376364,-1.6382884273913378,,,,
us_hours,MGC->MNQ,1,30,top20,train,7130,-1.5021388499298738,-3.3202920743675133,0.3380784585598755,-3.0042776998597476,-1.1023455204911374,0.6068415697670047,-0.39979332943873636,-0.6588100574458603
us_hours,MGC->MNQ,1,30,top20,validate,8090,-0.7613102595797281,-2.3625805768096018,0.8642841474004612,-1.5226205191594562,,,,
us_hours,MGC->MNQ,1,30,top20,test,3999,1.1448487121780444,-2.1315771855818184,4.404547378193731,2.289697424356089,,,,
us_hours,MGC->MNQ,1,60,all,train,31882,-1.3071325512828555,-2.376875892293569,-0.3308496678052289,-2.614265102565711,-1.0915614534943094,0.39962575529757427,-0.2155710977885461,-0.539432443807394
us_hours,MGC->MNQ,1,60,all,validate,24625,-0.9133299492385787,-1.9313446380093326,0.07234710582183142,-1.8266598984771574,,,,
us_hours,MGC->MNQ,1,60,all,test,23944,-0.6752526729034414,-2.1335390231803104,0.9055104667140829,-1.3505053458068828,,,,
us_hours,MGC->MNQ,1,60,top20,train,6378,-0.24921605518971465,-3.0232365975101736,2.6672269229525996,-0.4984321103794293,-0.9397982061630763,0.8750118072881048,0.6905821509733616,0.7892260941182726
us_hours,MGC->MNQ,1,60,top20,validate,7339,0.14620520506881046,-2.229801228884579,2.499116278141976,0.2924104101376209,,,,
us_hours,MGC->MNQ,1,60,top20,test,3572,1.0682390817469205,-3.8508768399010553,6.871783762815687,2.136478163493841,,,,
us_hours,MGC->MNQ,5,5,all,train,37207,-1.5194922998360523,-1.9157933830842155,-1.1298076463737143,-3.0389845996721045,-1.2338524496090115,0.11716634718746785,-0.28563985022704075,-2.4379001059921483
us_hours,MGC->MNQ,5,5,all,validate,28391,-1.749207495333028,-2.3362883368694103,-1.178142473954334,-3.498414990666056,,,,
us_hours,MGC->MNQ,5,5,all,test,27862,-1.1007285909123536,-1.8478520508163663,-0.48910121054408,-2.2014571818247073,,,,
us_hours,MGC->MNQ,5,5,top20,train,7532,-1.2085767392458842,-2.2999819420415224,-0.22265899423477806,-2.4171534784917683,-1.2826930273560169,0.36739657812936016,0.07411628811013271,0.20173374637157454
us_hours,MGC->MNQ,5,5,top20,validate,8447,-2.070883153782408,-3.4008521831492153,-0.7745239737535078,-4.141766307564816,,,,
us_hours,MGC->MNQ,5,5,top20,test,4159,-0.6351887472950228,-3.450813874596966,1.8836097545640833,-1.2703774945900457,,,,
us_hours,MGC->MNQ,5,15,all,train,36316,-1.311432977200132,-2.085662057999878,-0.512574319611779,-2.622865954400264,-1.1306612701757095,0.222686563782174,-0.18077170702442258,-0.8117764446769613
us_hours,MGC->MNQ,5,15,all,validate,27710,-1.288136051966799,-2.2958960633319365,-0.29507076810194255,-2.576272103933598,,,,
us_hours,MGC->MNQ,5,15,all,test,27197,-0.828859800713314,-1.9141266496425484,0.18242473180687915,-1.657719601426628,,,,
us_hours,MGC->MNQ,5,15,top20,train,7325,-1.0423890784982934,-3.379104146024422,1.449447919708522,-2.084778156996587,-1.099786945658233,0.5477100217883651,0.05739786715993955,0.1047960871201989
us_hours,MGC->MNQ,5,15,top20,validate,8214,-1.68063671779888,-3.9285302635722577,0.5477482365842896,-3.36127343559776,,,,
us_hours,MGC->MNQ,5,15,top20,test,4066,1.6793531726512543,-2.992035279878714,5.722924011615389,3.3587063453025086,,,,
us_hours,MGC->MNQ,5,30,all,train,34986,-1.179636140170354,-2.257837683321464,-0.11498232002910698,-2.359272280340708,-1.0065056360255997,0.3553373386149794,-0.17313050414475417,-0.4872285722057124
us_hours,MGC->MNQ,5,30,all,validate,26699,-1.356380388778606,-2.852067545013832,0.13191317991757914,-2.712760777557212,,,,
us_hours,MGC->MNQ,5,30,all,test,26189,0.05129061819848028,-1.5133955310887668,1.6893802771154343,0.10258123639696055,,,,
us_hours,MGC->MNQ,5,30,top20,train,7070,-1.1272630834512023,-5.017047384240756,2.9179914230144415,-2.2545261669024046,-0.916348361131684,0.8578803458215971,-0.21091472231951824,-0.2458556409956262
us_hours,MGC->MNQ,5,30,top20,validate,7977,-1.5191174627052777,-4.901330330290428,1.997933796528167,-3.0382349254105554,,,,
us_hours,MGC->MNQ,5,30,top20,test,3970,3.4433879093198994,-2.1906380311906655,9.234006267140703,6.886775818639799,,,,
us_hours,MGC->MNQ,5,60,all,train,32308,-0.40845146712888447,-2.239302756576583,1.528841696859023,-0.8169029342577689,-0.7761355802967573,0.4412131376644172,0.36768411316787286,0.8333480619236006
us_hours,MGC->MNQ,5,60,all,validate,24661,-0.6132557479420948,-2.9582134093241668,1.7425379104544751,-1.2265114958841896,,,,
us_hours,MGC->MNQ,5,60,all,test,24166,-0.6625217247372341,-3.2466750382353062,2.1539088766077423,-1.3250434494744683,,,,
us_hours,MGC->MNQ,5,60,top20,train,6533,1.622531761824583,-4.048856399064813,7.484082496366792,3.245063523649166,-0.7227058072854462,1.1816804531065528,2.3452375691100293,1.9846630812454997
us_hours,MGC->MNQ,5,60,top20,validate,7476,-0.34480337078651685,-5.783133150159057,5.006595035468255,-0.6896067415730337,,,,
us_hours,MGC->MNQ,5,60,top20,test,3695,1.3188768606224628,-7.322203562718003,9.925560698975945,2.6377537212449256,,,,
us_hours,MGC->MNQ,15,5,all,train,36522,-1.3078213131810963,-1.819633074878942,-0.7980272685242291,-2.6156426263621926,-1.2097896004961195,0.12416888038380645,-0.09803171268497679,-0.7895030734106679
us_hours,MGC->MNQ,15,5,all,validate,27878,-1.2312127842743381,-1.8348146456952876,-0.6340739341477604,-2.4624255685486762,,,,
us_hours,MGC->MNQ,15,5,all,test,27412,-1.0490843426236685,-1.8259549756933482,-0.3463576883559274,-2.098168685247337,,,,
us_hours,MGC->MNQ,15,5,top20,train,7370,-1.3241519674355495,-2.7766881388607687,0.1406255823535538,-2.648303934871099,-1.1564180355532945,0.3887773536256945,-0.16773393188225505,-0.4314395638480148
us_hours,MGC->MNQ,15,5,top20,validate,8051,-1.1717488510744007,-2.533433183895862,0.14790200092136654,-2.3434977021488015,,,,
us_hours,MGC->MNQ,15,5,top20,test,4096,-0.92742919921875,-3.1287834707088007,1.3212437362000649,-1.8548583984375,,,,
us_hours,MGC->MNQ,15,15,all,train,35628,-1.3586926013248006,-2.5122016462003223,-0.18875506869937125,-2.7173852026496013,-1.1347285651399805,0.19755282654668838,-0.22396403618482008,-1.1336918843420842
us_hours,MGC->MNQ,15,15,all,validate,27197,-1.4063775416406221,-2.678550810435943,-0.12750323461055169,-2.8127550832812442,,,,
us_hours,MGC->MNQ,15,15,all,test,26731,-0.8508753881261457,-2.2948282167496834,0.5911551733864626,-1.7017507762522914,,,,
us_hours,MGC->MNQ,15,15,top20,train,7144,-1.3397256438969765,-5.11429627920031,2.4613633836901134,-2.679451287793953,-0.7440297485762752,0.779507920265755,-0.5956958953207012,-0.7641947949901685
us_hours,MGC->MNQ,15,15,top20,validate,7846,-1.073190160591384,-4.471547860205574,2.3976252200245676,-2.146380321182768,,,,
us_hours,MGC->MNQ,15,15,top20,test,4004,-0.004370629370629371,-4.636741265674708,4.474509832040555,-0.008741258741258742,,,,
us_hours,MGC->MNQ,15,30,all,train,34278,-1.586484042242838,-3.6221828617210723,0.321384658957871,-3.172968084485676,-0.968888950980622,0.2806235682536803,-0.6175950912622159,-2.2007955180154983
us_hours,MGC->MNQ,15,30,all,validate,26172,-0.8607958887360538,-2.987257064073278,1.3365729041908676,-1.7215917774721077,,,,
us_hours,MGC->MNQ,15,30,all,test,25708,0.26608448731912243,-2.385702558195412,2.901397931614756,0.5321689746382449,,,,
us_hours,MGC->MNQ,15,30,top20,train,6886,1.3476982282892827,-4.280224633568715,6.965560634297268,2.6953964565785653,-0.12898314473779307,1.1330288244796203,1.4766813730270758,1.3033043300599956
us_hours,MGC->MNQ,15,30,top20,validate,7613,0.7471102062261921,-4.490034116589057,6.122561244644231,1.4942204124523841,,,,
us_hours,MGC->MNQ,15,30,top20,test,3912,0.324450408997955,-7.173094823627473,8.11989243308329,0.64890081799591,,,,
us_hours,MGC->MNQ,15,60,all,train,31580,-0.008035148828372387,-3.030805728663962,2.9963434758408938,-0.016070297656744774,-0.7355868942457591,0.4504882032969183,0.7275517454173867,1.6150295170722924
us_hours,MGC->MNQ,15,60,all,validate,24126,1.1149071541076017,-2.642946512351708,4.771848405603787,2.2298143082152033,,,,
us_hours,MGC->MNQ,15,60,all,test,23653,-0.28519638100875155,-4.5315641955640436,3.9882868529252606,-0.5703927620175031,,,,
us_hours,MGC->MNQ,15,60,top20,train,6345,6.435066981875493,-1.579944944846077,14.045785752197194,12.870133963750986,0.9874189799531902,1.5843963910371104,5.447648001922302,3.4383112917572314
us_hours,MGC->MNQ,15,60,top20,validate,7139,2.8962389690432833,-5.530759791514551,11.175799804230573,5.7924779380865665,,,,
us_hours,MGC->MNQ,15,60,top20,test,3598,-6.992843246247915,-19.122495303721053,4.8023143772770505,-13.98568649249583,,,,
us_hours,MGC->MNQ,30,5,all,train,35273,-1.0472245059960876,-1.622827088798967,-0.46393876676777046,-2.0944490119921753,-1.1953626359917031,0.12560147264699442,0.1481381299956155,1.1794298814629411
us_hours,MGC->MNQ,30,5,all,validate,26894,-1.2543504127314642,-1.8988005918260669,-0.6377817254527957,-2.5087008254629284,,,,
us_hours,MGC->MNQ,30,5,all,test,26423,-1.0541479014494948,-1.744826761869649,-0.3258095101559133,-2.1082958028989895,,,,
us_hours,MGC->MNQ,30,5,top20,train,7055,-1.21144578313253,-2.8593643616852624,0.31808110384617944,-2.42289156626506,-1.0234715068762468,0.36902409784820084,-0.18797427625628327,-0.5093821171906422
us_hours,MGC->MNQ,30,5,top20,validate,7853,-1.0172545524003564,-2.638799853584966,0.5348637785345904,-2.034509104800713,,,,
us_hours,MGC->MNQ,30,5,top20,test,4075,-1.0531901840490798,-2.7829799037123237,0.629900374496105,-2.1063803680981597,,,,
us_hours,MGC->MNQ,30,15,all,train,34376,-0.6477047940423551,-2.316791782830231,1.0424707664933759,-1.2954095880847103,-1.013027920609823,0.20112033464715084,0.3653231265674678,1.8164405265553942
us_hours,MGC->MNQ,30,15,all,validate,26210,-0.6583078977489508,-2.3075907587616866,0.8997149655578202,-1.3166157954979016,,,,
us_hours,MGC->MNQ,30,15,all,test,25735,-0.5116184184962114,-2.2599140231507,1.3328546031871285,-1.0232368369924227,,,,
us_hours,MGC->MNQ,30,15,top20,train,6912,0.8139467592592593,-3.3806432819908845,4.759664826733051,1.6278935185185186,-0.35508109651420394,0.7652297522435749,1.1690278557734632,1.5276821795624045
us_hours,MGC->MNQ,30,15,top20,validate,7731,-0.3879834432803001,-4.083612939372914,3.2898303757093834,-0.7759668865606002,,,,
us_hours,MGC->MNQ,30,15,top20,test,4063,-0.6036180162441546,-5.680706608230781,4.5856150660244905,-1.2072360324883091,,,,
us_hours,MGC->MNQ,30,30,all,train,33020,-0.2998485766202302,-3.5111517291439664,2.989119458093824,-0.5996971532404604,-0.6236762664510589,0.288745694830108,0.3238276898308287,1.121497898077276
us_hours,MGC->MNQ,30,30,all,validate,25180,-0.5250198570293884,-3.583324545839731,2.4165267439389346,-1.0500397140587767,,,,
us_hours,MGC->MNQ,30,30,all,test,24710,0.5625961149332254,-3.0151701880203774,4.378118983530868,1.1251922298664507,,,,
us_hours,MGC->MNQ,30,30,top20,train,6638,5.060560409761976,-1.8607847301035607,11.570685823203487,10.121120819523952,0.7143964199131501,0.9731940690825783,4.346163989848826,4.465875952106774
us_hours,MGC->MNQ,30,30,top20,validate,7502,1.8561383631031725,-5.002449918590338,8.50147379337161,3.712276726206345,,,,
us_hours,MGC->MNQ,30,30,top20,test,3917,1.4151774317079397,-10.845179528385135,13.9948011333705,2.8303548634158795,,,,
us_hours,MGC->MNQ,30,60,all,train,30309,2.6461117159919496,-1.8129999736634776,7.448130289301409,5.292223431983899,-0.02870311201681052,0.37611535266352697,2.6748148280087602,7.11168743595971
us_hours,MGC->MNQ,30,60,all,validate,23129,1.0066258809287043,-3.6294429357849554,5.6088076564113,2.0132517618574086,,,,
us_hours,MGC->MNQ,30,60,all,test,22661,-0.7500992895282644,-5.88518111698653,4.674542823551282,-1.5001985790565289,,,,
us_hours,MGC->MNQ,30,60,top20,train,6096,13.17433562992126,2.814316921103007,23.374441201219,26.34867125984252,2.396265723100833,1.498322743102932,10.778069906820427,7.193423417240349
us_hours,MGC->MNQ,30,60,top20,validate,6969,3.599081647295164,-7.237387213436683,13.682898105410802,7.198163294590328,,,,
us_hours,MGC->MNQ,30,60,top20,test,3590,-3.650974930362117,-22.51253131973111,16.565270209381083,-7.301949860724234,,,,
us_hours,MGC->MNQ,60,5,all,train,32609,-0.8858673985709467,-1.458174640949714,-0.2916380408168344,-1.7717347971418933,-1.132290781833285,0.14840086757033283,0.24642338326233837,1.660525219945557
us_hours,MGC->MNQ,60,5,all,validate,24902,-1.0594932133965143,-1.7587163599879916,-0.4073363008379637,-2.1189864267930285,,,,
us_hours,MGC->MNQ,60,5,all,test,24396,-0.954664699131005,-1.7675697016086396,-0.0650076346409622,-1.90932939826201,,,,
us_hours,MGC->MNQ,60,5,top20,train,6528,-0.06525735294117647,-1.734570747776743,1.6507029366021362,-0.13051470588235295,-0.8936516255157944,0.4057380942748577,0.8283942725746178,2.0416970559669503
us_hours,MGC->MNQ,60,5,top20,validate,7071,-0.4967472776127846,-2.2687743222884733,1.172605160845539,-0.9934945552255692,,,,
us_hours,MGC->MNQ,60,5,top20,test,3656,-0.6947483588621444,-2.8170183326670113,1.2509323931472132,-1.3894967177242887,,,,
us_hours,MGC->MNQ,60,15,all,train,31701,-0.13339484558846723,-1.7062987378537102,1.4251315207022686,-0.26678969117693446,-0.8550747221631431,0.20538637067969825,0.7216798765746758,3.513767121870718
us_hours,MGC->MNQ,60,15,all,validate,24215,-0.5750671071649803,-2.5150358482474164,1.35806965753929,-1.1501342143299607,,,,
us_hours,MGC->MNQ,60,15,all,test,23716,-0.23610642604149099,-2.1211525752877955,1.8478911434052052,-0.47221285208298197,,,,
us_hours,MGC->MNQ,60,15,top20,train,6319,2.273579680329166,-2.593847052060293,7.050209550705725,4.547159360658332,-0.15888618643823946,0.7935237987280518,2.4324658667674055,3.0653974974240628
us_hours,MGC->MNQ,60,15,top20,validate,6868,1.652118520675597,-2.932351552013906,6.006115594371907,3.304237041351194,,,,
us_hours,MGC->MNQ,60,15,top20,test,3553,-0.868561778778497,-7.6940433287138905,5.819535286831984,-1.737123557556994,,,,
us_hours,MGC->MNQ,60,30,all,train,30343,0.9633523382658273,-2.0095639887765233,3.947744246156622,1.9267046765316547,-0.46941073523434235,0.31146148898783715,1.4327630735001697,4.600129146483726
us_hours,MGC->MNQ,60,30,all,validate,23183,-0.3881508001552862,-3.699859306134099,3.0114542218828744,-0.7763016003105724,,,,
us_hours,MGC->MNQ,60,30,all,test,22690,1.508869546055531,-2.0857851133640413,5.337188696208554,3.017739092111062,,,,
us_hours,MGC->MNQ,60,30,top20,train,6073,7.179647620615841,-1.2609146858593736,16.068785884317332,14.359295241231681,1.0218374388266294,1.192659335888878,6.157810181789211,5.163092256515857
us_hours,MGC->MNQ,60,30,top20,validate,6642,2.6546597410418546,-5.255158517108058,9.95147344639964,5.309319482083709,,,,
us_hours,MGC->MNQ,60,30,top20,test,3400,-2.0758823529411763,-14.775179247894435,11.207466095282989,-4.151764705882353,,,,
us_hours,MGC->MNQ,60,60,all,train,27628,3.672460909222528,-1.3332826724417584,8.3246854746902,7.344921818445056,0.15798696889047115,0.39273691818886475,3.514473940332057,8.948672196490497
us_hours,MGC->MNQ,60,60,all,validate,21127,-0.6486723150470961,-6.2414643272036106,5.282860718444717,-1.2973446300941922,,,,
us_hours,MGC->MNQ,60,60,all,test,20633,4.266817719187709,-2.4756633177067426,11.417954209757184,8.533635438375418,,,,
us_hours,MGC->MNQ,60,60,top20,train,5541,12.017235156109006,-1.3008927102997117,26.12617920111031,24.034470312218012,3.2455957476228603,1.6702361651699884,8.771639408486145,5.251736006802014
us_hours,MGC->MNQ,60,60,top20,validate,6206,2.7396471156944893,-8.808111082489194,14.190823174361409,5.4792942313889785,,,,
us_hours,MGC->MNQ,60,60,top20,test,3163,6.884840341447992,-17.03345445754577,30.873791350052482,13.769680682895984,,,,
us_hours,MNQ->MGC,1,5,all,train,37522,-0.3532860721709923,-0.42759698688871783,-0.2612401424300677,-3.532860721709923,-0.4342039179421576,0.03519835585442555,0.08091784577116534,2.2989098157262764
us_hours,MNQ->MGC,1,5,all,validate,28686,-0.4433242696785878,-0.5141025381737381,-0.3672592712118745,-4.433242696785878,,,,
us_hours,MNQ->MGC,1,5,all,test,28269,-0.4650836605468893,-0.516307681692245,-0.4111056216915939,-4.650836605468893,,,,
us_hours,MNQ->MGC,1,5,top20,train,7463,-0.27894278440305265,-0.4595987895864779,-0.06286232642821692,-2.7894278440305262,-0.4182308224397195,0.10545998043296166,0.13928803803666684,1.3207667729960262
us_hours,MNQ->MGC,1,5,top20,validate,7294,-0.4152454071839834,-0.623615553539018,-0.21387415413926555,-4.152454071839834,,,,
us_hours,MNQ->MGC,1,5,top20,test,9652,-0.45129506837961286,-0.5702619633022161,-0.3422217975468171,-4.512950683796129,,,,
us_hours,MNQ->MGC,1,15,all,train,36636,-0.3518124249372211,-0.45801991725398594,-0.21535268114212866,-3.518124249372211,-0.42891068313039227,0.057040784624439705,0.07709825819317118,1.3516339002135263
us_hours,MNQ->MGC,1,15,all,validate,28018,-0.4944428581626092,-0.5923048979757217,-0.3803615297652606,-4.944428581626092,,,,
us_hours,MNQ->MGC,1,15,all,test,27594,-0.4827027614698875,-0.5743944131140426,-0.3928753539271665,-4.827027614698875,,,,
us_hours,MNQ->MGC,1,15,top20,train,7383,-0.21569145333874779,-0.5771443239349474,0.26124071946826194,-2.1569145333874777,-0.41693194089545793,0.16793978451380956,0.20124048755671015,1.1982895425244653
us_hours,MNQ->MGC,1,15,top20,validate,7220,-0.5591689750692477,-0.8837525378771283,-0.2519738449025887,-5.591689750692477,,,,
us_hours,MNQ->MGC,1,15,top20,test,9584,-0.5255843071786293,-0.7172858867159015,-0.33392374062945857,-5.255843071786293,,,,
us_hours,MNQ->MGC,1,30,all,train,35305,-0.33855119671434575,-0.5401652207950628,-0.10966360328342795,-3.3855119671434575,-0.39598321159646,0.09189905407737184,0.057432014882114246,0.624946746826806
us_hours,MNQ->MGC,1,30,all,validate,27007,-0.474252971451845,-0.6397956431768431,-0.29979762758317136,-4.74252971451845,,,,
us_hours,MNQ->MGC,1,30,all,test,26576,-0.44888245033112706,-0.5485582767035431,-0.3568176544291548,-4.488824503311271,,,,
us_hours,MNQ->MGC,1,30,top20,train,7023,0.001886658123313433,-0.6553317242747068,0.9680180489788611,0.01886658123313433,-0.34074188279064854,0.26257473549950944,0.342628540913962,1.3048800763796338
us_hours,MNQ->MGC,1,30,top20,validate,6883,-0.5255629812581679,-0.9223766026205871,-0.09383993635425068,-5.255629812581679,,,,
us_hours,MNQ->MGC,1,30,top20,test,9222,-0.45854478421166933,-0.6697642816289202,-0.2454151206044793,-4.585447842116693,,,,
us_hours,MNQ->MGC,1,60,all,train,32615,-0.1107235934386038,-0.4225448239824702,0.3168764696191082,-1.107235934386038,-0.36953097922831846,0.1249405329875809,0.25880738578971463,2.071444547266659
us_hours,MNQ->MGC,1,60,all,validate,24966,-0.6114876231675065,-0.8721903607000341,-0.3834777089627202,-6.114876231675065,,,,
us_hours,MNQ->MGC,1,60,all,test,24529,-0.3992804435566073,-0.5825463379192078,-0.21762563004240426,-3.992804435566073,,,,
us_hours,MNQ->MGC,1,60,top20,train,6445,0.5985027152831669,-0.6240522900567581,2.7558513592551743,5.985027152831669,-0.37143615110932443,0.2823943717494005,0.9699388663924913,3.434696167575267
us_hours,MNQ->MGC,1,60,top20,validate,6328,-0.7712863463969554,-1.364451218151567,-0.1548640459058025,-7.712863463969554,,,,
us_hours,MNQ->MGC,1,60,top20,test,8470,-0.5006493506493509,-0.8578513944804851,-0.1522561343084437,-5.006493506493509,,,,
us_hours,MNQ->MGC,5,5,all,train,37456,-0.352522960273386,-0.45224993727224067,-0.2338692212755096,-3.5252296027338597,-0.44671459145597725,0.03081431740423264,0.09419163118259127,3.0567489114541657
us_hours,MNQ->MGC,5,5,all,validate,28662,-0.413987160700576,-0.5372327943033511,-0.29637090897605933,-4.13987160700576,,,,
us_hours,MNQ->MGC,5,5,all,test,28202,-0.4277604425218054,-0.500976897859911,-0.3523222183045609,-4.277604425218054,,,,
us_hours,MNQ->MGC,5,5,top20,train,7469,-0.2041170170036124,-0.4396596494355102,0.06818761482815701,-2.041170170036124,-0.4208050664010279,0.08248109388657,0.21668804939741548,2.62712385574578
us_hours,MNQ->MGC,5,5,top20,validate,7481,-0.42615292073251715,-0.7570474166440362,-0.10629472783028272,-4.261529207325172,,,,
us_hours,MNQ->MGC,5,5,top20,test,9752,-0.40438884331419184,-0.599630311142561,-0.1946845973730028,-4.043888433141919,,,,
us_hours,MNQ->MGC,5,15,all,train,36564,-0.33612843233781914,-0.5563839477141576,-0.09060903054520991,-3.3612843233781913,-0.4189891187974827,0.06640318698094515,0.08286068645966355,1.2478420122130733
us_hours,MNQ->MGC,5,15,all,validate,27981,-0.4436170973160361,-0.6837478423436769,-0.18421686238916551,-4.436170973160361,,,,
us_hours,MNQ->MGC,5,15,all,test,27521,-0.4118000799389577,-0.5426179449289955,-0.27615529733588,-4.118000799389577,,,,
us_hours,MNQ->MGC,5,15,top20,train,7287,0.027398106216550235,-0.5438820323128855,0.6443519433397363,0.27398106216550233,-0.38293829889778197,0.19488801380001416,0.4103364051143322,2.10549841990489
us_hours,MNQ->MGC,5,15,top20,validate,7297,-0.626319035219949,-1.1695847983764691,-0.051791657598909926,-6.263190352199491,,,,
us_hours,MNQ->MGC,5,15,top20,test,9593,-0.4486656937350181,-0.7428552097113533,-0.11965210317213931,-4.486656937350181,,,,
us_hours,MNQ->MGC,5,30,all,train,35215,-0.24882436461735102,-0.6126498994909163,0.1462918701340444,-2.48824364617351,-0.40354551078725825,0.08543990750899011,0.15472114616990723,1.810876798451909
us_hours,MNQ->MGC,5,30,all,validate,26958,-0.45638029527412927,-0.81556559812174,-0.08726592394420245,-4.563802952741293,,,,
us_hours,MNQ->MGC,5,30,all,test,26492,-0.4256983240223471,-0.6226386485190056,-0.22846253940238243,-4.256983240223471,,,,
us_hours,MNQ->MGC,5,30,top20,train,7070,0.11042432814709673,-0.8572171691948756,1.2816050210413816,1.1042432814709673,-0.23624342994540154,0.2667832347150162,0.3466677580924983,1.2994360701219345
us_hours,MNQ->MGC,5,30,top20,validate,7047,-0.370051085568328,-1.0908339987621816,0.42127031946069504,-3.70051085568328,,,,
us_hours,MNQ->MGC,5,30,top20,test,9361,-0.5494551864117093,-0.9492271573231168,-0.1644195038846083,-5.494551864117093,,,,
us_hours,MNQ->MGC,5,60,all,train,32522,0.07351331406432429,-0.41266336422724764,0.7590721737438786,0.7351331406432429,-0.3648528738104687,0.11937864384153475,0.438366187874793,3.6720654027255306
us_hours,MNQ->MGC,5,60,all,validate,24903,-0.8238987270609962,-1.3042662889219059,-0.3600512947102671,-8.238987270609963,,,,
us_hours,MNQ->MGC,5,60,all,test,24432,-0.5037573673870321,-0.8578039039817049,-0.168203823362386,-5.037573673870321,,,,
us_hours,MNQ->MGC,5,60,top20,train,6488,0.8358816276202201,-0.8555480818100772,3.218093765955404,8.358816276202202,-0.00177486217380666,0.29989391210241606,0.8376564897940267,2.793176039892269
us_hours,MNQ->MGC,5,60,top20,validate,6493,-0.970622208532255,-2.140653945414661,0.17203680100390692,-9.70622208532255,,,,
us_hours,MNQ->MGC,5,60,top20,test,8541,-0.6059068024821463,-1.2667882199837635,0.04740007329292283,-6.059068024821464,,,,
us_hours,MNQ->MGC,15,5,all,train,36705,-0.3901198746764755,-0.5033496144605886,-0.28202885110593023,-3.9011987467647553,-0.4318923831433382,0.028886557788842,0.0417725084668627,1.4460881345647267
us_hours,MNQ->MGC,15,5,all,validate,28032,-0.42076198630136996,-0.536463521325866,-0.3060010388239326,-4.2076198630137,,,,
us_hours,MNQ->MGC,15,5,all,test,27545,-0.46626792521328625,-0.5416255470130481,-0.3835569776547741,-4.662679252132863,,,,
us_hours,MNQ->MGC,15,5,top20,train,7357,-0.058141905668070856,-0.4407694984457734,0.3853700728344509,-0.5814190566807086,-0.4171819914437676,0.07792747044482498,0.35904008577569674,4.607362252697629
us_hours,MNQ->MGC,15,5,top20,validate,7405,-0.48446320054017195,-0.8030797518322483,-0.1663030722388871,-4.84463200540172,,,,
us_hours,MNQ->MGC,15,5,top20,test,9458,-0.39564389934447103,-0.5570979853711208,-0.21428315710912993,-3.9564389934447104,,,,
us_hours,MNQ->MGC,15,15,all,train,35800,-0.2808128491620135,-0.6541717609847597,0.0657909826521,-2.808128491620135,-0.3880574429556141,0.061295960982206056,0.10724459379360063,1.7496192583510235
us_hours,MNQ->MGC,15,15,all,validate,27352,-0.38137247733255153,-0.6528955803963578,-0.09199196701867612,-3.8137247733255153,,,,
us_hours,MNQ->MGC,15,15,all,test,26856,-0.4466748585046192,-0.6645886206501325,-0.2408881486838922,-4.466748585046192,,,,
us_hours,MNQ->MGC,15,15,top20,train,7171,0.02567982150327539,-0.9499981200823439,1.1364954191947407,0.2567982150327539,-0.3311504550798077,0.16451263531448804,0.35683027658308314,2.1690144097500723
us_hours,MNQ->MGC,15,15,top20,validate,7153,-0.3692926045015996,-1.080353716709005,0.4598461923957791,-3.692926045015996,,,,
us_hours,MNQ->MGC,15,15,top20,test,9282,-0.3436651583710472,-0.7359906354359641,0.10363063958572674,-3.4366515837104723,,,,
us_hours,MNQ->MGC,15,30,all,train,34445,-0.03076353607200053,-0.6407932770126771,0.6305819303755206,-0.3076353607200053,-0.31970995071277003,0.09691917038096368,0.2889464146407695,2.981313330530971
us_hours,MNQ->MGC,15,30,all,validate,26317,-0.46302580081316186,-0.9699513166743546,0.052194893335701986,-4.6302580081316185,,,,
us_hours,MNQ->MGC,15,30,all,test,25826,-0.5184155502207133,-0.896363721454526,-0.1524176055972408,-5.184155502207133,,,,
us_hours,MNQ->MGC,15,30,top20,train,6898,0.5839518701072728,-1.2388641740147035,3.042019796106958,5.839518701072728,-0.14991225326497298,0.24663194518347598,0.7338641233722458,2.9755436702504414
us_hours,MNQ->MGC,15,30,top20,validate,6745,-0.4290956263899148,-1.7323663490809875,1.0660961025102567,-4.290956263899147,,,,
us_hours,MNQ->MGC,15,30,top20,test,8905,-0.48827063447501806,-1.183026753490901,0.2230658034945443,-4.882706344750181,,,,
us_hours,MNQ->MGC,15,60,all,train,31732,0.4753844699357111,-0.4940096974954858,1.8694064676223818,4.753844699357111,-0.19341562598719161,0.12108367911506421,0.6688000959229027,5.523453704172226
us_hours,MNQ->MGC,15,60,all,validate,24252,-1.092281048985651,-1.7860289600518133,-0.4431964900044631,-10.92281048985651,,,,
us_hours,MNQ->MGC,15,60,all,test,23760,-0.6685648148148196,-1.1414623118056841,-0.20559073690125196,-6.6856481481481955,,,,
us_hours,MNQ->MGC,15,60,top20,train,6341,1.5099274562371852,-1.580759885424875,5.854735808465073,15.099274562371852,0.09331088472856812,0.3684569812064413,1.416616571508617,3.8447271832662233
us_hours,MNQ->MGC,15,60,top20,validate,6119,-1.7831099852917114,-3.591627366699144,0.06883007734995734,-17.831099852917113,,,,
us_hours,MNQ->MGC,15,60,top20,test,8026,-0.8256915026165023,-1.8489427523175073,0.16337851443059911,-8.256915026165023,,,,
us_hours,MNQ->MGC,30,5,all,train,35383,-0.4129059152700442,-0.55668623106326,-0.25687623692796174,-4.129059152700442,-0.42739456407060467,0.029554003490329318,0.014488648800560444,0.4902431849986561
us_hours,MNQ->MGC,30,5,all,validate,27031,-0.42664903259220893,-0.558700237438904,-0.3019903566620069,-4.266490325922089,,,,
us_hours,MNQ->MGC,30,5,all,test,26547,-0.425326778920406,-0.5069801222431306,-0.3430057013052686,-4.25326778920406,,,,
us_hours,MNQ->MGC,30,5,top20,train,7070,-0.021923620933523628,-0.4635449217965959,0.5582741337922124,-0.21923620933523627,-0.378040580239143,0.06597635311113756,0.3561169593056194,5.39764540646462
us_hours,MNQ->MGC,30,5,top20,validate,6554,-0.4220933780897183,-0.7831007652789338,-0.07188582439973354,-4.220933780897183,,,,
us_hours,MNQ->MGC,30,5,top20,test,8977,-0.3687701904867996,-0.5383667823287973,-0.19112982573235146,-3.687701904867996,,,,
us_hours,MNQ->MGC,30,15,all,train,34475,-0.25083828861493895,-0.6703936509202197,0.2098382324386725,-2.5083828861493895,-0.3827257327503729,0.04550017096841966,0.13188744413543396,2.898614254152433
us_hours,MNQ->MGC,30,15,all,validate,26346,-0.520318074850071,-0.9048429434680362,-0.15317319440572702,-5.20318074850071,,,,
us_hours,MNQ->MGC,30,15,all,test,25859,-0.4637398971344628,-0.7421476830426895,-0.19966774762213466,-4.637398971344628,,,,
us_hours,MNQ->MGC,30,15,top20,train,6893,0.3538009574931059,-0.813414757062517,1.965627447494326,3.538009574931059,-0.22988756821700326,0.1491483830024792,0.5836885257101092,3.91347538578683
us_hours,MNQ->MGC,30,15,top20,validate,6335,-0.4685951065509114,-1.5471092705097738,0.5543378364975953,-4.685951065509114,,,,
us_hours,MNQ->MGC,30,15,top20,test,8782,-0.37155545433842246,-0.8637328922328166,0.11910475599149363,-3.7155545433842248,,,,
us_hours,MNQ->MGC,30,30,all,train,33114,0.01614422902699703,-0.6003213302288191,0.8058346939293181,0.16144229026997028,-0.30987034424157034,0.06105413048200438,0.32601457326856736,5.339762775995307
us_hours,MNQ->MGC,30,30,all,validate,25317,-0.9377552632618416,-1.707588829996076,-0.2399139478463212,-9.377552632618416,,,,
us_hours,MNQ->MGC,30,30,all,test,24828,-0.6114789753504143,-1.2253736783102722,-0.08196715430860596,-6.114789753504143,,,,
us_hours,MNQ->MGC,30,30,top20,train,6621,1.1500453103760735,-0.9353009957382098,4.161739041600711,11.500453103760735,0.03321622958944422,0.20882249908409561,1.1168290807866292,5.348221986065147
us_hours,MNQ->MGC,30,30,top20,validate,5958,-0.8882175226586153,-2.908548265587751,1.0720567012071485,-8.882175226586153,,,,
us_hours,MNQ->MGC,30,30,top20,test,8268,-0.5263667150459619,-1.6582087850590754,0.5752468509959894,-5.263667150459619,,,,
us_hours,MNQ->MGC,30,60,all,train,30395,0.2864731041289684,-0.9023715062968408,1.7998122824541705,2.8647310412896845,-0.20623974639515064,0.1253581395455756,0.49271285052411906,3.9304416315542627
us_hours,MNQ->MGC,30,60,all,validate,23252,-1.4723034577670748,-2.5614951811904416,-0.3853152282398718,-14.723034577670749,,,,
us_hours,MNQ->MGC,30,60,all,test,22762,-0.710473596344789,-1.3478443908904973,-0.06996008709767941,-7.10473596344789,,,,
us_hours,MNQ->MGC,30,60,top20,train,6075,1.9528641975308596,-1.4439812840123594,6.448295503647911,19.528641975308595,0.5857825909990547,0.4325077013731114,1.367081606531805,3.1608260435401236
us_hours,MNQ->MGC,30,60,top20,validate,5394,-1.9239340007415708,-4.643027521699716,0.8227477250546016,-19.23934000741571,,,,
us_hours,MNQ->MGC,30,60,top20,test,7547,-0.8740625414071842,-2.1059961829893297,0.353330866078654,-8.740625414071841,,,,
us_hours,MNQ->MGC,60,5,all,train,32691,-0.3401348995136278,-0.4623894098199094,-0.20288498952297038,-3.401348995136278,-0.411320934744207,0.029130851543367177,0.0711860352305792,2.4436647560612625
us_hours,MNQ->MGC,60,5,all,validate,24988,-0.5631062910196893,-0.7254526805961045,-0.42191016604942677,-5.631062910196894,,,,
us_hours,MNQ->MGC,60,5,all,test,24482,-0.4552201617514896,-0.5450055419321264,-0.36872934778516653,-4.552201617514896,,,,
us_hours,MNQ->MGC,60,5,top20,train,6534,-0.09926538108356282,-0.53282298564979,0.43600425035805623,-0.9926538108356282,-0.35109344462574404,0.07187471548076824,0.25182806354218124,3.503708666639018
us_hours,MNQ->MGC,60,5,top20,validate,5542,-0.5656441717791425,-0.9654272145312879,-0.1920128867424613,-5.6564417177914255,,,,
us_hours,MNQ->MGC,60,5,top20,test,7210,-0.3809431345353696,-0.5931885124030156,-0.18142957066049537,-3.809431345353696,,,,
us_hours,MNQ->MGC,60,15,all,train,31782,-0.08002013718457059,-0.44848327418383394,0.34203945125088214,-0.8002013718457058,-0.3411247880605579,0.039830210423266815,0.26110465087598733,6.555442416730569
us_hours,MNQ->MGC,60,15,all,validate,24300,-0.8452921810699587,-1.2801054013764837,-0.4409354954995107,-8.452921810699587,,,,
us_hours,MNQ->MGC,60,15,all,test,23793,-0.5578678602950456,-0.8624856786067139,-0.2882578359246013,-5.578678602950457,,,,
us_hours,MNQ->MGC,60,15,top20,train,6360,0.261069182389933,-1.2407334175031985,2.166824447012222,2.6106918238993297,-0.16063823531282567,0.10973724513563919,0.42170741770275866,3.842883217831039
us_hours,MNQ->MGC,60,15,top20,validate,5361,-0.8937604924454433,-2.08239120264581,0.1620738647692497,-8.937604924454433,,,,
us_hours,MNQ->MGC,60,15,top20,test,6956,-0.5388154111558402,-1.1589259650089514,0.024116792471425445,-5.388154111558402,,,,
us_hours,MNQ->MGC,60,30,all,train,30422,0.1341101834198909,-0.6256589071678789,1.024625141742975,1.341101834198909,-0.22298818644670426,0.061289000873098035,0.35709836986659516,5.826467470174385
us_hours,MNQ->MGC,60,30,all,validate,23265,-1.193821190629703,-1.9287582135165209,-0.4736315242484421,-11.93821190629703,,,,
us_hours,MNQ->MGC,60,30,all,test,22758,-0.5666007557781898,-1.0104847243071278,-0.12160827553645753,-5.666007557781898,,,,
us_hours,MNQ->MGC,60,30,top20,train,6097,0.7284812202722619,-2.081075610721259,4.360189356860014,7.28481220272262,0.16789241962547166,0.2290047610698862,0.5605888006467903,2.4479351347447023
us_hours,MNQ->MGC,60,30,top20,validate,5093,-1.387306106420582,-3.7111447453568904,0.6812236129442006,-13.873061064205821,,,,
us_hours,MNQ->MGC,60,30,top20,test,6575,-0.7072623574144513,-1.6461363234528477,0.15967092255269497,-7.072623574144513,,,,
us_hours,MNQ->MGC,60,60,all,train,27708,0.14221163562870007,-1.0297504594566207,1.4294100298851544,1.4221163562870007,-0.013131415419480555,0.12404532672886379,0.15534305104818064,1.2523087740961567
us_hours,MNQ->MGC,60,60,all,validate,21199,-1.1567125807821137,-2.551068130175931,0.2058734270088901,-11.567125807821137,,,,
us_hours,MNQ->MGC,60,60,all,test,20693,-0.35010631614555643,-1.0408276610639111,0.349134266769003,-3.5010631614555643,,,,
us_hours,MNQ->MGC,60,60,top20,train,5542,0.7249548899314329,-3.255840037387561,5.354728396382784,7.249548899314329,0.8633517840629397,0.4062946426845082,-0.1383968941315068,-0.34063184593593904
us_hours,MNQ->MGC,60,60,top20,validate,4600,-2.031260869565218,-6.196751135844497,2.3401433842824058,-20.31260869565218,,,,
us_hours,MNQ->MGC,60,60,top20,test,5948,-0.44265299260255603,-1.8680863705399897,0.7710663269303971,-4.426529926025561,,,,
all_hours,MGC->MNQ,1,5,all,train,117593,-1.2369592577789494,-1.3276508329045447,-1.1428778905901422,-2.473918515557899,-1.2458052800934767,0.04817324459656333,0.008846022314527247,0.18362936498485966
all_hours,MGC->MNQ,1,5,all,validate,91886,-1.2834572187275537,-1.4004737968555558,-1.17433901696518,-2.5669144374551074,,,,
all_hours,MGC->MNQ,1,5,all,test,90499,-1.174383142355164,-1.3497445155016365,-0.9943395276781425,-2.348766284710328,,,,
all_hours,MGC->MNQ,1,5,top20,train,24731,-1.1256823419999191,-1.4196532294133446,-0.8289640738016406,-2.2513646839998382,-1.2504842417119686,0.09638724990436742,0.12480189971204947,1.294796768616951
all_hours,MGC->MNQ,1,5,top20,validate,29901,-1.2079194675763352,-1.4817106745567763,-0.9424812770715788,-2.4158389351526703,,,,
all_hours,MGC->MNQ,1,5,top20,test,17654,-0.960377251614365,-1.436589032085086,-0.5246265011365063,-1.92075450322873,,,,
all_hours,MGC->MNQ,1,15,all,train,116745,-1.1568975116707354,-1.3372950671122463,-0.9756737253609032,-2.313795023341471,-1.2553648838209566,0.0893136707450741,0.09846737215022117,1.1024893650522356
all_hours,MGC->MNQ,1,15,all,validate,91228,-1.2338344587188144,-1.4440839333096458,-1.020781379204195,-2.4676689174376287,,,,
all_hours,MGC->MNQ,1,15,all,test,89870,-1.136830978079448,-1.377471965798004,-0.8947355190620673,-2.273661956158896,,,,
all_hours,MGC->MNQ,1,15,top20,train,24631,-0.9730218017944866,-1.4445013320043476,-0.5119004816305033,-1.9460436035889732,-1.325494019140947,0.22484200418053604,0.3524722173464604,1.5676439935282027
all_hours,MGC->MNQ,1,15,top20,validate,29802,-1.024989933561506,-1.502166644992396,-0.5872927138296459,-2.049979867123012,,,,
all_hours,MGC->MNQ,1,15,top20,test,17627,-0.3614767118624837,-1.0965010287037955,0.37062972811312384,-0.7229534237249674,,,,
all_hours,MGC->MNQ,1,30,all,train,115503,-1.2327233924659966,-1.4568789579443004,-0.9965810888799191,-2.465446784931993,-1.2043641125657933,0.13832583694217174,-0.02835927990020326,-0.20501795273473813
all_hours,MGC->MNQ,1,30,all,validate,90242,-1.236403226878837,-1.5637612623248345,-0.9233104452728047,-2.472806453757674,,,,
all_hours,MGC->MNQ,1,30,all,test,88913,-1.0279486689235544,-1.3963828292614708,-0.6549505957512936,-2.055897337847109,,,,
all_hours,MGC->MNQ,1,30,top20,train,23690,-0.8508970029548333,-1.5500407368836686,-0.18999723651834952,-1.7017940059096666,-1.3699527450253137,0.29271136696342626,0.5190557420704804,1.7732681427958876
all_hours,MGC->MNQ,1,30,top20,validate,28507,-1.052443259550286,-1.7649534438783276,-0.3637180113161936,-2.104886519100572,,,,
all_hours,MGC->MNQ,1,30,top20,test,16821,0.011206230307353902,-1.0312462099212418,1.0844361860553065,0.022412460614707804,,,,
all_hours,MGC->MNQ,1,60,all,train,113000,-1.1080221238938053,-1.4599603747709984,-0.7754269569402614,-2.2160442477876106,-1.1677963423904945,0.1530889811964222,0.05977421849668918,0.390454087743881
all_hours,MGC->MNQ,1,60,all,validate,88257,-0.9071745017392389,-1.3751620659080213,-0.4444650911944422,-1.8143490034784777,,,,
all_hours,MGC->MNQ,1,60,all,test,86953,-0.7987102227640219,-1.2991206090452783,-0.24326989761794468,-1.5974204455280439,,,,
all_hours,MGC->MNQ,1,60,top20,train,23362,-0.5610713979967469,-1.663513792696185,0.5716728534494874,-1.1221427959934938,-1.4505449006313693,0.36184543183908086,0.8894735026346224,2.4581587174221595
all_hours,MGC->MNQ,1,60,top20,validate,28142,-0.7218214767962476,-1.661043021137169,0.20972310066891173,-1.4436429535924953,,,,
all_hours,MGC->MNQ,1,60,top20,test,16697,0.315221297239025,-1.1817836279997673,1.84033728329498,0.63044259447805,,,,
all_hours,MGC->MNQ,5,5,all,train,121173,-1.2731198369273684,-1.4336572317385725,-1.125469275879086,-2.546239673854737,-1.2431789357156606,0.03861700265489156,-0.029940901211707782,-0.7753294961621059
all_hours,MGC->MNQ,5,5,all,validate,93031,-1.220630757489439,-1.5031819201128664,-0.9212171191683559,-2.441261514978878,,,,
all_hours,MGC->MNQ,5,5,all,test,92230,-1.1694513715710724,-1.4437849542836132,-0.9353382083809098,-2.3389027431421447,,,,
all_hours,MGC->MNQ,5,5,top20,train,24748,-0.9661891870050106,-1.3742851039410695,-0.5783849735802576,-1.932378374010021,-1.1978422840143663,0.09242812075791237,0.23165309700935577,2.5063053874707815
all_hours,MGC->MNQ,5,5,top20,validate,29718,-1.1253701460394374,-1.736895084764166,-0.44198189632037477,-2.250740292078875,,,,
all_hours,MGC->MNQ,5,5,top20,test,17499,-0.9773987084976284,-1.7711058561476924,-0.2681658250819718,-1.9547974169952569,,,,
all_hours,MGC->MNQ,5,15,all,train,120290,-1.11738299110483,-1.4616885724715136,-0.7851222212068576,-2.23476598220966,-1.2360100980598765,0.07522311967307882,0.11862710695504641,1.5770032866305226
all_hours,MGC->MNQ,5,15,all,validate,92356,-1.0394560180172376,-1.4745693959922566,-0.5804346124771057,-2.0789120360344753,,,,
all_hours,MGC->MNQ,5,15,all,test,91562,-1.126608199908259,-1.5577969354543213,-0.6722932682230736,-2.253216399816518,,,,
all_hours,MGC->MNQ,5,15,top20,train,24385,-0.5844474061923314,-1.5665741353043519,0.33935029985873205,-1.1688948123846628,-1.2375581750542701,0.20548612131376084,0.6531107688619388,3.1783692479390906
all_hours,MGC->MNQ,5,15,top20,validate,29613,-0.7897038462837267,-1.8188998236016805,0.208327633647713,-1.5794076925674534,,,,
all_hours,MGC->MNQ,5,15,top20,test,17283,-0.3255221894347046,-1.654751220150747,0.9610941224196892,-0.6510443788694092,,,,
all_hours,MGC->MNQ,5,30,all,train,118975,-1.1871086362681236,-1.636025263326365,-0.7530255231459453,-2.374217272536247,-1.1829251152747635,0.1319375268364405,-0.004183520993360057,-0.03170834783454944
all_hours,MGC->MNQ,5,30,all,validate,91335,-0.9960037225598073,-1.6198338369290841,-0.4207928398807816,-1.9920074451196146,,,,
all_hours,MGC->MNQ,5,30,all,test,90560,-0.789043175795053,-1.497403572774332,-0.04938858398762383,-1.578086351590106,,,,
all_hours,MGC->MNQ,5,30,top20,train,24258,-0.4385666584219639,-1.8759120579995239,0.8530835944727765,-0.8771333168439278,-1.1727045516841148,0.31610102950732527,0.734137893262151,2.322478653126747
all_hours,MGC->MNQ,5,30,top20,validate,29428,-0.4941722169362512,-1.945710006597939,0.814274386359845,-0.9883444338725024,,,,
all_hours,MGC->MNQ,5,30,top20,test,17244,0.4913158199953607,-1.6491362278641684,2.7410529040333436,0.9826316399907215,,,,
all_hours,MGC->MNQ,5,60,all,train,116325,-0.8037416720395444,-1.4802264170795711,-0.15408377221094643,-1.6074833440790888,-1.1621945283404096,0.15955217164235042,0.3584528563008652,2.246618473513274
all_hours,MGC->MNQ,5,60,all,validate,89312,-0.5956758330347546,-1.536452739817701,0.31158781124663393,-1.1913516660695092,,,,
all_hours,MGC->MNQ,5,60,all,test,88542,-0.7665768787693976,-1.7984464808549325,0.3697788882436929,-1.5331537575387952,,,,
all_hours,MGC->MNQ,5,60,top20,train,23585,0.65250158999364,-1.3243046934580813,2.4608969688139286,1.30500317998728,-1.1448344321454647,0.5176751122702649,1.7973360221391048,3.4719382476335117
all_hours,MGC->MNQ,5,60,top20,validate,28450,0.34259226713532515,-1.807959238987656,2.351088271209982,0.6851845342706503,,,,
all_hours,MGC->MNQ,5,60,top20,test,16754,0.9634863316222991,-1.7683959643618026,3.964311369682926,1.9269726632445983,,,,
all_hours,MGC->MNQ,15,5,all,train,121106,-1.1407713077799613,-1.3347132896112415,-0.9598214973873236,-2.2815426155599225,-1.2470701796815165,0.04516068427910042,0.10629887190155518,2.3537923217595806
all_hours,MGC->MNQ,15,5,all,validate,92827,-1.1303769377444062,-1.3718267823884753,-0.8955947895627433,-2.2607538754888123,,,,
all_hours,MGC->MNQ,15,5,all,test,92260,-1.0241112074571863,-1.3000255077875367,-0.7640117602745388,-2.0482224149143726,,,,
all_hours,MGC->MNQ,15,5,top20,train,24315,-0.9678901912399753,-1.5763663715251242,-0.4068739956517491,-1.9357803824799507,-1.3007495245324432,0.1151290177239557,0.33285933329246786,2.8911853837801615
all_hours,MGC->MNQ,15,5,top20,validate,29177,-0.8711485073859547,-1.5009174638881244,-0.29304955013569456,-1.7422970147719095,,,,
all_hours,MGC->MNQ,15,5,top20,test,17073,-0.582703684179699,-1.3382241712517298,0.13446073944295708,-1.165407368359398,,,,
all_hours,MGC->MNQ,15,15,all,train,120208,-1.1870424597364568,-1.5975871828734185,-0.755830877716139,-2.3740849194729137,-1.2130352751250426,0.06873271363849273,0.025992815388585777,0.3781724016499312
all_hours,MGC->MNQ,15,15,all,validate,92153,-1.0613463479213916,-1.7358278682233945,-0.4070232000307044,-2.122692695842783,,,,
all_hours,MGC->MNQ,15,15,all,test,91581,-0.9337280658651904,-1.5724256493657656,-0.2728658203619091,-1.8674561317303808,,,,
all_hours,MGC->MNQ,15,15,top20,train,24207,-0.7804560664270666,-2.155702301054969,0.5028498816664719,-1.560912132854133,-1.2497469955495424,0.17430837107298358,0.46929092912247583,2.692302878133041
all_hours,MGC->MNQ,15,15,top20,validate,29084,-0.29268670059139046,-1.9677530597996522,1.2763856455526876,-0.5853734011827809,,,,
all_hours,MGC->MNQ,15,15,top20,test,17039,0.5611244791360995,-1.4466010517816228,2.6352824015065988,1.122248958272199,,,,
all_hours,MGC->MNQ,15,30,all,train,118869,-1.2109149568011845,-1.9014590123383361,-0.52851279180192,-2.421829913602369,-1.1744627988836152,0.09646643421932252,-0.036452157917569394,-0.37787400573647323
all_hours,MGC->MNQ,15,30,all,validate,91126,-0.9673858174395892,-1.8476328641897313,-0.11785739500769914,-1.9347716348791784,,,,
all_hours,MGC->MNQ,15,30,all,test,90564,-0.1586695596484254,-1.3228338634516477,1.0448689859975606,-0.3173391192968508,,,,
all_hours,MGC->MNQ,15,30,top20,train,24081,-0.009488808604293842,-2.23132294319459,2.0130898016033063,-0.018977617208587684,-1.2558878884976632,0.2901853821819888,1.2463990798933693,4.295182171208384
all_hours,MGC->MNQ,15,30,top20,validate,28885,0.22557555824822573,-1.9057829564349946,2.355016335380974,0.45115111649645145,,,,
all_hours,MGC->MNQ,15,30,top20,test,17012,1.664721960968728,-1.771078572308217,5.247880765450065,3.329443921937456,,,,
all_hours,MGC->MNQ,15,60,all,train,116185,-0.5761393467315058,-1.6447362265796026,0.4608582952904376,-1.1522786934630116,-1.114632301362466,0.16944349502128161,0.5384929546309601,3.1780090145291617
all_hours,MGC->MNQ,15,60,all,validate,89077,-0.033184772724721305,-1.5961848702237864,1.4887176096980044,-0.06636954544944261,,,,
all_hours,MGC->MNQ,15,60,all,test,88513,0.16590218385999797,-1.5484806033644472,2.002154703880898,0.33180436771999594,,,,
all_hours,MGC->MNQ,15,60,top20,train,23553,1.7984439349552075,-1.0199880833172863,4.413245580425196,3.596887869910415,-1.2205883142251952,0.49607028031527794,3.0190322491804027,6.085896230795471
all_hours,MGC->MNQ,15,60,top20,validate,28306,2.2177100261428673,-1.4217284656905407,5.574775640481744,4.4354200522857345,,,,
all_hours,MGC->MNQ,15,60,top20,test,16643,1.0141350718019588,-4.300354059551572,6.407262031820061,2.0282701436039177,,,,
all_hours,MGC->MNQ,30,5,all,train,120180,-1.1714990014977533,-1.3960982248460811,-0.9557195305020634,-2.3429980029955066,-1.2435164435507986,0.048104790243923494,0.07201744205304528,1.4970950229253392
all_hours,MGC->MNQ,30,5,all,validate,91989,-1.070076313472263,-1.340250353659256,-0.7998997480213587,-2.140152626944526,,,,
all_hours,MGC->MNQ,30,5,all,test,91449,-1.076449715141773,-1.3864905778265304,-0.7557946255695562,-2.152899430283546,,,,
all_hours,MGC->MNQ,30,5,top20,train,24295,-0.8399567812307059,-1.4668961396713263,-0.3019898368724161,-1.6799135624614119,-1.2565100970310825,0.13651592679195124,0.4165533158003766,3.0513166162304213
all_hours,MGC->MNQ,30,5,top20,validate,29316,-0.6786481784690954,-1.3484034188007388,-0.06369353121580658,-1.3572963569381908,,,,
all_hours,MGC->MNQ,30,5,top20,test,17528,-0.44086604290278414,-1.2751519695600646,0.49449500986832795,-0.8817320858055683,,,,
all_hours,MGC->MNQ,30,15,all,train,119282,-1.1616316795493034,-1.7817536947618289,-0.5378672709184338,-2.3232633590986067,-1.1932573709837173,0.0723555881256004,0.03162569143441396,0.4370870620181492
all_hours,MGC->MNQ,30,15,all,validate,91308,-0.8838354799141368,-1.5365020541436794,-0.2481239435227594,-1.7676709598282736,,,,
all_hours,MGC->MNQ,30,15,all,test,90768,-0.549103208179094,-1.3580276676206366,0.2998873496331279,-1.098206416358188,,,,
all_hours,MGC->MNQ,30,15,top20,train,24061,-0.19429782635800674,-1.7804963522370467,1.1312073733007642,-0.3885956527160135,-1.211694239013688,0.23018796625542554,1.0173964126556814,4.419850564762967
all_hours,MGC->MNQ,30,15,top20,validate,28961,-0.24110010013466385,-1.8374875226797334,1.178256864108752,-0.4822002002693277,,,,
all_hours,MGC->MNQ,30,15,top20,test,17322,0.8720269022052881,-1.5174769179014553,3.537492043777991,1.7440538044105762,,,,
all_hours,MGC->MNQ,30,30,all,train,117935,-1.0540446008394455,-2.1333520025139387,0.08075190659822937,-2.108089201678891,-1.1698142342996756,0.10507626168241184,0.11576963346023006,1.1017677219060042
all_hours,MGC->MNQ,30,30,all,validate,90277,-0.615491764236738,-1.806042762383282,0.519144026245665,-1.230983528473476,,,,
all_hours,MGC->MNQ,30,30,all,test,89741,-0.004206549960441715,-1.5685586881575935,1.5415314862028988,-0.00841309992088343,,,,
all_hours,MGC->MNQ,30,30,top20,train,23836,1.4254908541701627,-1.1976683328332491,3.7241129329667335,2.8509817083403255,-1.2446901595056528,0.2956955611551399,2.6701810136758155,9.030169418995357
all_hours,MGC->MNQ,30,30,top20,validate,28759,0.9558486039152961,-1.7179956430999757,3.344224013568684,1.9116972078305923,,,,
all_hours,MGC->MNQ,30,30,top20,test,17231,1.1944750739945447,-3.0793592494232684,5.9439245834443994,2.3889501479890893,,,,
all_hours,MGC->MNQ,30,60,all,train,115233,-0.5632479411279755,-2.1134816322183556,0.9542716061646656,-1.126495882255951,-1.0738327690427034,0.17528529341387344,0.5105848279147279,2.912878872896454
all_hours,MGC->MNQ,30,60,all,validate,88224,0.5196630168661589,-1.6360142615247417,2.5867799517075993,1.0393260337323178,,,,
all_hours,MGC->MNQ,30,60,all,test,87688,0.14895709789252806,-2.1089744626576654,2.5581154785924483,0.2979141957850561,,,,
all_hours,MGC->MNQ,30,60,top20,train,23106,3.0472604518306934,-0.37070508632182353,6.15700804117776,6.094520903661387,-1.1554668935201193,0.4941983872430423,4.202727345350812,8.504130029230446
all_hours,MGC->MNQ,30,60,top20,validate,27914,2.520482553557355,-2.365731430007763,6.9875027455520184,5.04096510711471,,,,
all_hours,MGC->MNQ,30,60,top20,test,16619,-0.42944822191467596,-8.045426016438826,7.392194514606229,-0.8588964438293519,,,,
all_hours,MGC->MNQ,60,5,all,train,117735,-1.0963456066590225,-1.3125380328360678,-0.8926758945916705,-2.192691213318045,-1.2450482207365912,0.04176219576750837,0.14870261407756868,3.5606991285947087
all_hours,MGC->MNQ,60,5,all,validate,90098,-1.0147811272170304,-1.3123416202742828,-0.6979084798764497,-2.029562254434061,,,,
all_hours,MGC->MNQ,60,5,all,test,89540,-0.9385833147196784,-1.294882284170318,-0.5767173693994463,-1.8771666294393567,,,,
all_hours,MGC->MNQ,60,5,top20,train,23725,-0.6769757639620654,-1.307872076066567,-0.10380073827152732,-1.3539515279241308,-1.2577534930456333,0.09132734769345459,0.580777729083568,6.359297009620615
all_hours,MGC->MNQ,60,5,top20,validate,28847,-0.68988109682116,-1.3886710167372036,-0.015558675112534547,-1.37976219364232,,,,
all_hours,MGC->MNQ,60,5,top20,test,17188,-0.9029991854782407,-1.8551096983135213,0.07466332678249586,-1.8059983709564813,,,,
all_hours,MGC->MNQ,60,15,all,train,116829,-0.8534353627951964,-1.4172589864153637,-0.30694032722087666,-1.7068707255903928,-1.1881820864867116,0.08844671278820947,0.33474672369151526,3.7847276980557183
all_hours,MGC->MNQ,60,15,all,validate,89414,-0.6142606303263471,-1.4445893125489384,0.2201369360706751,-1.2285212606526943,,,,
all_hours,MGC->MNQ,60,15,all,test,88854,-0.33462477772525717,-1.3930664545520546,0.7094569499728411,-0.6692495554505143,,,,
all_hours,MGC->MNQ,60,15,top20,train,23575,0.24555673382820783,-1.4831152990038614,1.80622954891038,0.49111346765641567,-1.2411522342665509,0.16148638823576847,1.4867089680947587,9.206404232189396
all_hours,MGC->MNQ,60,15,top20,validate,28620,0.3125,-1.690925604112153,2.155466986429587,0.625,,,,
all_hours,MGC->MNQ,60,15,top20,test,17078,-0.6990133505094274,-3.5099470487770787,2.224185215670127,-1.3980267010188547,,,,
all_hours,MGC->MNQ,60,30,all,train,115469,-0.6866626540456746,-1.7772127276652332,0.32826924241259514,-1.3733253080913492,-1.1506774997622566,0.1301953188280349,0.464014845716582,3.5639902409199826
all_hours,MGC->MNQ,60,30,all,validate,88386,-0.16647715701581697,-1.760974692986833,1.3253654477224057,-0.33295431403163395,,,,
all_hours,MGC->MNQ,60,30,all,test,87830,0.5429266765342138,-1.3906678360548959,2.492688979138585,1.0858533530684276,,,,
all_hours,MGC->MNQ,60,30,top20,train,23256,1.2447862917096664,-1.6567005698951698,3.869086327763918,2.4895725834193327,-1.2264554703355448,0.29471503969164253,2.471241762045211,8.385190537377554
all_hours,MGC->MNQ,60,30,top20,validate,28242,1.1613111677643226,-2.4453335604854587,4.398237485206639,2.3226223355286453,,,,
all_hours,MGC->MNQ,60,30,top20,test,16807,-2.001472600702088,-7.602759236923725,3.623030409686169,-4.002945201404176,,,,
all_hours,MGC->MNQ,60,60,all,train,112753,-0.1880282564543737,-1.951761439267992,1.3843375574440466,-0.3760565129087474,-1.0164278584897477,0.23266254544776857,0.828399602035374,3.5605198096714927
all_hours,MGC->MNQ,60,60,all,validate,86329,0.5353618135273199,-2.0930747308297013,3.0625218515289467,1.0707236270546399,,,,
all_hours,MGC->MNQ,60,60,all,test,85776,1.8403953320276067,-1.5795977161810246,5.40578830763606,3.6807906640552135,,,,
all_hours,MGC->MNQ,60,60,top20,train,22611,0.18345053292645172,-4.480303294312659,4.441150904646331,0.36690106585290344,-1.245785769145011,0.47846548868683614,1.4292363020714627,2.987125165482776
all_hours,MGC->MNQ,60,60,top20,validate,27632,1.88230131731326,-3.214320840023713,6.461404455172015,3.76460263462652,,,,
all_hours,MGC->MNQ,60,60,top20,test,16424,-4.5285557720409155,-14.499692831682205,5.109189788029573,-9.057111544081831,,,,
all_hours,MNQ->MGC,1,5,all,train,120121,-0.4034802407572358,-0.4349103703909843,-0.3677093262334572,-4.034802407572358,-0.44688294719967087,0.013291205943284796,0.043402706442435046,3.2655205725981307
all_hours,MNQ->MGC,1,5,all,validate,92536,-0.4068513875680822,-0.4482305904118299,-0.3670901374175261,-4.068513875680822,,,,
all_hours,MNQ->MGC,1,5,all,test,92538,-0.46630465322354103,-0.49018520404839705,-0.44078328764029556,-4.66304653223541,,,,
all_hours,MNQ->MGC,1,5,top20,train,24117,-0.2458742795538419,-0.3943772502560105,-0.06870496451301183,-2.458742795538419,-0.4320241053575085,0.04081787952825089,0.18614982580366662,4.560497212375487
all_hours,MNQ->MGC,1,5,top20,validate,26558,-0.3551020408163276,-0.4492727371048659,-0.26677949112173394,-3.5510204081632764,,,,
all_hours,MNQ->MGC,1,5,top20,test,35697,-0.48688825391489454,-0.5312911672869072,-0.4431663176289741,-4.868882539148945,,,,
all_hours,MNQ->MGC,1,15,all,train,119255,-0.39125445473984366,-0.4406201074270155,-0.3395856397014857,-3.9125445473984364,-0.43761537415697455,0.0245136689155764,0.046360919417130886,1.891227281268875
all_hours,MNQ->MGC,1,15,all,validate,91872,-0.3774425287356318,-0.437431105692566,-0.3145813042770035,-3.7744252873563178,,,,
all_hours,MNQ->MGC,1,15,all,test,91867,-0.4615438623227071,-0.5051198756557811,-0.41629931978228885,-4.615438623227071,,,,
all_hours,MNQ->MGC,1,15,top20,train,24046,-0.2772810446643935,-0.42665065284601755,-0.10638418330618692,-2.772810446643935,-0.4018718750394729,0.055623693465645725,0.1245908303750794,2.2398877638722268
all_hours,MNQ->MGC,1,15,top20,validate,26488,-0.307180610087586,-0.4619714090463154,-0.14976061829738144,-3.07180610087586,,,,
all_hours,MNQ->MGC,1,15,top20,test,35590,-0.4728097780275367,-0.5553850135153423,-0.39233983043181603,-4.728097780275367,,,,
all_hours,MNQ->MGC,1,30,all,train,117958,-0.3734151138540834,-0.4381163612784996,-0.30483714272778545,-3.7341511385408337,-0.43364973792387185,0.01792876942158871,0.06023462406978847,3.359663045097656
all_hours,MNQ->MGC,1,30,all,validate,90875,-0.35154718019257114,-0.4360849844535106,-0.2650689511370069,-3.5154718019257114,,,,
all_hours,MNQ->MGC,1,30,all,test,90858,-0.43513174404015115,-0.48669858917691855,-0.3849295016480151,-4.351317440401512,,,,
all_hours,MNQ->MGC,1,30,top20,train,23918,-0.2165732920812755,-0.4623857413160709,0.0822918630716457,-2.1657329208127547,-0.4312233700216768,0.08480062745926083,0.21465007794040133,2.531232189803332
all_hours,MNQ->MGC,1,30,top20,validate,26361,-0.2510204468722731,-0.47571322495023366,-0.03274507120855875,-2.5102044687227307,,,,
all_hours,MNQ->MGC,1,30,top20,test,35408,-0.4840713962946237,-0.5731813698041252,-0.3967638948852561,-4.8407139629462375,,,,
all_hours,MNQ->MGC,1,60,all,train,115317,-0.2948468135660841,-0.42085268396114384,-0.15419213022389736,-2.948468135660841,-0.41834690029496435,0.04756868452556609,0.12350008672888024,2.596247677660801
all_hours,MNQ->MGC,1,60,all,validate,88847,-0.40201976431393344,-0.5062011689671206,-0.2981198805916351,-4.020197643139334,,,,
all_hours,MNQ->MGC,1,60,all,test,88821,-0.4141965300998632,-0.4999577229573829,-0.33241828208624563,-4.141965300998632,,,,
all_hours,MNQ->MGC,1,60,top20,train,23420,0.16195559350982333,-0.29651365933319884,0.8281105813240469,1.6195559350982334,-0.35709066827125474,0.1399028284634489,0.519046261781078,3.7100483777330093
all_hours,MNQ->MGC,1,60,top20,validate,25859,-0.44882439382806694,-0.7479041843563392,-0.13000418412792972,-4.48824393828067,,,,
all_hours,MNQ->MGC,1,60,top20,test,34717,-0.48881383760117464,-0.6493297717040761,-0.3348170729852835,-4.888138376011747,,,,
all_hours,MNQ->MGC,5,5,all,train,121627,-0.3898809474869881,-0.43624052688379167,-0.33952022850240493,-3.898809474869881,-0.4421370101867379,0.012284969268040107,0.052256062699749806,4.253658398291339
all_hours,MNQ->MGC,5,5,all,validate,93326,-0.3946424361914146,-0.4653268330706936,-0.32736361683507015,-3.946424361914146,,,,
all_hours,MNQ->MGC,5,5,all,test,93144,-0.4304442583526569,-0.4722676073913072,-0.38628316027178966,-4.304442583526569,,,,
all_hours,MNQ->MGC,5,5,top20,train,24375,-0.222894358974357,-0.35696837123979397,-0.07235049959625843,-2.22894358974357,-0.4344506531313903,0.033682793385650764,0.2115562941570333,6.280841726362238
all_hours,MNQ->MGC,5,5,top20,validate,27195,-0.4094815223386655,-0.5874662159058219,-0.2551356548735293,-4.0948152233866555,,,,
all_hours,MNQ->MGC,5,5,top20,test,37299,-0.4625552963886425,-0.5434271297400816,-0.3807259217437498,-4.625552963886425,,,,
all_hours,MNQ->MGC,5,15,all,train,120734,-0.39400583100038067,-0.4597331455589456,-0.3234031611027279,-3.9400583100038067,-0.4223415617455063,0.03156657112241371,0.02833573074512563,0.8976499422519149
all_hours,MNQ->MGC,5,15,all,validate,92648,-0.3041328469044118,-0.41779086362567525,-0.1855345161738966,-3.041328469044118,,,,
all_hours,MNQ->MGC,5,15,all,test,92463,-0.44323621340428015,-0.520561689531608,-0.36170127445462724,-4.432362134042801,,,,
all_hours,MNQ->MGC,5,15,top20,train,24317,-0.1481247686803463,-0.3562171687126406,0.09804155788543378,-1.481247686803463,-0.4041494388941914,0.08010786163702163,0.2560246702138451,3.195999306209467
all_hours,MNQ->MGC,5,15,top20,validate,27118,-0.22431595250387004,-0.5173185956841316,0.07254454736316399,-2.2431595250387004,,,,
all_hours,MNQ->MGC,5,15,top20,test,37201,-0.47582726270799086,-0.6188781229920831,-0.3351613581562259,-4.758272627079909,,,,
all_hours,MNQ->MGC,5,30,all,train,119393,-0.3115957384436275,-0.41273597488452285,-0.18846445105652126,-3.1159573844362747,-0.41131229812321896,0.04108477655415029,0.09971655967959148,2.4270926616374244
all_hours,MNQ->MGC,5,30,all,validate,91633,-0.2700637324981162,-0.43857161050640026,-0.09419380282581123,-2.7006373249811624,,,,
all_hours,MNQ->MGC,5,30,all,test,91443,-0.43014391478844577,-0.5340127737469035,-0.3389226600572098,-4.301439147884458,,,,
all_hours,MNQ->MGC,5,30,top20,train,24198,-0.05286800562029862,-0.3594224230997052,0.2774830730303402,-0.5286800562029862,-0.3854221350341058,0.09274954104409804,0.33255412941380713,3.5855070081230194
all_hours,MNQ->MGC,5,30,top20,validate,26949,-0.00045827303424914197,-0.39320045424093814,0.39651286781156514,-0.00458273034249142,,,,
all_hours,MNQ->MGC,5,30,top20,test,37009,-0.46313194087924486,-0.6242326606771215,-0.311850840392804,-4.631319408792448,,,,
all_hours,MNQ->MGC,5,60,all,train,116700,-0.13734104541559677,-0.3358585174715965,0.11455798452055345,-1.3734104541559677,-0.37094086950827837,0.040264553441532985,0.2335998240926816,5.801624608401165
all_hours,MNQ->MGC,5,60,all,validate,89588,-0.4035663258472119,-0.6231831390796692,-0.17650929394566997,-4.035663258472119,,,,
all_hours,MNQ->MGC,5,60,all,test,89391,-0.44152039914532537,-0.6148585829093809,-0.2706601525377129,-4.415203991453254,,,,
all_hours,MNQ->MGC,5,60,top20,train,23584,0.45154765943012287,-0.25000752071953525,1.3106060177587948,4.515476594301228,-0.31898713803209067,0.1375646671905222,0.7705347974622135,5.601255127488878
all_hours,MNQ->MGC,5,60,top20,validate,26375,-0.2734805687203787,-0.7677751619083489,0.21875492766301577,-2.734805687203787,,,,
all_hours,MNQ->MGC,5,60,top20,test,36237,-0.52905455749648,-0.7986982539734181,-0.2690897917104526,-5.2905455749648,,,,
all_hours,MNQ->MGC,15,5,all,train,121411,-0.40639274859773833,-0.44565772772556245,-0.36614300520505083,-4.063927485977383,-0.43436702349188455,0.01229540152956276,0.027974274894146223,2.2751818903096064
all_hours,MNQ->MGC,15,5,all,validate,93004,-0.34814201539718703,-0.4154538801727428,-0.2823789926265647,-3.4814201539718703,,,,
all_hours,MNQ->MGC,15,5,all,test,92707,-0.45481840637707954,-0.5007636038152381,-0.4036828433766697,-4.548184063770796,,,,
all_hours,MNQ->MGC,15,5,top20,train,24361,-0.289801321784819,-0.42699900504428,-0.14337533069057676,-2.89801321784819,-0.43429267529673377,0.04064049285420175,0.14449135351191478,3.5553543612347225
all_hours,MNQ->MGC,15,5,top20,validate,28111,-0.31274056419195273,-0.4715054489374658,-0.16267892831875513,-3.1274056419195273,,,,
all_hours,MNQ->MGC,15,5,top20,test,37934,-0.4360072757948013,-0.5139573285075585,-0.3523509796987611,-4.360072757948013,,,,
all_hours,MNQ->MGC,15,15,all,train,120512,-0.318130974508764,-0.4264210191532077,-0.20094068581359853,-3.1813097450876398,-0.4110001230613081,0.02315245542472425,0.09286914855254413,4.01120083588932
all_hours,MNQ->MGC,15,15,all,validate,92317,-0.196394488555736,-0.36925962566083564,-0.03294566807965406,-1.96394488555736,,,,
all_hours,MNQ->MGC,15,15,all,test,92024,-0.4427301573502572,-0.5468851755656818,-0.33731746526122236,-4.4273015735025725,,,,
all_hours,MNQ->MGC,15,15,top20,train,24289,-0.2600209971592107,-0.6377839187418359,0.15739912073583864,-2.6002099715921068,-0.3935542686786881,0.07095681271759083,0.13353327151947741,1.8818950063462099
all_hours,MNQ->MGC,15,15,top20,validate,28001,0.005805149816082291,-0.3578790891608608,0.36432840729156774,0.05805149816082291,,,,
all_hours,MNQ->MGC,15,15,top20,test,37823,-0.3841273828094026,-0.5585491395514346,-0.2065748424160254,-3.8412738280940264,,,,
all_hours,MNQ->MGC,15,30,all,train,119160,-0.06947969117153494,-0.28612009205509,0.19004991965948786,-0.6947969117153494,-0.3756046869397384,0.03620838140362091,0.3061249957682035,8.454534113408073
all_hours,MNQ->MGC,15,30,all,validate,91293,-0.162130174274039,-0.4256334104244453,0.09660665536992813,-1.62130174274039,,,,
all_hours,MNQ->MGC,15,30,all,test,90995,-0.47631133578768214,-0.6472274701305029,-0.3109912547946113,-4.763113357876821,,,,
all_hours,MNQ->MGC,15,30,top20,train,23820,0.2901595298068829,-0.36657136930040385,1.068617971807217,2.901595298068829,-0.3564415268870951,0.12039716380862447,0.6466010566939779,5.370567181480895
all_hours,MNQ->MGC,15,30,top20,validate,27481,0.1702321604017345,-0.4664128375676789,0.8069251383445872,1.702321604017345,,,,
all_hours,MNQ->MGC,15,30,top20,test,37261,-0.42044094361396933,-0.7183594707085795,-0.1414719878739066,-4.204409436139693,,,,
all_hours,MNQ->MGC,15,60,all,train,116448,0.1865485023358057,-0.24762464605498374,0.7345572154421962,1.8654850233580569,-0.310611889103265,0.049226222266205766,0.49716039143907065,10.0995032434243
all_hours,MNQ->MGC,15,60,all,validate,89227,-0.2915692559427064,-0.6494242834439314,0.04622061112117553,-2.9156925594270637,,,,
all_hours,MNQ->MGC,15,60,all,test,88930,-0.4578533678173847,-0.7126116785864594,-0.21472280430495386,-4.578533678173847,,,,
all_hours,MNQ->MGC,15,60,top20,train,23406,0.9026403486285529,-0.3126456876288395,2.3281486706701022,9.02640348628553,-0.2787061822266138,0.16515553872810187,1.1813465308551667,7.15293316804855
all_hours,MNQ->MGC,15,60,top20,validate,27131,-0.5253455456857458,-1.2859750618344326,0.2532896915849593,-5.253455456857457,,,,
all_hours,MNQ->MGC,15,60,top20,test,36650,-0.4850886766712166,-0.9252902936818265,-0.03263088509531689,-4.850886766712166,,,,
all_hours,MNQ->MGC,30,5,all,train,120369,-0.3782099211591026,-0.43131877255178536,-0.31806688843139724,-3.782099211591026,-0.4359713442900823,0.014325444891859164,0.05776142313097965,4.032085814228653
all_hours,MNQ->MGC,30,5,all,validate,92170,-0.34438537485081916,-0.42370716791949087,-0.26490149329758395,-3.4438537485081917,,,,
all_hours,MNQ->MGC,30,5,all,test,91788,-0.43718242035995997,-0.4783689958519577,-0.39624094371546764,-4.3718242035996,,,,
all_hours,MNQ->MGC,30,5,top20,train,24301,-0.3085366857330971,-0.4720884766779326,-0.12047830980113271,-3.085366857330971,-0.43416061898938835,0.03760419470386964,0.12562393325629123,3.3406893631301187
all_hours,MNQ->MGC,30,5,top20,validate,27557,-0.2886108792684239,-0.44987321337509817,-0.13034258036443064,-2.886108792684239,,,,
all_hours,MNQ->MGC,30,5,top20,test,37717,-0.4367672402364986,-0.5058358402841615,-0.37389669189660757,-4.367672402364986,,,,
all_hours,MNQ->MGC,30,15,all,train,119465,-0.22752312392751073,-0.3817808170087076,-0.04112593748000494,-2.275231239275107,-0.41013985334076547,0.021599822459193566,0.18261672941325474,8.454547705577427
all_hours,MNQ->MGC,30,15,all,validate,91485,-0.25802208012242384,-0.4455132272929791,-0.0779078772840805,-2.5802208012242382,,,,
all_hours,MNQ->MGC,30,15,all,test,91099,-0.4510483100802432,-0.5713194173266597,-0.3330373126873835,-4.510483100802432,,,,
all_hours,MNQ->MGC,30,15,top20,train,24014,0.09412426084783816,-0.3900376275683179,0.6469724148732312,0.9412426084783816,-0.38287206251406797,0.05621773069732009,0.4769963233619061,8.484802169089415
all_hours,MNQ->MGC,30,15,top20,validate,27215,-0.11117582215689605,-0.5963180271580862,0.3304337007939327,-1.1117582215689605,,,,
all_hours,MNQ->MGC,30,15,top20,test,37340,-0.44158007498661234,-0.6621736432835883,-0.24200623595266124,-4.415800749866124,,,,
all_hours,MNQ->MGC,30,30,all,train,118109,0.01467415692284207,-0.2905348042119012,0.370315922391538,0.14674156922842072,-0.3802885027658245,0.03722120117174049,0.39496265968866656,10.611228204761286
all_hours,MNQ->MGC,30,30,all,validate,90458,-0.35147692851931156,-0.6949235750126641,-0.024133467340113724,-3.5147692851931156,,,,
all_hours,MNQ->MGC,30,30,all,test,90068,-0.5058211573477829,-0.766417337623409,-0.2616130805616201,-5.058211573477829,,,,
all_hours,MNQ->MGC,30,30,top20,train,23853,0.82246887184002,-0.12938687007278382,1.9495479437602687,8.2246887184002,-0.3401128335241258,0.0766107168168622,1.1625817053641458,15.175183755861411
all_hours,MNQ->MGC,30,30,top20,validate,27022,-0.3701983568943826,-1.335171340060363,0.5133422385804606,-3.7019835689438256,,,,
all_hours,MNQ->MGC,30,30,top20,test,37062,-0.5295127084345177,-0.9593398345073025,-0.12997739744564124,-5.295127084345177,,,,
all_hours,MNQ->MGC,30,60,all,train,115389,0.30515863730511356,-0.15522978890671021,0.8522442478668711,3.0515863730511357,-0.3001100543120473,0.0485700435516145,0.6052686916171608,12.461769587955029
all_hours,MNQ->MGC,30,60,all,validate,88400,-0.4378789592760172,-0.923270817313489,0.03207444170479324,-4.378789592760172,,,,
all_hours,MNQ->MGC,30,60,all,test,88005,-0.4749508550650541,-0.8306791630906694,-0.10522688207389289,-4.749508550650541,,,,
all_hours,MNQ->MGC,30,60,top20,train,23168,1.512417990331488,-0.1193583177180491,3.512621162192952,15.12417990331488,-0.1861435026939426,0.13221894815489346,1.6985614930254307,12.846581497801504
all_hours,MNQ->MGC,30,60,top20,validate,26494,-0.8264625953045966,-1.9787316641862869,0.3095514232092576,-8.264625953045966,,,,
all_hours,MNQ->MGC,30,60,top20,test,36311,-0.5293395940624066,-1.090594013903354,0.053713648354170265,-5.293395940624066,,,,
all_hours,MNQ->MGC,60,5,all,train,117868,-0.3586987138154551,-0.42267846511010926,-0.2889687060969052,-3.586987138154551,-0.4309614631051598,0.011618751444935578,0.07226274928970472,6.219493517197397
all_hours,MNQ->MGC,60,5,all,validate,90186,-0.4154802297474116,-0.4843568567889558,-0.34753572753637335,-4.154802297474117,,,,
all_hours,MNQ->MGC,60,5,all,test,89755,-0.4344510055150127,-0.48069357930394113,-0.3897464244787216,-4.344510055150127,,,,
all_hours,MNQ->MGC,60,5,top20,train,23655,-0.21214753751849488,-0.3837739732676421,-0.0188015247982847,-2.1214753751849487,-0.4405346897218327,0.04449023294965318,0.2283871522033378,5.1334222606069355
all_hours,MNQ->MGC,60,5,top20,validate,26721,-0.44498521761909915,-0.6039680770144087,-0.2905686622823686,-4.4498521761909915,,,,
all_hours,MNQ->MGC,60,5,top20,test,35625,-0.4489726315789472,-0.5232216112765808,-0.3807905677727275,-4.489726315789472,,,,
all_hours,MNQ->MGC,60,15,all,train,116962,-0.1434482994476848,-0.326440131693946,0.06091525137917364,-1.434482994476848,-0.3923236549393857,0.018651546546067866,0.2488753554917009,13.34341658355237
all_hours,MNQ->MGC,60,15,all,validate,89496,-0.45318785197103784,-0.6521990760918603,-0.26563998406323863,-4.531878519710379,,,,
all_hours,MNQ->MGC,60,15,all,test,89066,-0.4171569397974528,-0.564420984676222,-0.28015434166832165,-4.171569397974528,,,,
all_hours,MNQ->MGC,60,15,top20,train,23587,0.16178615338957833,-0.3697526293204246,0.7585109423516601,1.6178615338957834,-0.402507062619519,0.055820285355234985,0.5642932160090973,10.109106616313209
all_hours,MNQ->MGC,60,15,top20,validate,26692,-0.527989659823166,-0.9891972571094279,-0.09076006310516778,-5.279896598231661,,,,
all_hours,MNQ->MGC,60,15,top20,test,35502,-0.46421046701594443,-0.6864286319940419,-0.25888343176448975,-4.642104670159444,,,,
all_hours,MNQ->MGC,60,30,all,train,115604,0.17209006608767688,-0.18466412192327267,0.5825792291561095,1.7209006608767687,-0.3280611867060108,0.032364608707988476,0.5001512527936877,15.453647448863999
all_hours,MNQ->MGC,60,30,all,validate,88464,-0.5136744890576947,-0.8857035857188826,-0.15432284877814811,-5.1367448905769475,,,,
all_hours,MNQ->MGC,60,30,all,test,88033,-0.36620528665386876,-0.6062640387157862,-0.12005223945494675,-3.6620528665386876,,,,
all_hours,MNQ->MGC,60,30,top20,train,23239,0.7316730496148678,-0.31546599206065234,1.9502694183486626,7.316730496148677,-0.3391168221106709,0.08062835646386934,1.0707898717255386,13.280561810848445
all_hours,MNQ->MGC,60,30,top20,validate,26396,-0.7121306258524004,-1.546088099511585,0.12270985185209454,-7.121306258524004,,,,
all_hours,MNQ->MGC,60,30,top20,test,35047,-0.4740134676291846,-0.9038113750063725,-0.04874089318592262,-4.740134676291846,,,,
all_hours,MNQ->MGC,60,60,all,train,112880,0.4771261516654846,-0.11392397299248873,1.1413585457314896,4.771261516654846,-0.19641904904007917,0.04686104968821059,0.6735452007055638,14.373241854098199
all_hours,MNQ->MGC,60,60,all,validate,86395,-0.3073053996180327,-1.0440128739881303,0.41366186375855846,-3.0730539961803274,,,,
all_hours,MNQ->MGC,60,60,all,test,85963,-0.1812925328338939,-0.6450254473964407,0.27414339702233576,-1.812925328338939,,,,
all_hours,MNQ->MGC,60,60,top20,train,22769,1.159161579340329,-0.4856490333894646,2.905572032317108,11.591615793403289,-0.18033160981718044,0.14614929649474534,1.3394931891575093,9.165238706473483
all_hours,MNQ->MGC,60,60,top20,validate,25939,-0.8959501137283586,-2.496786631710169,0.6608913804524145,-8.959501137283587,,,,
all_hours,MNQ->MGC,60,60,top20,test,34460,-0.36462275101567027,-1.1673264596768766,0.39606368871944436,-3.6462275101567028,,,,
