pair,k,h,thr,split,n,long_frac,real_pt,real_ci,always_long_pt,long_ci,signflip_mean,signflip_sd,real_minus_flip,flip_sd_units,hit_rate,real_usd
MGC->MNQ,30,60,top20,train,6096,0.463,13.174,"[2.81,23.37]",-13.927,"[-29.15,0.63]",-0.382,1.361,13.557,9.96,0.5456,26.35
MGC->MNQ,30,60,top20,validate,6969,0.479,3.599,"[-7.24,13.68]",6.856,"[-5.60,21.22]",-1.396,1.161,4.995,4.3,0.5087,7.2
MGC->MNQ,30,60,top20,test,3590,0.474,-3.651,"[-22.51,16.57]",-16.648,"[-41.64,8.19]",-0.518,2.479,-3.133,-1.26,0.4886,-7.3
MGC->MNQ,60,60,top20,train,5541,0.435,12.017,"[-1.30,26.13]",-14.817,"[-30.05,-0.17]",0.575,1.297,11.442,8.82,0.5228,24.03
MGC->MNQ,60,60,top20,validate,6206,0.474,2.74,"[-8.81,14.19]",6.214,"[-5.98,19.69]",-1.566,1.229,4.305,3.5,0.5058,5.48
MGC->MNQ,60,60,top20,test,3163,0.49,6.885,"[-17.03,30.87]",-15.153,"[-40.04,9.80]",-0.857,2.961,7.742,2.61,0.5156,13.77
MGC->MNQ,60,30,top20,train,6073,0.452,7.18,"[-1.26,16.07]",-10.471,"[-19.25,-2.07]",-0.419,0.928,7.598,8.19,0.5251,14.36
MGC->MNQ,60,30,top20,validate,6642,0.471,2.655,"[-5.26,9.95]",3.387,"[-3.24,10.87]",-1.565,0.795,4.22,5.31,0.5277,5.31
MGC->MNQ,60,30,top20,test,3400,0.484,-2.076,"[-14.78,11.21]",-4.515,"[-19.73,10.83]",-1.053,1.794,-1.023,-0.57,0.4765,-4.15
MGC->MNQ,30,60,all,train,30487,0.528,2.623,"[-1.81,7.40]",-5.58,"[-13.38,1.88]",-1.461,0.494,4.085,8.28,0.513,5.25
MGC->MNQ,30,60,all,validate,23299,0.494,0.99,"[-3.62,5.56]",5.506,"[-2.12,13.52]",-1.331,0.545,2.321,4.26,0.4964,1.98
MGC->MNQ,30,60,all,test,22797,0.474,-0.753,"[-5.86,4.64]",-3.663,"[-13.42,5.78]",-1.198,0.688,0.445,0.65,0.4935,-1.51
MGC->MNQ,60,60,all,train,27757,0.525,3.65,"[-1.33,8.28]",-4.858,"[-12.38,2.25]",-1.429,0.518,5.079,9.8,0.5141,7.3
MGC->MNQ,60,60,all,validate,21229,0.495,-0.652,"[-6.23,5.23]",4.263,"[-2.92,12.14]",-1.293,0.549,0.641,1.17,0.4864,-1.3
MGC->MNQ,60,60,all,test,20727,0.463,4.242,"[-2.47,11.37]",-2.909,"[-12.65,6.38]",-1.191,0.67,5.432,8.11,0.5192,8.48
MGC->MNQ,15,60,top20,train,6345,0.472,6.435,"[-1.58,14.05]",-10.111,"[-23.94,4.35]",-0.47,1.263,6.905,5.47,0.5158,12.87
MGC->MNQ,15,60,top20,validate,7139,0.483,2.896,"[-5.53,11.18]",7.805,"[-4.55,21.40]",-1.529,1.146,4.426,3.86,0.5092,5.79
MGC->MNQ,15,60,top20,test,3598,0.486,-6.993,"[-19.12,4.80]",-15.619,"[-36.47,6.63]",-0.969,2.724,-6.024,-2.21,0.478,-13.99
MNQ->MGC,30,60,top20,train,6075,0.458,1.953,"[-1.44,6.45]",-1.834,"[-5.05,0.94]",-0.337,0.458,2.29,5.0,0.516,19.53
MNQ->MGC,30,60,top20,validate,5394,0.545,-1.924,"[-4.64,0.82]",-0.27,"[-2.84,2.07]",-0.45,0.284,-1.474,-5.19,0.4627,-19.24
MNQ->MGC,30,60,top20,test,7547,0.491,-0.874,"[-2.11,0.35]",-0.2,"[-2.29,2.17]",-0.452,0.162,-0.422,-2.6,0.475,-8.74
MNQ->MGC,60,60,top20,train,5542,0.405,0.725,"[-3.26,5.35]",-1.994,"[-5.62,1.54]",-0.174,0.468,0.899,1.92,0.4832,7.25
MNQ->MGC,60,60,top20,validate,4600,0.545,-2.031,"[-6.20,2.34]",-0.353,"[-4.26,2.84]",-0.447,0.326,-1.584,-4.86,0.4433,-20.31
MNQ->MGC,60,60,top20,test,5948,0.503,-0.443,"[-1.87,0.77]",-0.191,"[-2.36,2.27]",-0.46,0.19,0.018,0.09,0.4642,-4.43
