feature,horizon,side,split,n,hit,net_pt,ci_lo,ci_hi,flip_mean,flip_sd,sd_units,net_usd
MNQ_asia,us_60m,follow,train,88,0.4886,3.96,-11.28,19.04,-0.938,7.662,0.64,7.92
MNQ_asia,us_60m,follow,validate,68,0.4118,-8.985,-32.88,15.57,-1.714,12.418,-0.59,-17.97
MNQ_asia,us_60m,follow,test,66,0.4394,-8.576,-55.46,36.73,0.706,23.839,-0.39,-17.15
MNQ_asia,us_60m,fade,train,88,0.5114,-6.46,-21.54,8.78,-1.329,7.784,-0.66,-12.92
MNQ_asia,us_60m,fade,validate,68,0.5882,6.485,-18.07,30.38,-0.765,12.035,0.6,12.97
MNQ_asia,us_60m,fade,test,66,0.5606,6.076,-39.23,52.96,-3.352,24.274,0.39,12.15
MNQ_asia,us_120m,follow,train,88,0.5227,-10.094,-42.66,22.2,-5.52,16.277,-0.28,-20.19
MNQ_asia,us_120m,follow,validate,68,0.5294,-3.261,-41.02,32.37,1.799,17.755,-0.28,-6.52
MNQ_asia,us_120m,follow,test,66,0.5606,5.375,-51.56,64.04,0.637,29.562,0.16,10.75
MNQ_asia,us_120m,fade,train,88,0.4773,7.594,-24.7,40.16,2.722,16.989,0.29,15.19
MNQ_asia,us_120m,fade,validate,68,0.4706,0.761,-34.87,38.52,-3.745,18.886,0.24,1.52
MNQ_asia,us_120m,fade,test,66,0.4394,-7.875,-66.54,49.06,-1.46,30.649,-0.21,-15.75
MNQ_asia,us_full,follow,train,88,0.4659,-34.884,-86.26,14.35,-6.168,25.787,-1.11,-69.77
MNQ_asia,us_full,follow,validate,68,0.4706,-25.654,-81.24,30.43,6.28,27.658,-1.15,-51.31
MNQ_asia,us_full,follow,test,66,0.5606,68.504,-2.28,144.68,2.37,38.486,1.72,137.01
MNQ_asia,us_full,fade,train,88,0.5341,32.384,-16.85,83.76,1.713,24.647,1.24,64.77
MNQ_asia,us_full,fade,validate,68,0.5147,23.154,-32.93,78.74,-5.78,27.848,1.04,46.31
MNQ_asia,us_full,fade,test,66,0.4394,-71.004,-147.18,-0.22,-1.828,39.656,-1.74,-142.01
MNQ_eu,us_60m,follow,train,87,0.4828,6.48,-8.06,21.16,-0.655,7.074,1.01,12.96
MNQ_eu,us_60m,follow,validate,68,0.6176,23.662,-0.98,48.27,-1.833,12.079,2.11,47.32
MNQ_eu,us_60m,follow,test,66,0.3939,-28.758,-74.34,18.79,-2.129,23.483,-1.13,-57.52
MNQ_eu,us_60m,fade,train,87,0.5172,-8.98,-23.66,5.56,-1.6,6.927,-1.07,-17.96
MNQ_eu,us_60m,fade,validate,68,0.3824,-26.162,-50.77,-1.52,-1.093,13.237,-1.89,-52.32
MNQ_eu,us_60m,fade,test,66,0.6061,26.258,-21.29,71.84,-0.305,22.645,1.17,52.52
MNQ_eu,us_120m,follow,train,87,0.4483,-0.54,-33.78,32.72,-7.035,15.72,0.41,-1.08
MNQ_eu,us_120m,follow,validate,68,0.6471,41.092,4.28,74.54,1.914,18.116,2.16,82.18
MNQ_eu,us_120m,follow,test,66,0.5152,-12.42,-70.12,45.01,-2.085,29.455,-0.35,-24.84
MNQ_eu,us_120m,fade,train,87,0.5517,-1.96,-35.22,31.28,2.92,16.097,-0.3,-3.92
MNQ_eu,us_120m,fade,validate,68,0.3529,-43.592,-77.04,-6.78,-3.059,19.453,-2.08,-87.18
MNQ_eu,us_120m,fade,test,66,0.4848,9.92,-47.51,67.62,-1.291,30.172,0.37,19.84
MNQ_eu,us_full,follow,train,87,0.5517,29.385,-21.32,80.22,-8.291,26.011,1.45,58.77
MNQ_eu,us_full,follow,validate,68,0.5588,46.118,-10.54,97.92,4.529,28.011,1.48,92.24
MNQ_eu,us_full,follow,test,66,0.4848,16.86,-56.77,93.4,-1.427,38.405,0.48,33.72
MNQ_eu,us_full,fade,train,87,0.4483,-31.885,-82.72,18.82,6.588,25.577,-1.5,-63.77
MNQ_eu,us_full,fade,validate,68,0.4265,-48.618,-100.42,8.04,-7.844,28.577,-1.43,-97.24
MNQ_eu,us_full,fade,test,66,0.5152,-19.36,-95.9,54.27,-0.17,37.95,-0.51,-38.72
MNQ_pre,us_60m,follow,train,88,0.4773,0.977,-13.62,15.82,-0.633,7.066,0.23,1.95
MNQ_pre,us_60m,follow,validate,68,0.5882,32.169,8.88,55.58,-2.71,12.37,2.82,64.34
MNQ_pre,us_60m,follow,test,66,0.3636,-18.144,-64.27,29.1,-0.964,25.297,-0.68,-36.29
MNQ_pre,us_60m,fade,train,88,0.5227,-3.477,-18.32,11.12,-2.32,7.27,-0.16,-6.95
MNQ_pre,us_60m,fade,validate,68,0.4118,-34.669,-58.08,-11.38,-1.046,12.671,-2.65,-69.34
MNQ_pre,us_60m,fade,test,66,0.6364,15.644,-31.6,61.77,-2.777,23.628,0.78,31.29
MNQ_pre,us_120m,follow,train,88,0.4886,-7.111,-39.85,24.37,-5.92,16.626,-0.07,-14.22
MNQ_pre,us_120m,follow,validate,68,0.6471,39.688,3.46,73.61,1.489,17.815,2.14,79.38
MNQ_pre,us_120m,follow,test,66,0.5152,-24.193,-82.04,33.83,-2.763,29.206,-0.73,-48.39
MNQ_pre,us_120m,fade,train,88,0.5114,4.611,-26.87,37.35,3.906,16.18,0.04,9.22
MNQ_pre,us_120m,fade,validate,68,0.3529,-42.188,-76.11,-5.96,-3.974,18.531,-2.06,-84.38
MNQ_pre,us_120m,fade,test,66,0.4848,21.693,-36.33,79.54,-0.664,28.559,0.78,43.39
MNQ_pre,us_full,follow,train,88,0.4773,-21.514,-73.95,29.77,-6.756,24.655,-0.6,-43.03
MNQ_pre,us_full,follow,validate,68,0.5882,48.522,-5.71,99.63,8.187,28.228,1.43,97.04
MNQ_pre,us_full,follow,test,66,0.4848,31.049,-42.35,109.11,-1.666,40.604,0.81,62.1
MNQ_pre,us_full,fade,train,88,0.5227,19.014,-32.27,71.45,5.248,24.543,0.56,38.03
MNQ_pre,us_full,fade,validate,68,0.3971,-51.022,-102.13,3.21,-10.879,27.203,-1.48,-102.04
MNQ_pre,us_full,fade,test,66,0.5152,-33.549,-111.61,39.85,-1.301,37.281,-0.87,-67.1
MGC_asia,us_60m,follow,train,88,0.4773,-5.0,-19.79,9.95,-1.802,7.17,-0.45,-10.0
MGC_asia,us_60m,follow,validate,68,0.4265,-13.316,-38.09,11.19,-1.526,13.137,-0.9,-26.63
MGC_asia,us_60m,follow,test,66,0.5,-2.326,-49.4,42.64,-1.819,23.752,-0.02,-4.65
MGC_asia,us_60m,fade,train,88,0.5227,2.5,-12.45,17.29,-1.099,6.916,0.52,5.0
MGC_asia,us_60m,fade,validate,68,0.5735,10.816,-13.69,35.59,-1.621,13.005,0.96,21.63
MGC_asia,us_60m,fade,test,66,0.5,-0.174,-45.14,46.9,-2.054,23.043,0.08,-0.35
MGC_asia,us_120m,follow,train,88,0.4432,-27.594,-59.82,5.02,-2.8,16.425,-1.51,-55.19
MGC_asia,us_120m,follow,validate,68,0.5735,18.254,-19.19,54.12,-0.576,18.616,1.01,36.51
MGC_asia,us_120m,follow,test,66,0.5,-10.314,-70.47,46.48,2.658,29.696,-0.44,-20.63
MGC_asia,us_120m,fade,train,88,0.5568,25.094,-7.52,57.32,-0.096,17.365,1.45,50.19
MGC_asia,us_120m,fade,validate,68,0.4265,-20.754,-56.62,16.69,-0.748,18.666,-1.07,-41.51
MGC_asia,us_120m,fade,test,66,0.5,7.814,-48.98,67.97,-3.744,30.301,0.38,15.63
MGC_asia,us_full,follow,train,88,0.4318,-28.639,-79.01,22.45,-3.093,26.236,-0.97,-57.28
MGC_asia,us_full,follow,validate,68,0.5588,17.5,-38.46,72.15,-2.215,29.548,0.67,35.0
MGC_asia,us_full,follow,test,66,0.5303,1.413,-74.93,80.7,1.092,39.241,0.01,2.83
MGC_asia,us_full,fade,train,88,0.5682,26.139,-24.95,76.51,1.519,27.469,0.9,52.28
MGC_asia,us_full,fade,validate,68,0.4265,-20.0,-74.65,35.96,-4.352,29.023,-0.54,-40.0
MGC_asia,us_full,fade,test,66,0.4697,-3.913,-83.2,72.43,-7.312,40.329,0.08,-7.83
MGC_eu,us_60m,follow,train,88,0.5227,-4.903,-19.92,9.62,-1.168,7.499,-0.5,-9.81
MGC_eu,us_60m,follow,validate,68,0.6176,16.287,-8.98,41.27,-1.891,13.303,1.37,32.57
MGC_eu,us_60m,follow,test,66,0.4848,-3.629,-50.73,43.67,-0.681,23.886,-0.12,-7.26
MGC_eu,us_60m,fade,train,88,0.4773,2.403,-12.12,17.42,-1.988,7.303,0.6,4.81
MGC_eu,us_60m,fade,validate,68,0.3824,-18.787,-43.77,6.48,-0.543,13.553,-1.35,-37.57
MGC_eu,us_60m,fade,test,66,0.5152,1.129,-46.17,48.23,-3.722,23.734,0.2,2.26
MGC_eu,us_120m,follow,train,88,0.5114,-2.474,-34.7,29.85,-7.801,15.899,0.34,-4.95
MGC_eu,us_120m,follow,validate,68,0.6176,35.518,-0.06,71.38,0.193,18.7,1.89,71.04
MGC_eu,us_120m,follow,test,66,0.4848,-11.943,-72.19,46.73,-1.872,30.943,-0.33,-23.89
MGC_eu,us_120m,fade,train,88,0.4886,-0.026,-32.35,32.2,3.588,15.457,-0.23,-0.05
MGC_eu,us_120m,fade,validate,68,0.3824,-38.018,-73.88,-2.44,-4.863,18.587,-1.78,-76.04
MGC_eu,us_120m,fade,test,66,0.5152,9.443,-49.23,69.69,-1.403,29.856,0.36,18.89
MGC_eu,us_full,follow,train,88,0.5,-18.531,-70.66,31.68,-7.118,24.197,-0.47,-37.06
MGC_eu,us_full,follow,validate,68,0.5882,26.779,-30.22,82.36,5.449,29.075,0.73,53.56
MGC_eu,us_full,follow,test,66,0.4242,-43.246,-118.86,37.35,-1.222,38.31,-1.1,-86.49
MGC_eu,us_full,fade,train,88,0.5,16.031,-34.18,68.16,4.984,25.501,0.43,32.06
MGC_eu,us_full,fade,validate,68,0.3971,-29.279,-84.86,27.72,-8.629,28.06,-0.74,-58.56
MGC_eu,us_full,fade,test,66,0.5758,40.746,-39.85,116.36,-1.954,40.471,1.06,81.49
MGC_pre,us_60m,follow,train,88,0.4659,-3.761,-19.01,10.49,-0.565,6.932,-0.46,-7.52
MGC_pre,us_60m,follow,validate,68,0.5294,0.382,-25.26,25.18,-1.125,12.909,0.12,0.76
MGC_pre,us_60m,follow,test,66,0.4545,-23.833,-71.28,22.27,-1.733,23.232,-0.95,-47.67
MGC_pre,us_60m,fade,train,88,0.5341,1.261,-12.99,16.51,-1.783,7.589,0.4,2.52
MGC_pre,us_60m,fade,validate,68,0.4706,-2.882,-27.68,22.76,-0.136,13.152,-0.21,-5.76
MGC_pre,us_60m,fade,test,66,0.5455,21.333,-24.77,68.78,-1.411,24.961,0.91,42.67
MGC_pre,us_120m,follow,train,88,0.4545,-33.418,-66.32,-2.47,-6.185,16.823,-1.62,-66.84
MGC_pre,us_120m,follow,validate,68,0.6176,28.688,-8.69,63.99,2.099,19.025,1.4,57.38
MGC_pre,us_120m,follow,test,66,0.4545,-33.148,-91.87,26.52,0.601,30.087,-1.12,-66.3
MGC_pre,us_120m,fade,train,88,0.5455,30.918,-0.03,63.82,3.735,16.49,1.65,61.84
MGC_pre,us_120m,fade,validate,68,0.3824,-31.188,-66.49,6.19,-4.566,18.612,-1.43,-62.38
MGC_pre,us_120m,fade,test,66,0.5455,30.648,-29.02,89.37,-2.698,29.392,1.13,61.3
MGC_pre,us_full,follow,train,88,0.4432,-33.884,-85.72,14.52,-6.086,24.537,-1.13,-67.77
MGC_pre,us_full,follow,validate,68,0.5882,25.515,-31.82,80.11,8.928,27.16,0.61,51.03
MGC_pre,us_full,follow,test,66,0.3939,-40.155,-112.8,40.19,2.634,37.161,-1.15,-80.31
MGC_pre,us_full,fade,train,88,0.5568,31.384,-17.02,83.22,5.535,25.06,1.03,62.77
MGC_pre,us_full,fade,validate,68,0.3971,-28.015,-82.61,29.32,-10.006,28.309,-0.64,-56.03
MGC_pre,us_full,fade,test,66,0.6061,37.655,-42.69,110.3,-1.962,39.343,1.01,75.31
RISKOFF_pre,us_60m,follow,train,88,0.4545,-3.557,-18.04,10.86,-1.507,7.496,-0.27,-7.11
RISKOFF_pre,us_60m,follow,validate,68,0.5294,25.882,1.82,49.73,-0.936,13.384,2.0,51.76
RISKOFF_pre,us_60m,follow,test,66,0.3939,-20.394,-65.35,27.56,-1.101,24.493,-0.79,-40.79
RISKOFF_pre,us_60m,fade,train,88,0.5455,1.057,-13.36,15.54,-1.745,7.416,0.38,2.11
RISKOFF_pre,us_60m,fade,validate,68,0.4706,-28.382,-52.23,-4.32,-1.668,12.116,-2.2,-56.76
RISKOFF_pre,us_60m,fade,test,66,0.6061,17.894,-30.06,62.85,-1.818,23.732,0.83,35.79
RISKOFF_pre,us_120m,follow,train,88,0.4659,12.577,-18.21,45.46,-2.702,16.68,0.92,25.15
RISKOFF_pre,us_120m,follow,validate,68,0.6176,16.408,-20.33,52.17,-0.482,18.835,0.9,32.82
RISKOFF_pre,us_120m,follow,test,66,0.5455,-10.928,-69.22,47.63,0.658,29.583,-0.39,-21.86
RISKOFF_pre,us_120m,fade,train,88,0.5341,-15.077,-47.96,15.71,0.618,16.751,-0.94,-30.15
RISKOFF_pre,us_120m,fade,validate,68,0.3824,-18.908,-54.67,17.83,-1.877,18.559,-0.92,-37.82
RISKOFF_pre,us_120m,fade,test,66,0.4545,8.428,-50.13,66.72,-2.119,30.238,0.35,16.86
RISKOFF_pre,us_full,follow,train,88,0.5455,6.901,-41.83,58.44,-2.595,26.441,0.36,13.8
RISKOFF_pre,us_full,follow,validate,68,0.5294,25.11,-29.08,78.81,1.572,26.996,0.87,50.22
RISKOFF_pre,us_full,follow,test,66,0.5455,65.648,-5.62,144.4,-0.443,36.454,1.81,131.3
RISKOFF_pre,us_full,fade,train,88,0.4545,-9.401,-60.94,39.33,-0.034,25.632,-0.37,-18.8
RISKOFF_pre,us_full,fade,validate,68,0.4559,-27.61,-81.31,26.58,-4.067,29.241,-0.81,-55.22
RISKOFF_pre,us_full,fade,test,66,0.4545,-68.148,-146.9,3.12,-0.219,39.289,-1.73,-136.3
