horizon,split,n,A_pt,B_pt,C_pt,C_minus_A,ci,t_paired,pct_sessions_C_agrees_A,n_disagree
us_60m,train,88,0.98,-3.76,-3.56,-4.53,"[-23.3,14.0]",-0.48,0.682,28
us_60m,validate,68,32.17,0.38,25.88,-6.29,"[-20.6,6.9]",-0.9,0.824,12
us_60m,test,66,-18.14,-23.83,-20.39,-2.25,"[-31.2,17.8]",-0.18,0.879,8
us_60m,POOLED,222,4.85,-8.46,0.45,-4.39,"[-15.4,6.1]",-0.77,0.784,48
us_120m,train,88,-7.11,-33.42,12.58,19.69,"[-14.6,59.4]",1.02,0.682,28
us_120m,validate,68,39.69,28.69,16.41,-23.28,"[-48.0,-1.8]",-1.97,0.824,12
us_120m,test,66,-24.19,-33.15,-10.93,13.27,"[-24.9,50.9]",0.69,0.879,8
us_120m,POOLED,222,2.15,-14.31,6.76,4.62,"[-14.3,24.7]",0.45,0.784,48
us_full,train,88,-21.51,-33.88,6.9,28.41,"[-19.8,82.7]",1.08,0.682,28
us_full,validate,68,48.52,25.51,25.11,-23.41,"[-60.3,7.7]",-1.35,0.824,12
us_full,test,66,31.05,-40.16,65.65,34.6,"[-17.4,89.9]",1.27,0.879,8
us_full,POOLED,222,15.57,-17.55,29.94,14.38,"[-12.8,43.5]",1.01,0.784,48
