sday,session_date,expiry,volume,bars
20346,2025-09-15,20251219,484100.0,1380
20347,2025-09-16,20251219,759746.0,1380
20348,2025-09-17,20251219,1318105.0,1380
20349,2025-09-18,20251219,1254238.0,1380
20350,2025-09-19,20251219,1120944.0,1380
20353,2025-09-22,20251219,1050774.0,1380
20354,2025-09-23,20251219,1258598.0,1380
20355,2025-09-24,20251219,1262664.0,1380
20356,2025-09-25,20251219,1796999.0,1380
20357,2025-09-26,20251219,1562363.0,1380
20360,2025-09-29,20251219,1275596.0,1380
20361,2025-09-30,20251219,1464255.0,1380
20362,2025-10-01,20251219,1343166.0,1380
20363,2025-10-02,20251219,1279301.0,1380
20364,2025-10-03,20251219,1388125.0,1380
20367,2025-10-06,20251219,1125702.0,1380
20368,2025-10-07,20251219,1492281.0,1380
20369,2025-10-08,20251219,1147132.0,1380
20370,2025-10-09,20251219,1399230.0,1380
20371,2025-10-10,20251219,2417154.0,1380
20374,2025-10-13,20251219,1972595.0,1380
20375,2025-10-14,20251219,2343958.0,1380
20376,2025-10-15,20251219,2123700.0,1380
20377,2025-10-16,20251219,2575724.0,1380
20378,2025-10-17,20251219,2575618.0,1380
20381,2025-10-20,20251219,1327292.0,1380
20382,2025-10-21,20251219,1379413.0,1380
20383,2025-10-22,20251219,2087064.0,1380
20384,2025-10-23,20251219,1546846.0,1380
20385,2025-10-24,20251219,1227324.0,1380
20388,2025-10-27,20251219,980552.0,1380
20389,2025-10-28,20251219,1147158.0,1380
20390,2025-10-29,20251219,1667771.0,1380
20391,2025-10-30,20251219,2111095.0,1380
20392,2025-10-31,20251219,1778014.0,1380
20395,2025-11-03,20251219,1425144.0,1380
20396,2025-11-04,20251219,2019527.0,1380
20397,2025-11-05,20251219,1765643.0,1380
20398,2025-11-06,20251219,2273177.0,1380
20399,2025-11-07,20251219,2570307.0,1380
20402,2025-11-10,20251219,1760797.0,1380
20403,2025-11-11,20251219,1584908.0,1380
20404,2025-11-12,20251219,1747598.0,1380
20405,2025-11-13,20251219,2597741.0,1380
20406,2025-11-14,20251219,2707681.0,1380
20409,2025-11-17,20251219,2602285.0,1380
20410,2025-11-18,20251219,3083454.0,1380
20411,2025-11-19,20251219,2873979.0,1380
20412,2025-11-20,20251219,3232175.0,1380
20413,2025-11-21,20251219,2948697.0,1380
20416,2025-11-24,20251219,1913599.0,1380
20417,2025-11-25,20251219,2107269.0,1380
20418,2025-11-26,20251219,1666423.0,1380
20419,2025-11-27,20251219,220056.0,1140
20420,2025-11-28,20251219,358210.0,1155
20423,2025-12-01,20251219,1823383.0,1380
20424,2025-12-02,20251219,1829781.0,1380
20425,2025-12-03,20251219,1571246.0,1380
20426,2025-12-04,20251219,1614339.0,1380
20427,2025-12-05,20251219,1533929.0,1380
20430,2025-12-08,20251219,1391500.0,1380
20431,2025-12-09,20251219,1201204.0,1380
20432,2025-12-10,20251219,1702213.0,1380
20433,2025-12-11,20251219,1949571.0,1380
20434,2025-12-12,20251219,2191361.0,1380
20437,2025-12-15,20251219,904073.0,1380
20438,2025-12-16,20260320,1705150.0,1380
20439,2025-12-17,20260320,1811981.0,1380
20440,2025-12-18,20260320,1885208.0,1380
20441,2025-12-19,20260320,1364989.0,1380
20444,2025-12-22,20260320,1049060.0,1380
20445,2025-12-23,20260320,901879.0,1380
20446,2025-12-24,20260320,425604.0,1155
20448,2025-12-26,20260320,656003.0,1380
20451,2025-12-29,20260320,1110609.0,1380
20452,2025-12-30,20260320,899892.0,1380
20453,2025-12-31,20260320,1010762.0,1380
20455,2026-01-02,20260320,1682967.0,1380
20458,2026-01-05,20260320,1366649.0,1380
20459,2026-01-06,20260320,1369038.0,1380
20460,2026-01-07,20260320,1384621.0,1380
20461,2026-01-08,20260320,1640998.0,1380
20462,2026-01-09,20260320,1603376.0,1380
20465,2026-01-12,20260320,1367027.0,1380
20466,2026-01-13,20260320,1819986.0,1380
20467,2026-01-14,20260320,2143216.0,1380
20468,2026-01-15,20260320,1813768.0,1380
20469,2026-01-16,20260320,1531448.0,1380
20472,2026-01-19,20260320,823482.0,1140
20473,2026-01-20,20260320,2360899.0,1380
20474,2026-01-21,20260320,2701855.0,1380
20475,2026-01-22,20260320,1737319.0,1380
20476,2026-01-23,20260320,1714157.0,1380
20479,2026-01-26,20260320,1519836.0,1380
20480,2026-01-27,20260320,1274631.0,1380
20481,2026-01-28,20260320,1659448.0,1380
20482,2026-01-29,20260320,2448875.0,1380
20483,2026-01-30,20260320,2636640.0,1380
20486,2026-02-02,20260320,2006541.0,1380
20487,2026-02-03,20260320,2612099.0,1380
20488,2026-02-04,20260320,2640829.0,1380
20489,2026-02-05,20260320,2643538.0,1380
20490,2026-02-06,20260320,2139869.0,1380
20493,2026-02-09,20260320,1672750.0,1380
20494,2026-02-10,20260320,1927971.0,1380
20495,2026-02-11,20260320,2197176.0,1380
20496,2026-02-12,20260320,2462096.0,1380
20497,2026-02-13,20260320,2524616.0,1380
20500,2026-02-16,20260320,648423.0,1140
20501,2026-02-17,20260320,2409984.0,1380
20502,2026-02-18,20260320,1828777.0,1380
20503,2026-02-19,20260320,2096664.0,1380
20504,2026-02-20,20260320,2194466.0,1380
20507,2026-02-23,20260320,1987330.0,1380
20508,2026-02-24,20260320,1786175.0,1380
20509,2026-02-25,20260320,1417744.0,1380
20510,2026-02-26,20260320,2203057.0,1380
20511,2026-02-27,20260320,2133504.0,1380
20514,2026-03-02,20260320,2361066.0,1380
20515,2026-03-03,20260320,2854015.0,1380
20516,2026-03-04,20260320,2206960.0,1380
20517,2026-03-05,20260320,2530841.0,1380
20518,2026-03-06,20260320,2677903.0,1380
20521,2026-03-09,20260320,2646509.0,1380
20522,2026-03-10,20260320,2339225.0,1380
20523,2026-03-11,20260320,1931830.0,1380
20524,2026-03-12,20260320,2184412.0,1380
20525,2026-03-13,20260320,2333203.0,1380
20528,2026-03-16,20260320,980641.0,1380
20529,2026-03-17,20260618,1334242.0,1380
20530,2026-03-18,20260618,1641157.0,1380
20531,2026-03-19,20260618,2318233.0,1380
20532,2026-03-20,20260618,2028678.0,1380
20535,2026-03-23,20260618,2361540.0,1380
20536,2026-03-24,20260618,2222575.0,1380
20537,2026-03-25,20260618,1982372.0,1380
20538,2026-03-26,20260618,2157116.0,1380
20539,2026-03-27,20260618,1927276.0,1380
20542,2026-03-30,20260618,2036314.0,1380
20543,2026-03-31,20260618,2523042.0,1380
20544,2026-04-01,20260618,1979672.0,1380
20545,2026-04-02,20260618,2289028.0,1380
20546,2026-04-03,20260618,220962.0,915
20549,2026-04-06,20260618,1759633.0,1380
20550,2026-04-07,20260618,2458042.0,1380
20551,2026-04-08,20260618,2283141.0,1380
20552,2026-04-09,20260618,1754711.0,1380
20553,2026-04-10,20260618,1522297.0,1380
20556,2026-04-13,20260618,1739164.0,1380
20557,2026-04-14,20260618,1499440.0,1380
20558,2026-04-15,20260618,1610743.0,1380
20559,2026-04-16,20260618,1878610.0,1380
20560,2026-04-17,20260618,1902293.0,1380
20563,2026-04-20,20260618,1705519.0,1380
20564,2026-04-21,20260618,2109361.0,1380
20565,2026-04-22,20260618,1610295.0,1380
20566,2026-04-23,20260618,2301778.0,1380
20567,2026-04-24,20260618,1876018.0,1380
20570,2026-04-27,20260618,1606337.0,1380
20571,2026-04-28,20260618,2043504.0,1380
20572,2026-04-29,20260618,1758032.0,1380
20573,2026-04-30,20260618,2308731.0,1380
20574,2026-05-01,20260618,1718934.0,1380
20577,2026-05-04,20260618,2018689.0,1380
20578,2026-05-05,20260618,1458603.0,1380
20579,2026-05-06,20260618,1971712.0,1380
20580,2026-05-07,20260618,2328265.0,1380
20581,2026-05-08,20260618,1736262.0,1380
20584,2026-05-11,20260618,1952326.0,1380
20585,2026-05-12,20260618,2347696.0,1380
20586,2026-05-13,20260618,2058809.0,1380
20587,2026-05-14,20260618,2228536.0,1380
20588,2026-05-15,20260618,2834209.0,1380
20591,2026-05-18,20260618,2781670.0,1380
20592,2026-05-19,20260618,2698954.0,1380
20593,2026-05-20,20260618,2443358.0,1380
20594,2026-05-21,20260618,2544306.0,1380
20595,2026-05-22,20260618,2008229.0,1380
20598,2026-05-25,20260618,577395.0,1140
20599,2026-05-26,20260618,2088895.0,1380
20600,2026-05-27,20260618,2396008.0,1380
20601,2026-05-28,20260618,2151434.0,1380
20602,2026-05-29,20260618,2310038.0,1380
20605,2026-06-01,20260618,2173708.0,1380
20606,2026-06-02,20260618,2024486.0,1380
20607,2026-06-03,20260618,2620991.0,1380
20608,2026-06-04,20260618,2769162.0,1380
20609,2026-06-05,20260618,3848160.0,1380
20612,2026-06-08,20260618,3080738.0,1380
20613,2026-06-09,20260618,4322905.0,1380
20614,2026-06-10,20260618,3682641.0,1380
20615,2026-06-11,20260618,3670919.0,1380
20616,2026-06-12,20260618,2520399.0,1380
20619,2026-06-15,20260918,1721764.0,1380
20620,2026-06-16,20260918,2775306.0,1380
20621,2026-06-17,20260918,3084775.0,1380
20622,2026-06-18,20260918,2583834.0,1380
20623,2026-06-19,20260918,860833.0,1140
20626,2026-06-22,20260918,2826756.0,1380
20627,2026-06-23,20260918,3543710.0,1380
20628,2026-06-24,20260918,3617674.0,1380
20629,2026-06-25,20260918,3710005.0,1380
20630,2026-06-26,20260918,3305482.0,1380
20633,2026-06-29,20260918,3164765.0,1380
20634,2026-06-30,20260918,2410989.0,1380
20635,2026-07-01,20260918,2788399.0,1380
20636,2026-07-02,20260918,3979661.0,1380
20637,2026-07-03,20260918,709292.0,1140
20640,2026-07-06,20260918,2553552.0,1380
20641,2026-07-07,20260918,3230554.0,1380
20642,2026-07-08,20260918,3387591.0,1380
20643,2026-07-09,20260918,2609071.0,1380
20644,2026-07-10,20260918,2394040.0,1380
20647,2026-07-13,20260918,2907824.0,1380
20648,2026-07-14,20260918,2726737.0,1380
20649,2026-07-15,20260918,2864453.0,1380
20650,2026-07-16,20260918,2798933.0,1380
20651,2026-07-17,20260918,3381383.0,1380
20654,2026-07-20,20260918,2796371.0,1380
20655,2026-07-21,20260918,2335749.0,1380
20656,2026-07-22,20260918,2334678.0,1380
20657,2026-07-23,20260918,3112288.0,1380
20658,2026-07-24,20260918,3082653.0,1380
20661,2026-07-27,20260918,3152622.0,1380
20662,2026-07-28,20260918,2811076.0,1380
20663,2026-07-29,20260918,3386044.0,1380
20664,2026-07-30,20260918,3031979.0,1380
20665,2026-07-31,20260918,2828928.0,1380
20668,2026-08-03,20260918,2377081.0,1380
20669,2026-08-04,20260918,2629326.0,1380
20670,2026-08-05,20260918,2669475.0,1380
20671,2026-08-06,20260918,2853911.0,1380
20672,2026-08-07,20260918,2447316.0,1380
20675,2026-08-10,20260918,2219540.0,1380
20676,2026-08-11,20260918,2245157.0,1380
20677,2026-08-12,20260918,2007589.0,1380
20678,2026-08-13,20260918,1956105.0,1380
20679,2026-08-14,20260918,1925425.0,1380
20682,2026-08-17,20260918,1940634.0,1380
20683,2026-08-18,20260918,2507724.0,1380
