sess,slot,entry,exit,gross,net_125
2025-10-02,17,25134.5,25156.0,21.5,20.25
2025-10-07,9,25182.5,25187.25,4.75,3.5
2025-10-10,17,25310.5,25326.25,15.75,14.5
2025-10-24,8,25359.25,25387.25,28.0,26.75
2025-10-27,13,25844.25,25835.75,-8.5,-9.75
2025-11-05,15,25481.5,25529.25,47.75,46.5
2025-11-06,5,25736.25,25768.5,32.25,31.0
2025-12-22,7,25712.5,25707.25,-5.25,-6.5
2026-01-06,17,25615.75,25625.5,9.75,8.5
2026-01-26,3,25727.5,25618.5,-109.0,-110.25
2026-02-11,3,25250.25,25204.75,-45.5,-46.75
2026-02-12,3,25353.25,25355.0,1.75,0.5
2026-02-16,6,24909.5,24895.75,-13.75,-15.0
2026-02-16,9,24885.75,24868.25,-17.5,-18.75
2026-02-20,3,24937.0,24936.0,-1.0,-2.25
2026-03-05,3,25051.0,25114.25,63.25,62.0
2026-03-11,15,25017.75,24946.25,-71.5,-72.75
2026-03-16,15,24817.0,24838.5,21.5,20.25
2026-03-20,3,24594.0,24558.5,-35.5,-36.75
2026-03-24,3,24466.5,24377.0,-89.5,-90.75
2026-03-24,6,24391.0,24389.75,-1.25,-2.5
2026-04-03,11,24139.0,24138.5,-0.5,-1.75
2026-04-15,11,25978.75,25984.75,6.0,4.75
2026-04-22,10,26859.0,26830.25,-28.75,-30.0
2026-04-27,8,27448.0,27446.0,-2.0,-3.25
2026-04-29,3,27238.5,27241.75,3.25,2.0
2026-05-18,13,29136.0,29090.0,-46.0,-47.25
2026-05-25,11,29955.75,29972.0,16.25,15.0
2026-05-25,15,29972.0,29972.25,0.25,-1.0
2026-05-25,17,29976.75,29965.0,-11.75,-13.0
2026-06-11,2,28859.75,28912.5,52.75,51.5
2026-06-15,10,30522.75,30547.0,24.25,23.0
2026-07-23,15,29102.5,28964.75,-137.75,-139.0
2026-07-24,11,28699.75,28639.25,-60.5,-61.75
