i,sess,bt,decision_ts,state,label,side,clean,entry,raw30,raw45,raw60,raw75,raw90,raw120
8,2026-07-15,1784144700,1784145600,0,BULLISH,1,True,29700.75,18.0,15.5,7.25,,,
25,2026-07-16,1784163600,1784164500,1,BEARISH,-1,True,29626.25,11.75,-24.5,-13.5,-70.0,-52.75,-123.0
29,2026-07-16,1784167200,1784168100,1,BEARISH,-1,True,29639.0,-40.0,-88.25,-110.25,-77.75,-82.25,-116.0
32,2026-07-16,1784169900,1784170800,0,BULLISH,1,True,29727.0,-10.25,-5.75,17.0,28.0,-11.25,-18.25
49,2026-07-16,1784185200,1784186100,1,BEARISH,-1,True,29622.0,51.75,58.75,131.0,83.25,72.0,-3.25
65,2026-07-16,1784199600,1784200500,1,BEARISH,-1,True,29487.5,48.5,41.25,63.75,82.5,112.75,36.75
75,2026-07-16,1784208600,1784209500,1,BEARISH,-1,True,29316.75,-152.5,-165.75,-147.5,-118.75,-42.0,-80.75
85,2026-07-16,1784217600,1784218500,1,BEARISH,-1,True,29293.25,0.5,-45.25,5.25,-40.0,49.5,60.25
92,2026-07-16,1784223900,1784224800,1,BEARISH,-1,True,29243.75,-25.75,5.75,33.25,60.0,95.75,26.5
98,2026-07-16,1784229300,1784230200,1,BEARISH,-1,True,29147.75,-69.5,-19.5,-32.25,-25.5,-30.75,
108,2026-07-17,1784241900,1784242800,1,BEARISH,-1,True,29135.5,43.75,27.0,39.0,92.75,116.5,77.75
110,2026-07-17,1784243700,1784244600,1,BEARISH,-1,False,29091.75,-4.75,49.0,72.75,65.5,34.0,52.0
117,2026-07-17,1784250000,1784250900,1,BEARISH,-1,False,29030.5,56.75,59.25,72.5,101.75,95.75,75.75
119,2026-07-17,1784251800,1784252700,1,BEARISH,-1,False,28974.25,16.25,45.5,39.5,49.0,19.5,17.75
129,2026-07-17,1784260800,1784261700,1,BEARISH,-1,True,28850.5,41.0,45.0,47.5,59.25,91.75,94.0
145,2026-07-17,1784275200,1784276100,1,BEARISH,-1,True,28676.5,91.0,47.75,4.25,-13.5,-9.75,-91.25
153,2026-07-17,1784282400,1784283300,0,BULLISH,1,True,28766.75,33.75,16.75,-8.25,-4.75,-37.25,-82.5
161,2026-07-17,1784289600,1784290500,1,BEARISH,-1,True,28684.0,9.25,18.75,61.5,77.0,264.25,-119.75
170,2026-07-17,1784297700,1784298600,0,BULLISH,1,True,28831.75,-105.5,-125.25,-78.75,-33.5,101.5,82.25
175,2026-07-17,1784302200,1784303100,0,BULLISH,1,True,28799.0,140.5,115.0,172.5,175.5,196.25,150.75
179,2026-07-17,1784305800,1784306700,0,BULLISH,1,False,28971.0,24.25,64.5,-21.25,-75.0,-107.5,-162.25
187,2026-07-17,1784313000,1784313900,1,BEARISH,-1,True,28808.25,48.5,13.0,13.0,43.25,70.0,41.25
189,2026-07-17,1784314800,1784315700,1,BEARISH,-1,False,28759.75,-35.5,-5.25,21.5,9.75,-7.25,
192,2026-07-17,1784317500,1784318400,1,BEARISH,-1,False,28764.25,14.25,-2.75,-4.5,,,
204,2026-07-20,1784504700,1784505600,0,BULLISH,1,True,28869.25,65.5,17.25,-11.0,-16.5,-53.25,-72.75
211,2026-07-20,1784511000,1784511900,1,BEARISH,-1,True,28797.25,-41.0,-14.75,-102.0,-89.0,-87.25,-101.75
219,2026-07-20,1784518200,1784519100,0,BULLISH,1,True,28899.25,-32.0,1.0,34.75,-2.5,-36.25,-86.75
227,2026-07-20,1784525400,1784526300,1,BEARISH,-1,True,28812.75,28.25,27.0,9.0,8.5,-8.5,-92.25
234,2026-07-20,1784531700,1784532600,0,BULLISH,1,True,28879.0,30.25,47.75,21.75,-15.25,2.25,26.25
247,2026-07-20,1784543400,1784544300,0,BULLISH,1,True,28967.25,45.0,31.75,120.75,105.5,36.0,39.0
259,2026-07-20,1784554200,1784555100,0,BULLISH,1,True,29178.25,-205.0,-147.75,-213.25,-286.5,-233.25,-150.5
263,2026-07-20,1784557800,1784558700,1,BEARISH,-1,True,28965.0,20.0,-50.5,-62.75,-86.0,-142.0,-39.0
269,2026-07-20,1784563200,1784564100,0,BULLISH,1,True,29106.75,-102.75,-123.5,-180.25,-149.25,-197.0,-113.75
281,2026-07-20,1784574000,1784574900,1,BEARISH,-1,True,28808.0,-59.0,22.75,35.25,49.5,37.0,
284,2026-07-20,1784576700,1784577600,1,BEARISH,-1,True,28785.0,26.5,14.0,7.25,,,
294,2026-07-21,1784589300,1784590200,0,BULLISH,1,True,28818.75,-39.0,-82.75,-1.5,47.25,39.5,72.25
299,2026-07-21,1784593800,1784594700,0,BULLISH,1,True,28866.25,37.25,24.75,8.25,17.75,18.75,82.75
304,2026-07-21,1784598300,1784599200,0,BULLISH,1,True,28884.5,9.5,64.5,70.25,90.5,111.25,188.0
321,2026-07-21,1784613600,1784614500,0,BULLISH,1,True,29132.25,21.75,14.25,-0.5,-28.75,-20.0,20.25
323,2026-07-21,1784615400,1784616300,0,BULLISH,1,False,29154.0,-22.25,-50.5,-41.75,-37.0,-1.5,13.0
330,2026-07-21,1784621700,1784622600,0,BULLISH,1,True,29168.75,-1.5,3.0,-2.5,-3.25,-14.75,5.75
333,2026-07-21,1784624400,1784625300,0,BULLISH,1,True,29172.0,-6.5,-18.0,0.0,2.5,-0.25,-14.25
342,2026-07-21,1784632500,1784633400,1,BEARISH,-1,True,29129.0,-24.5,-49.25,-5.25,-5.75,-43.5,-93.5
350,2026-07-21,1784639700,1784640600,0,BULLISH,1,True,29222.0,-69.25,-92.0,-14.5,2.75,15.25,85.5
355,2026-07-21,1784644200,1784645100,0,BULLISH,1,True,29225.0,67.0,82.5,36.5,34.25,77.0,93.5
357,2026-07-21,1784646000,1784646900,0,BULLISH,1,False,29292.0,-30.5,-32.75,10.0,20.25,26.5,43.0
361,2026-07-21,1784649600,1784650500,0,BULLISH,1,False,29302.5,16.0,28.75,32.5,30.25,38.75,35.0
367,2026-07-21,1784655000,1784655900,0,BULLISH,1,True,29341.75,-4.25,-16.5,5.5,-13.5,-30.75,-3.75
379,2026-07-21,1784665800,1784666700,1,BEARISH,-1,True,29293.25,,,,,,
383,2026-07-22,1784673000,1784673900,1,BEARISH,-1,True,29270.25,-11.5,-26.25,-10.0,-27.75,-58.25,-14.0
394,2026-07-22,1784682900,1784683800,1,BEARISH,-1,True,29246.5,-30.0,-14.75,-29.75,-7.0,7.25,-15.25
397,2026-07-22,1784685600,1784686500,1,BEARISH,-1,True,29261.25,7.75,22.0,45.75,-0.5,38.25,47.5
404,2026-07-22,1784691900,1784692800,1,BEARISH,-1,True,29199.25,-34.0,-18.5,-22.5,12.0,33.5,26.0
410,2026-07-22,1784697300,1784698200,1,BEARISH,-1,True,29166.0,-7.25,33.0,86.75,63.5,73.25,47.5
413,2026-07-22,1784700000,1784700900,1,BEARISH,-1,False,29133.25,30.75,40.5,35.75,14.75,68.25,66.25
419,2026-07-22,1784705400,1784706300,1,BEARISH,-1,False,29064.5,-2.5,-37.25,-22.0,-46.0,-67.25,-52.0
428,2026-07-22,1784713500,1784714400,0,BULLISH,1,True,29127.75,33.25,7.25,26.5,-4.0,-25.5,-73.0
430,2026-07-22,1784715300,1784716200,0,BULLISH,1,False,29162.25,-8.0,-38.5,-60.0,-120.0,-107.5,-135.25
435,2026-07-22,1784719800,1784720700,1,BEARISH,-1,True,29042.25,-3.0,15.25,-13.5,25.5,-14.75,-136.75
440,2026-07-22,1784724300,1784725200,1,BEARISH,-1,False,29017.0,-72.75,-162.0,-260.0,-219.5,-202.75,-223.75
443,2026-07-22,1784727000,1784727900,0,BULLISH,1,True,29178.5,58.0,41.25,6.75,62.25,128.0,110.75
448,2026-07-22,1784731500,1784732400,0,BULLISH,1,False,29240.5,84.5,48.75,89.75,88.0,70.75,70.5
460,2026-07-22,1784742300,1784743200,1,BEARISH,-1,True,29244.25,5.0,16.25,-1.5,20.0,-9.25,84.0
465,2026-07-22,1784746800,1784747700,1,BEARISH,-1,False,29224.25,12.25,64.0,-25.75,6.75,39.5,
468,2026-07-22,1784749500,1784750400,1,BEARISH,-1,True,29161.0,-56.5,-23.75,-8.0,,,
481,2026-07-23,1784764800,1784765700,0,BULLISH,1,True,29167.0,66.75,88.75,101.5,74.25,15.25,-17.25
490,2026-07-23,1784772900,1784773800,1,BEARISH,-1,True,29104.75,13.0,51.25,20.5,-11.75,-6.0,-46.0
502,2026-07-23,1784783700,1784784600,0,BULLISH,1,True,29170.25,-83.0,-71.5,-61.5,-87.75,-86.5,-154.25
509,2026-07-23,1784790000,1784790900,1,BEARISH,-1,True,28996.5,56.25,8.75,-38.75,-54.25,-41.0,-84.5
519,2026-07-23,1784799000,1784799900,0,BULLISH,1,True,29075.0,-32.75,-21.75,26.5,28.0,-17.0,-149.25
526,2026-07-23,1784805300,1784806200,1,BEARISH,-1,True,28994.75,30.0,78.25,129.0,206.25,207.5,276.0
536,2026-07-23,1784814300,1784815200,1,BEARISH,-1,False,28708.5,-24.25,63.75,111.5,214.25,241.25,120.5
539,2026-07-23,1784817000,1784817900,1,BEARISH,-1,False,28644.75,150.5,177.5,150.0,56.75,15.0,-43.0
550,2026-07-23,1784826900,1784827800,0,BULLISH,1,True,28652.75,-85.5,-93.25,-78.0,-102.5,-102.75,-69.75
554,2026-07-23,1784830500,1784831400,1,BEARISH,-1,True,28574.5,24.5,69.25,-8.5,71.75,-39.75,-194.5
561,2026-07-23,1784836800,1784837700,0,BULLISH,1,True,28726.75,9.5,14.0,,,,
567,2026-07-24,1784845800,1784846700,0,BULLISH,1,True,28684.0,14.25,16.25,3.25,-4.75,-41.0,-28.0
580,2026-07-24,1784857500,1784858400,1,BEARISH,-1,True,28613.75,19.5,65.5,94.0,75.0,69.0,128.25
582,2026-07-24,1784859300,1784860200,1,BEARISH,-1,False,28594.25,74.5,55.5,49.5,90.25,108.75,43.0
593,2026-07-24,1784869200,1784870100,0,BULLISH,1,True,28592.75,-1.75,-47.5,-83.5,-56.5,-85.0,42.75
595,2026-07-24,1784871000,1784871900,0,BULLISH,1,False,28590.5,-81.25,-54.25,-82.75,-45.75,45.0,35.25
602,2026-07-24,1784877300,1784878200,0,BULLISH,1,True,28653.25,-37.5,-79.0,-30.75,-23.5,-32.75,19.5
607,2026-07-24,1784881800,1784882700,0,BULLISH,1,True,28629.5,13.0,43.25,66.5,70.25,34.0,17.75
611,2026-07-24,1784885400,1784886300,0,BULLISH,1,True,28695.75,-32.25,-28.5,-48.5,-56.5,-39.25,-79.25
619,2026-07-24,1784892600,1784893500,1,BEARISH,-1,True,28616.25,-73.5,-70.5,-12.5,24.5,24.5,131.25
625,2026-07-24,1784898000,1784898900,1,BEARISH,-1,True,28591.5,106.5,268.5,170.25,199.75,304.0,98.0
636,2026-07-24,1784907900,1784908800,0,BULLISH,1,True,28576.5,-11.25,-77.25,-81.75,-117.75,-61.75,-110.0
645,2026-07-24,1784916000,1784916900,1,BEARISH,-1,True,28428.75,153.0,126.75,207.5,175.5,154.25,137.5
670,2026-07-27,1785114900,1785115800,1,BEARISH,-1,True,28538.75,-75.5,-70.0,-100.25,-108.5,-76.0,-80.5
686,2026-07-27,1785129300,1785130200,0,BULLISH,1,True,28679.75,15.0,37.75,17.75,17.0,13.75,25.0
693,2026-07-27,1785135600,1785136500,0,BULLISH,1,False,28727.5,-31.5,-65.5,-34.0,-7.0,8.75,-2.0
700,2026-07-27,1785141900,1785142800,0,BULLISH,1,True,28736.75,-10.75,9.5,7.75,1.75,1.25,4.25
704,2026-07-27,1785145500,1785146400,0,BULLISH,1,True,28744.25,-6.25,2.25,-3.25,-32.75,-91.5,-71.5
710,2026-07-27,1785150900,1785151800,1,BEARISH,-1,True,28653.25,-19.5,17.5,3.25,-17.25,-37.75,63.25
718,2026-07-27,1785158100,1785159000,1,BEARISH,-1,True,28591.25,244.25,339.5,504.75,632.0,420.75,518.75
731,2026-07-27,1785169800,1785170700,0,BULLISH,1,True,28134.0,-99.25,-135.75,-98.75,-29.5,-33.75,-52.0
740,2026-07-27,1785177900,1785178800,0,BULLISH,1,True,28188.0,55.25,-11.5,4.75,2.75,6.5,22.25
746,2026-07-27,1785183300,1785184200,0,BULLISH,1,True,28194.0,16.25,,,,,
752,2026-07-28,1785192300,1785193200,1,BEARISH,-1,False,28132.75,-28.5,0.75,-30.5,21.25,28.75,61.75
760,2026-07-28,1785199500,1785200400,1,BEARISH,-1,True,28072.0,13.25,-7.75,51.75,76.5,84.75,79.25
764,2026-07-28,1785203100,1785204000,1,BEARISH,-1,True,28021.0,33.75,49.75,28.25,53.25,34.0,-27.75
766,2026-07-28,1785204900,1785205800,1,BEARISH,-1,False,27987.0,-5.75,19.25,-0.0,-69.5,-61.75,13.25
779,2026-07-28,1785216600,1785217500,1,BEARISH,-1,True,27897.25,52.0,-5.0,-20.75,-48.5,-74.5,-42.5
790,2026-07-28,1785226500,1785227400,0,BULLISH,1,True,28002.75,-8.75,-14.25,10.25,-30.0,-46.25,-34.25
799,2026-07-28,1785234600,1785235500,1,BEARISH,-1,True,27932.75,63.5,49.0,69.5,-30.75,-30.5,-77.25
801,2026-07-28,1785236400,1785237300,1,BEARISH,-1,False,27869.25,6.0,-94.25,-94.0,-141.25,-140.75,-132.0
807,2026-07-28,1785241800,1785242700,0,BULLISH,1,True,28009.5,-8.25,-57.0,-259.5,-343.5,-379.5,-237.25
809,2026-07-28,1785243600,1785244500,0,BULLISH,1,False,28001.25,-251.25,-335.25,-371.25,-295.0,-229.0,-147.25
811,2026-07-28,1785245400,1785246300,1,BEARISH,-1,True,27749.5,119.5,43.25,-22.75,-53.0,-104.5,-282.25
819,2026-07-28,1785252600,1785253500,0,BULLISH,1,True,28031.5,-23.5,-36.75,0.5,26.25,-43.0,-77.0
843,2026-07-29,1785277800,1785278700,1,BEARISH,-1,True,27863.0,21.5,-26.5,-157.5,-239.75,-279.0,-207.5
848,2026-07-29,1785282300,1785283200,0,BULLISH,1,True,28102.75,-27.0,-32.25,-92.5,-182.0,-130.0,-317.5
855,2026-07-29,1785288600,1785289500,1,BEARISH,-1,True,27878.75,34.5,-16.0,-8.5,38.25,49.0,105.75
862,2026-07-29,1785294900,1785295800,1,BEARISH,-1,True,27777.25,60.25,84.25,93.0,127.25,20.25,-38.5
865,2026-07-29,1785297600,1785298500,1,BEARISH,-1,False,27692.25,42.25,-64.75,-140.5,-123.5,-135.25,-72.5
875,2026-07-29,1785306600,1785307500,0,BULLISH,1,True,27908.0,15.25,38.75,13.25,-0.75,-47.0,15.0
888,2026-07-29,1785318300,1785319200,0,BULLISH,1,True,28019.0,-1.5,-51.25,-70.0,-26.75,-19.25,-16.25
898,2026-07-29,1785327300,1785328200,1,BEARISH,-1,True,27867.0,-41.75,-6.75,-48.75,-50.25,132.75,294.5
901,2026-07-29,1785330000,1785330900,1,BEARISH,-1,True,27872.75,-44.5,138.5,224.25,300.25,335.25,295.75
904,2026-07-29,1785332700,1785333600,1,BEARISH,-1,True,27733.75,161.25,196.25,133.5,156.75,178.25,214.75
917,2026-07-29,1785344400,1785345300,0,BULLISH,1,True,27736.5,-56.5,-14.75,62.5,40.5,238.0,169.0
921,2026-07-29,1785348000,1785348900,0,BULLISH,1,True,27800.25,174.25,257.5,105.25,-89.25,-326.5,-501.0
927,2026-07-29,1785353400,1785354300,1,BEARISH,-1,True,27473.5,174.25,231.0,161.0,213.75,,
937,2026-07-30,1785366000,1785366900,0,BULLISH,1,True,27478.0,46.25,44.25,101.0,116.0,28.25,92.0
947,2026-07-30,1785375000,1785375900,0,BULLISH,1,True,27677.0,-40.0,-65.25,-67.0,-136.25,-178.75,-145.0
951,2026-07-30,1785378600,1785379500,0,BULLISH,1,True,27610.0,-111.75,-94.5,-78.0,-80.25,-124.75,-138.75
953,2026-07-30,1785380400,1785381300,1,BEARISH,-1,True,27498.75,-33.25,-31.0,13.5,-36.25,27.5,42.0
959,2026-07-30,1785385800,1785386700,1,BEARISH,-1,False,27471.0,14.25,-7.25,-50.0,-16.75,2.5,35.5
978,2026-07-30,1785402900,1785403800,0,BULLISH,1,True,27554.25,-37.25,-12.0,63.0,77.5,64.0,160.25
982,2026-07-30,1785406500,1785407400,0,BULLISH,1,False,27617.0,1.25,48.75,97.5,83.75,107.25,124.0
1015,2026-07-30,1785436200,1785437100,0,BULLISH,1,True,28167.0,107.5,76.75,65.5,63.25,158.0,194.0
1017,2026-07-30,1785438000,1785438900,0,BULLISH,1,False,28273.75,-41.25,-43.5,51.25,91.0,87.25,
1021,2026-07-30,1785441600,1785442500,0,BULLISH,1,True,28324.0,37.0,9.5,,,,
1027,2026-07-31,1785450600,1785451500,0,BULLISH,1,False,28403.0,-18.75,-24.75,3.75,20.5,65.0,96.5
1032,2026-07-31,1785455100,1785456000,0,BULLISH,1,True,28422.0,61.0,77.5,100.0,139.0,128.0,54.75
1042,2026-07-31,1785464100,1785465000,1,BEARISH,-1,True,28422.5,-9.75,4.0,-42.0,-40.5,-36.25,-88.5
1050,2026-07-31,1785471300,1785472200,0,BULLISH,1,True,28510.75,38.25,46.5,62.25,40.25,75.5,80.0
1060,2026-07-31,1785480300,1785481200,1,BEARISH,-1,True,28485.5,-61.75,-80.25,-87.75,-92.5,-112.5,-117.0
1067,2026-07-31,1785486600,1785487500,0,BULLISH,1,True,28568.25,60.25,21.5,-16.0,-36.0,-13.0,10.25
1081,2026-07-31,1785499200,1785500100,1,BEARISH,-1,True,28480.25,27.75,12.25,-49.5,-97.5,61.0,342.75
1088,2026-07-31,1785505500,1785506400,1,BEARISH,-1,True,28359.5,108.75,90.5,51.75,89.5,208.75,85.75
1093,2026-07-31,1785510000,1785510900,1,BEARISH,-1,False,28269.75,55.0,-4.0,-30.75,-93.75,-51.5,-133.25
1098,2026-07-31,1785514500,1785515400,0,BULLISH,1,True,28364.0,2.75,39.0,98.25,92.25,65.0,58.25
1102,2026-07-31,1785518100,1785519000,0,BULLISH,1,True,28462.25,-33.25,-60.0,-40.0,-29.5,-28.5,13.0
1116,2026-07-31,1785530700,1785531600,1,BEARISH,-1,True,28567.5,,,,,,
1134,2026-08-03,1785723300,1785724200,0,BULLISH,1,True,28639.0,21.75,25.25,7.75,32.75,31.5,43.5
1137,2026-08-03,1785726000,1785726900,0,BULLISH,1,True,28664.0,7.75,6.5,-2.25,18.5,10.5,-24.5
1142,2026-08-03,1785730500,1785731400,0,BULLISH,1,True,28682.0,-31.0,-42.5,-44.0,-47.25,-40.25,-56.25
1147,2026-08-03,1785735000,1785735900,1,BEARISH,-1,True,28634.75,-7.0,9.0,24.25,42.0,15.75,71.75
1150,2026-08-03,1785737700,1785738600,1,BEARISH,-1,True,28625.75,33.0,6.75,22.5,62.75,38.25,137.25
1155,2026-08-03,1785742200,1785743100,1,BEARISH,-1,True,28563.5,1.25,75.0,27.25,-30.25,5.0,19.0
1157,2026-08-03,1785744000,1785744900,1,BEARISH,-1,False,28562.0,25.75,-31.75,3.5,5.5,17.5,34.75
1170,2026-08-03,1785755700,1785756600,1,BEARISH,-1,True,28469.0,49.0,33.5,19.25,-18.5,9.75,50.0
1172,2026-08-03,1785757500,1785758400,1,BEARISH,-1,False,28419.5,-30.25,-68.0,-39.75,-40.75,0.5,-208.75
1180,2026-08-03,1785764700,1785765600,0,BULLISH,1,True,28629.0,49.25,78.75,173.0,128.5,105.75,163.25
1189,2026-08-03,1785772800,1785773700,0,BULLISH,1,False,28813.75,20.25,8.0,43.75,71.75,71.75,126.5
1193,2026-08-03,1785776400,1785777300,0,BULLISH,1,False,28857.25,28.25,60.5,83.0,34.5,56.0,42.75
1216,2026-08-04,1785800700,1785801600,0,BULLISH,1,True,28971.25,-65.0,-79.25,-94.0,-111.25,-69.25,69.75
1219,2026-08-04,1785803400,1785804300,1,BEARISH,-1,True,28891.75,31.75,-10.25,-50.75,-149.25,-79.25,-93.75
1224,2026-08-04,1785807900,1785808800,0,BULLISH,1,True,29041.25,-92.0,-55.75,-68.5,-98.75,-64.25,-45.75
1227,2026-08-04,1785810600,1785811500,0,BULLISH,1,False,28987.0,-44.5,-10.0,-19.0,8.5,-9.75,12.0
1239,2026-08-04,1785821400,1785822300,0,BULLISH,1,True,29058.0,31.0,23.75,-3.5,14.75,11.25,23.5
1245,2026-08-04,1785826800,1785827700,0,BULLISH,1,True,29069.75,11.75,1.0,38.75,41.75,-0.5,-36.25
1254,2026-08-04,1785834900,1785835800,1,BEARISH,-1,True,29046.0,-31.75,-60.0,-49.5,-75.5,-70.5,-124.5
1259,2026-08-04,1785839400,1785840300,0,BULLISH,1,True,29120.5,23.25,50.0,83.75,117.25,85.5,98.75
1261,2026-08-04,1785841200,1785842100,0,BULLISH,1,False,29144.5,59.75,93.25,61.5,77.5,74.75,86.25
1271,2026-08-04,1785850200,1785851100,0,BULLISH,1,False,29411.5,128.75,147.5,145.25,138.0,207.5,265.25
1295,2026-08-04,1785871800,1785872700,0,BULLISH,1,False,29950.0,-34.5,-157.75,-152.75,-131.0,,
1299,2026-08-04,1785875400,1785876300,1,BEARISH,-1,True,29797.0,,,,,,
1303,2026-08-05,1785882600,1785883500,1,BEARISH,-1,True,29800.5,-37.25,-24.5,-42.0,-35.0,-56.5,-38.25
1323,2026-08-05,1785900600,1785901500,0,BULLISH,1,True,29885.5,-1.5,-14.5,19.25,17.75,51.0,56.25
1329,2026-08-05,1785906000,1785906900,0,BULLISH,1,True,29937.0,4.75,43.25,43.75,-7.5,2.25,14.0
1340,2026-08-05,1785915900,1785916800,1,BEARISH,-1,True,29903.0,68.25,90.25,65.5,69.75,41.0,44.75
1353,2026-08-05,1785927600,1785928500,0,BULLISH,1,True,29904.25,11.5,15.25,14.5,30.5,38.25,25.25
1356,2026-08-05,1785930300,1785931200,0,BULLISH,1,True,29920.0,14.75,22.5,-4.75,9.5,54.5,129.5
1362,2026-08-05,1785935700,1785936600,0,BULLISH,1,True,29975.25,74.25,23.25,-60.0,-113.0,-127.25,-165.5
1367,2026-08-05,1785940200,1785941100,1,BEARISH,-1,True,29862.0,23.0,52.25,42.25,123.75,130.5,73.75
1384,2026-08-05,1785955500,1785956400,1,BEARISH,-1,True,29727.25,-29.25,15.5,119.25,122.75,157.5,132.5
1388,2026-08-05,1785959100,1785960000,1,BEARISH,-1,True,29607.75,38.0,9.25,13.0,,,
1402,2026-08-06,1785975300,1785976200,1,BEARISH,-1,True,29561.0,22.0,39.25,87.5,86.25,63.0,12.75
1411,2026-08-06,1785983400,1785984300,0,BULLISH,1,True,29617.0,-38.75,-73.5,-64.0,-35.25,-60.5,-61.5
1425,2026-08-06,1785996000,1785996900,1,BEARISH,-1,True,29506.5,1.75,-15.0,-45.0,-30.25,-10.75,46.5
1433,2026-08-06,1786003200,1786004100,1,BEARISH,-1,True,29460.25,-43.5,-57.0,11.0,-22.25,-28.75,-43.5
1437,2026-08-06,1786006800,1786007700,1,BEARISH,-1,True,29448.5,-40.5,-78.25,-55.25,-69.0,-31.5,29.25
1452,2026-08-06,1786020300,1786021200,1,BEARISH,-1,True,29399.5,64.75,-58.25,-128.0,-209.0,-187.5,-257.75
1454,2026-08-06,1786022100,1786023000,1,BEARISH,-1,False,29335.25,-192.25,-273.25,-251.75,-247.75,-322.0,-272.75
1457,2026-08-06,1786024800,1786025700,0,BULLISH,1,True,29608.25,-25.25,49.0,37.75,-0.25,-73.5,-120.25
1465,2026-08-06,1786032000,1786032900,1,BEARISH,-1,True,29488.75,10.0,-68.0,-35.0,-39.0,-20.75,-54.5
1488,2026-08-07,1786056300,1786057200,0,BULLISH,1,True,29564.75,8.5,18.75,30.5,10.0,-51.0,-3.0
1490,2026-08-07,1786058100,1786059000,0,BULLISH,1,False,29574.0,21.25,0.75,-60.25,-34.5,-12.25,-44.75
1509,2026-08-07,1786075200,1786076100,1,BEARISH,-1,True,29478.75,-16.0,-30.75,-59.5,-68.75,-54.75,-81.0
1517,2026-08-07,1786082400,1786083300,0,BULLISH,1,True,29559.25,-13.5,-6.5,33.5,28.75,23.5,65.0
1524,2026-08-07,1786088700,1786089600,0,BULLISH,1,True,29584.0,40.0,41.75,49.25,57.5,50.5,33.25
1527,2026-08-07,1786091400,1786092300,0,BULLISH,1,False,29626.0,15.5,8.5,2.75,-8.75,-17.0,-3.75
1539,2026-08-07,1786102200,1786103100,0,BULLISH,1,True,29666.25,-7.5,8.25,135.75,177.25,74.75,121.75
1543,2026-08-07,1786105800,1786106700,0,BULLISH,1,True,29802.0,-61.0,-87.5,-14.0,-123.25,-217.25,-126.0
1557,2026-08-07,1786118400,1786119300,0,BULLISH,1,True,29800.0,-45.75,-60.25,-64.5,-52.25,-54.5,-79.0
1567,2026-08-07,1786127400,1786128300,1,BEARISH,-1,True,29681.5,-118.25,-129.5,-98.25,-152.5,-138.5,-132.75
1570,2026-08-07,1786130100,1786131000,0,BULLISH,1,True,29811.25,22.75,8.75,-6.75,3.0,29.75,
1572,2026-08-07,1786131900,1786132800,0,BULLISH,1,False,29833.5,-29.0,-19.25,7.5,,,
1575,2026-08-07,1786134600,1786135500,0,BULLISH,1,True,29814.25,,,,,,
1581,2026-08-10,1786316400,1786317300,0,BULLISH,1,True,29861.75,1.25,-32.0,30.5,-14.75,-55.0,-8.75
1585,2026-08-10,1786320000,1786320900,0,BULLISH,1,False,29892.25,-85.5,-89.25,-39.25,-28.0,-16.75,-20.0
1592,2026-08-10,1786326300,1786327200,0,BULLISH,1,True,29885.75,-15.75,4.25,-4.75,-9.25,-5.25,-7.25
1595,2026-08-10,1786329000,1786329900,0,BULLISH,1,True,29889.5,-13.0,-9.0,7.75,-11.0,5.25,-2.75
1608,2026-08-10,1786340700,1786341600,0,BULLISH,1,True,29929.75,-15.5,-12.0,-21.0,-16.5,22.25,23.0
1615,2026-08-10,1786347000,1786347900,0,BULLISH,1,True,29966.0,-3.5,-13.75,-10.0,5.75,10.0,-21.25
1620,2026-08-10,1786351500,1786352400,0,BULLISH,1,True,29972.0,-3.5,-27.25,-33.75,-54.25,-26.5,-59.25
1625,2026-08-10,1786356000,1786356900,1,BEARISH,-1,True,29917.75,-1.5,5.0,41.25,8.5,42.75,71.75
1628,2026-08-10,1786358700,1786359600,1,BEARISH,-1,True,29912.5,3.25,37.5,41.5,66.5,89.75,134.75
1631,2026-08-10,1786361400,1786362300,1,BEARISH,-1,False,29874.5,28.5,51.75,70.5,96.75,70.0,99.0
1651,2026-08-10,1786379400,1786380300,1,BEARISH,-1,True,29742.25,-58.5,-44.5,-17.5,-17.0,-9.0,-29.5
1657,2026-08-10,1786384800,1786385700,1,BEARISH,-1,True,29751.5,-20.25,-30.5,-38.0,-30.25,-24.25,6.75
1671,2026-08-11,1786401000,1786401900,1,BEARISH,-1,True,29725.0,-6.0,16.75,12.0,21.5,-23.5,-54.0
1674,2026-08-11,1786403700,1786404600,1,BEARISH,-1,True,29708.75,5.25,-39.75,-54.0,-70.25,-76.0,-111.25
1679,2026-08-11,1786408200,1786409100,0,BULLISH,1,True,29780.0,46.0,40.0,42.25,38.5,40.75,59.5
1700,2026-08-11,1786427100,1786428000,1,BEARISH,-1,True,29793.25,22.25,9.75,38.5,34.25,49.5,18.0
1702,2026-08-11,1786428900,1786429800,1,BEARISH,-1,False,29771.0,16.25,12.0,27.25,2.25,-4.25,38.0
1709,2026-08-11,1786435200,1786436100,1,BEARISH,-1,True,29732.25,-21.75,-16.75,-0.5,-27.0,-35.75,-23.5
1718,2026-08-11,1786443300,1786444200,0,BULLISH,1,True,29822.0,-4.25,50.25,12.5,3.0,10.5,7.0
1725,2026-08-11,1786449600,1786450500,0,BULLISH,1,True,29862.0,-15.75,-29.75,-34.0,-22.25,-138.5,-99.75
1731,2026-08-11,1786455000,1786455900,1,BEARISH,-1,True,29723.25,-39.0,-54.5,-19.0,-53.0,11.25,29.75
1735,2026-08-11,1786458600,1786459500,1,BEARISH,-1,False,29742.25,30.25,39.25,48.75,79.25,89.75,105.5
1737,2026-08-11,1786460400,1786461300,1,BEARISH,-1,False,29711.75,18.25,48.75,59.25,65.75,75.0,133.5
1740,2026-08-11,1786463100,1786464000,1,BEARISH,-1,False,29663.0,17.0,26.25,37.25,84.75,56.5,34.0
1750,2026-08-11,1786472100,1786473000,1,BEARISH,-1,True,29544.75,-37.75,-63.0,-79.5,-95.25,-91.0,-129.75
1758,2026-08-11,1786479300,1786480200,0,BULLISH,1,True,29674.25,-27.0,,,,,
1773,2026-08-12,1786496400,1786497300,0,BULLISH,1,True,29674.0,4.25,-15.5,-16.25,3.0,14.0,32.0
1780,2026-08-12,1786502700,1786503600,0,BULLISH,1,True,29702.25,0.5,-10.5,-7.75,-5.25,-4.75,11.25
1784,2026-08-12,1786506300,1786507200,0,BULLISH,1,False,29694.5,3.0,2.75,19.0,-9.75,-6.25,21.0
1797,2026-08-12,1786518000,1786518900,0,BULLISH,1,True,29741.0,0.0,9.75,30.0,44.75,33.0,67.0
1818,2026-08-12,1786536900,1786537800,0,BULLISH,1,True,29904.25,15.5,35.75,87.5,-4.5,3.0,12.25
1830,2026-08-12,1786547700,1786548600,1,BEARISH,-1,True,29874.5,42.75,1.25,0.75,-10.5,-31.0,-35.5
1839,2026-08-12,1786555800,1786556700,0,BULLISH,1,True,29915.5,-8.0,-21.5,3.5,-25.25,-31.25,-65.75
1847,2026-08-12,1786563000,1786563900,1,BEARISH,-1,True,29849.0,2.0,29.5,28.5,41.75,,
1861,2026-08-13,1786579200,1786580100,0,BULLISH,1,True,29847.75,-6.0,-1.25,-17.25,-30.0,-11.0,14.25
1868,2026-08-13,1786585500,1786586400,0,BULLISH,1,True,29857.5,4.25,16.0,11.25,16.5,16.5,20.75
1870,2026-08-13,1786587300,1786588200,0,BULLISH,1,False,29861.5,7.25,12.5,12.5,14.25,16.75,15.25
1873,2026-08-13,1786590000,1786590900,0,BULLISH,1,False,29874.0,1.75,4.25,-4.0,2.75,5.0,41.0
1881,2026-08-13,1786597200,1786598100,0,BULLISH,1,True,29915.25,-12.25,-31.5,-22.25,-17.75,-52.5,-62.25
1889,2026-08-13,1786604400,1786605300,1,BEARISH,-1,True,29853.25,-26.25,-6.75,15.0,-5.25,-9.5,20.75
1901,2026-08-13,1786615200,1786616100,0,BULLISH,1,True,29875.5,2.25,5.0,-3.0,-13.25,12.5,-34.5
1905,2026-08-13,1786618800,1786619700,0,BULLISH,1,True,29873.0,15.0,-4.0,-32.0,-36.25,-27.0,35.5
1913,2026-08-13,1786626000,1786626900,0,BULLISH,1,True,29908.25,104.75,267.75,297.25,325.5,327.75,309.25
1932,2026-08-13,1786643100,1786644000,0,BULLISH,1,True,30205.0,-13.0,23.5,39.0,33.75,17.75,-10.5
1956,2026-08-14,1786668300,1786669200,1,BEARISH,-1,True,30169.5,17.0,9.25,17.75,2.0,1.5,15.25
1960,2026-08-14,1786671900,1786672800,1,BEARISH,-1,False,30152.0,-16.0,-22.5,-2.25,-10.5,-28.0,-0.25
1974,2026-08-14,1786684500,1786685400,1,BEARISH,-1,True,30149.75,-24.25,-2.75,-12.75,-10.25,-22.75,-27.0
1976,2026-08-14,1786686300,1786687200,0,BULLISH,1,True,30174.0,-11.5,-14.0,-1.5,1.25,2.75,20.5
1981,2026-08-14,1786690800,1786691700,0,BULLISH,1,True,30175.25,28.0,19.25,38.75,50.0,52.75,43.5
1985,2026-08-14,1786694400,1786695300,0,BULLISH,1,False,30213.5,14.5,8.25,5.25,13.0,-3.0,27.25
1992,2026-08-14,1786700700,1786701600,0,BULLISH,1,False,30234.25,-5.25,2.5,17.5,20.0,13.25,29.75
1997,2026-08-14,1786705200,1786706100,0,BULLISH,1,True,30254.0,-2.75,10.0,-17.0,-5.25,12.0,-0.5
1999,2026-08-14,1786707000,1786707900,0,BULLISH,1,False,30251.5,-14.5,-2.75,14.5,17.0,2.0,9.0
2010,2026-08-14,1786716900,1786717800,1,BEARISH,-1,True,30159.5,36.75,69.25,86.75,110.25,93.5,58.0
2030,2026-08-14,1786734900,1786735800,0,BULLISH,1,True,30096.25,48.25,36.75,35.0,45.75,58.5,
2050,2026-08-17,1786929300,1786930200,0,BULLISH,1,True,30230.25,-38.25,-29.5,-13.75,-8.75,-8.5,3.75
2059,2026-08-17,1786937400,1786938300,0,BULLISH,1,True,30241.0,10.5,-0.75,3.75,-5.75,1.25,21.75
2068,2026-08-17,1786945500,1786946400,0,BULLISH,1,True,30272.5,24.25,41.25,52.25,3.0,7.5,39.75
2075,2026-08-17,1786951800,1786952700,0,BULLISH,1,True,30318.0,-11.0,-3.0,-29.75,-19.75,-20.5,-36.0
2086,2026-08-17,1786961700,1786962600,0,BULLISH,1,True,30337.25,-22.25,-37.5,-38.0,-32.75,-51.25,-100.75
2094,2026-08-17,1786968900,1786969800,1,BEARISH,-1,True,30238.0,36.0,19.25,20.0,42.0,3.5,39.75
2106,2026-08-17,1786979700,1786980600,0,BULLISH,1,True,30269.75,-30.5,-66.0,-62.75,-86.0,-86.25,-172.75
2112,2026-08-17,1786985100,1786986000,1,BEARISH,-1,True,30183.75,86.75,60.5,81.5,83.5,80.25,61.75
2127,2026-08-17,1786998600,1786999500,1,BEARISH,-1,True,30064.0,,,,,,
2135,2026-08-18,1787009400,1787010300,0,BULLISH,1,True,30096.0,4.25,5.25,16.5,2.5,13.75,-46.75
2137,2026-08-18,1787011200,1787012100,0,BULLISH,1,False,30101.0,11.5,-2.5,8.75,-13.75,-51.75,-134.75
2141,2026-08-18,1787014800,1787015700,0,BULLISH,1,False,30109.25,-60.0,-97.25,-143.0,-176.25,-199.25,-214.75
2143,2026-08-18,1787016600,1787017500,1,BEARISH,-1,True,30049.75,83.5,116.75,139.75,141.25,155.25,154.25
2160,2026-08-18,1787031900,1787032800,1,BEARISH,-1,True,29841.0,-19.0,-25.0,-52.0,-20.5,-6.25,30.75
2168,2026-08-18,1787039100,1787040000,1,BEARISH,-1,True,29811.0,52.75,28.75,44.25,46.0,75.75,78.0
2183,2026-08-18,1787052600,1787053500,0,BULLISH,1,True,29755.25,-20.75,-42.25,-66.5,-41.25,-59.0,-67.75
2187,2026-08-18,1787056200,1787057100,1,BEARISH,-1,True,29688.25,-8.0,-2.25,0.75,40.75,101.0,75.0
2189,2026-08-18,1787058000,1787058900,1,BEARISH,-1,False,29696.25,8.75,48.75,109.0,27.0,83.0,150.0
2196,2026-08-18,1787064300,1787065200,1,BEARISH,-1,True,29547.75,-43.5,-50.75,-88.75,-98.25,-62.5,-102.25
2204,2026-08-18,1787071500,1787072400,0,BULLISH,1,True,29649.75,-34.25,-46.0,-83.75,-74.5,-46.5,-78.25
2208,2026-08-18,1787075100,1787076000,1,BEARISH,-1,True,29566.0,-37.25,-20.0,-5.5,-6.0,-33.5,-20.5
2229,2026-08-19,1787097600,1787098500,1,BEARISH,-1,True,29460.0,-110.0,-81.0,-125.75,-141.0,-116.5,-73.25
2233,2026-08-19,1787101200,1787102100,0,BULLISH,1,True,29585.5,-9.0,-8.0,-52.25,-42.5,-62.25,-54.5
2242,2026-08-19,1787109300,1787110200,1,BEARISH,-1,True,29534.0,8.5,17.5,0.25,34.0,28.25,25.5
2244,2026-08-19,1787111100,1787112000,1,BEARISH,-1,False,29525.5,-8.25,25.5,19.75,36.5,17.0,69.0
2252,2026-08-19,1787118300,1787119200,1,BEARISH,-1,True,29456.75,-25.5,-34.25,-101.5,-102.0,-121.75,-143.5
2256,2026-08-19,1787121900,1787122800,0,BULLISH,1,True,29558.5,20.0,12.5,41.75,65.75,64.25,49.0
2268,2026-08-19,1787132700,1787133600,1,BEARISH,-1,True,29553.5,17.75,-1.25,31.5,6.0,16.5,17.5
2279,2026-08-19,1787142600,1787143500,0,BULLISH,1,True,29683.25,39.5,12.75,-73.25,-186.75,-301.0,-119.25
2284,2026-08-19,1787147100,1787148000,1,BEARISH,-1,True,29496.5,13.75,-67.5,-126.75,-120.25,-117.0,-110.75
2293,2026-08-19,1787155200,1787156100,0,BULLISH,1,True,29636.75,-26.75,-77.5,-89.0,-97.0,-100.5,-117.0
2297,2026-08-19,1787158800,1787159700,1,BEARISH,-1,True,29548.0,11.75,3.0,28.25,8.75,-12.5,0.75
2301,2026-08-19,1787162400,1787163300,1,BEARISH,-1,False,29520.0,-40.5,-15.0,-27.25,-36.0,-10.75,0.75
2347,2026-08-20,1787207400,1787208300,0,BULLISH,1,True,29671.75,-34.25,-56.75,-65.5,-77.25,-134.0,-170.75
2353,2026-08-20,1787212800,1787213700,1,BEARISH,-1,True,29537.0,36.0,59.5,13.25,9.0,2.5,-19.75
2364,2026-08-20,1787222700,1787223600,0,BULLISH,1,True,29566.0,-140.75,-142.5,-205.25,-294.25,-290.25,-220.0
2366,2026-08-20,1787224500,1787225400,1,BEARISH,-1,True,29424.5,63.75,152.75,148.75,134.75,78.5,73.5
2383,2026-08-20,1787239800,1787240700,1,BEARISH,-1,True,29278.5,-28.5,-62.25,-99.0,-101.25,-58.75,-11.75
2393,2026-08-20,1787248800,1787249700,1,BEARISH,-1,True,29230.25,-4.0,-13.75,-51.25,-74.0,-81.0,-50.75
2403,2026-08-20,1787257800,1787258700,0,BULLISH,1,True,29302.75,,,,,,
2413,2026-08-21,1787270400,1787271300,0,BULLISH,1,True,29361.5,-7.75,-40.0,-30.5,-21.5,-11.25,11.25
2420,2026-08-21,1787276700,1787277600,0,BULLISH,1,True,29352.75,37.0,28.0,31.75,4.0,10.0,-0.5
2422,2026-08-21,1787278500,1787279400,0,BULLISH,1,False,29388.75,-4.25,-32.0,-26.0,-31.25,-36.5,-57.75
2424,2026-08-21,1787280300,1787281200,0,BULLISH,1,False,29384.5,-21.75,-27.0,-32.25,-17.5,-53.5,-26.25
2430,2026-08-21,1787285700,1787286600,1,BEARISH,-1,True,29330.25,-28.0,-35.5,-22.75,-30.5,-36.0,-45.75
2438,2026-08-21,1787292900,1787293800,0,BULLISH,1,True,29375.75,11.5,52.25,50.25,47.5,70.75,47.0
2447,2026-08-21,1787301000,1787301900,0,BULLISH,1,True,29454.5,-17.0,-19.5,20.5,30.75,30.5,23.5
2453,2026-08-21,1787306400,1787307300,0,BULLISH,1,True,29485.25,-7.25,-6.25,-18.0,33.5,45.5,1.5
2458,2026-08-21,1787310900,1787311800,0,BULLISH,1,True,29518.0,-18.0,-31.25,-1.75,10.75,-6.5,-48.25
2467,2026-08-21,1787319000,1787319900,1,BEARISH,-1,True,29322.25,69.0,43.0,26.0,-9.5,-30.0,-129.5
2475,2026-08-21,1787326200,1787327100,0,BULLISH,1,True,29451.75,-58.0,-41.75,-34.25,-39.5,-43.25,-48.0
2484,2026-08-21,1787334300,1787335200,1,BEARISH,-1,True,29383.25,20.0,16.75,-17.0,-5.25,-10.0,-12.75
2486,2026-08-21,1787336100,1787337000,1,BEARISH,-1,False,29363.0,-37.25,-25.5,-30.25,-47.75,-33.0,-7.5
2502,2026-08-24,1787526900,1787527800,0,BULLISH,1,True,29428.75,38.5,6.25,-72.0,-73.5,-2.75,-19.5
2504,2026-08-24,1787528700,1787529600,0,BULLISH,1,False,29467.5,-110.75,-112.25,-41.5,-32.75,-58.25,-145.0
2512,2026-08-24,1787535900,1787536800,1,BEARISH,-1,True,29321.75,-41.25,-48.25,-48.5,17.0,26.75,50.5
2517,2026-08-24,1787540400,1787541300,1,BEARISH,-1,True,29304.75,20.5,33.5,6.75,13.75,5.0,11.75
2522,2026-08-24,1787544900,1787545800,1,BEARISH,-1,False,29291.75,25.5,-1.25,44.0,53.0,91.75,126.25
2524,2026-08-24,1787546700,1787547600,1,BEARISH,-1,False,29266.25,18.5,27.5,66.25,113.75,100.75,102.25
2528,2026-08-24,1787550300,1787551200,1,BEARISH,-1,True,29199.75,34.25,49.25,35.75,-0.5,18.25,53.25
2539,2026-08-24,1787560200,1787561100,0,BULLISH,1,True,29224.0,10.0,-14.25,11.5,7.5,-8.75,-15.75
2544,2026-08-24,1787564700,1787565600,0,BULLISH,1,True,29231.5,-21.0,-23.25,-47.0,-63.25,-49.0,15.75
2549,2026-08-24,1787569200,1787570100,1,BEARISH,-1,True,29168.0,-92.25,-79.25,-43.75,-61.5,-35.5,-40.0
2559,2026-08-24,1787578200,1787579100,1,BEARISH,-1,True,28977.75,-15.75,-34.0,-107.5,-105.0,-70.75,-198.25
2565,2026-08-24,1787583600,1787584500,1,BEARISH,-1,True,29049.25,-126.75,-119.75,-131.5,-153.75,-135.25,-145.0
2567,2026-08-24,1787585400,1787586300,0,BULLISH,1,True,29175.75,5.0,27.25,8.75,-5.25,18.5,-56.25
2573,2026-08-24,1787590800,1787591700,0,BULLISH,1,True,29194.0,-74.5,-70.75,-6.75,24.0,-4.0,-38.25
2585,2026-08-24,1787601600,1787602500,1,BEARISH,-1,True,29109.5,9.5,-21.5,,,,
2596,2026-08-25,1787615100,1787616000,1,BEARISH,-1,True,29095.75,15.25,-28.5,-31.0,-33.75,-18.5,-30.25
2605,2026-08-25,1787623200,1787624100,0,BULLISH,1,True,29116.5,20.25,-14.25,35.0,58.25,52.0,78.75
2613,2026-08-25,1787630400,1787631300,0,BULLISH,1,True,29195.75,16.25,4.0,8.0,24.25,9.0,52.0
2615,2026-08-25,1787632200,1787633100,0,BULLISH,1,False,29211.25,-7.5,8.75,-6.5,20.75,36.5,50.75
2620,2026-08-25,1787636700,1787637600,0,BULLISH,1,False,29231.75,34.5,30.25,31.0,21.25,16.0,1.5
2627,2026-08-25,1787643000,1787643900,0,BULLISH,1,True,29257.75,-39.5,16.75,23.75,44.5,65.75,103.5
2633,2026-08-25,1787648400,1787649300,0,BULLISH,1,True,29322.75,38.5,68.25,68.25,48.0,24.75,17.75
2650,2026-08-25,1787663700,1787664600,1,BEARISH,-1,True,29296.25,-15.25,51.0,81.25,77.75,63.75,19.5
2653,2026-08-25,1787666400,1787667300,1,BEARISH,-1,True,29245.5,27.0,13.0,21.5,-31.25,-22.0,-32.5
2662,2026-08-25,1787674500,1787675400,0,BULLISH,1,True,29294.25,-18.75,-51.25,-69.5,-72.0,-67.5,-74.75
2666,2026-08-25,1787678100,1787679000,1,BEARISH,-1,True,29224.75,-2.0,19.0,5.25,-33.0,-31.0,-1.0
2669,2026-08-25,1787680800,1787681700,1,BEARISH,-1,True,29205.75,-52.0,-50.0,-29.25,-20.0,-33.0,-83.0
2677,2026-08-25,1787688000,1787688900,0,BULLISH,1,True,29288.25,-6.0,-1.25,,,,
2686,2026-08-26,1787699700,1787700600,1,BEARISH,-1,True,29245.25,35.0,36.25,60.5,94.5,133.0,135.75
2699,2026-08-26,1787711400,1787712300,0,BULLISH,1,True,29217.0,14.25,-2.75,20.5,48.0,55.75,33.25
2713,2026-08-26,1787724000,1787724900,1,BEARISH,-1,True,29215.75,-40.5,-36.0,-20.5,17.0,17.5,10.25
2719,2026-08-26,1787729400,1787730300,1,BEARISH,-1,True,29198.75,-6.75,-37.25,-43.5,-29.0,-20.25,-15.5
2734,2026-08-26,1787742900,1787743800,0,BULLISH,1,True,29253.0,-33.0,-37.25,5.25,-88.0,-102.25,-79.25
2740,2026-08-26,1787748300,1787749200,1,BEARISH,-1,True,29150.75,-23.0,-140.25,-180.75,-95.5,-27.75,-101.5
2743,2026-08-26,1787751000,1787751900,0,BULLISH,1,True,29290.75,-44.5,-112.25,-69.25,-38.5,-33.25,-8.25
2760,2026-08-26,1787766300,1787767200,0,BULLISH,1,True,29284.0,-4.0,11.0,37.25,56.75,54.25,13.25
2763,2026-08-26,1787769000,1787769900,0,BULLISH,1,False,29295.0,45.75,43.25,15.25,2.25,66.5,44.5
2769,2026-08-26,1787774400,1787775300,0,BULLISH,1,True,29361.5,-22.0,69.5,,,,
2772,2026-08-26,1787777100,1787778000,0,BULLISH,1,True,29500.0,,,,,,
2783,2026-08-27,1787790600,1787791500,1,BEARISH,-1,True,29478.5,26.25,-24.75,-14.25,-52.5,-61.75,-63.75
2788,2026-08-27,1787795100,1787796000,1,BEARISH,-1,False,29531.0,-7.0,-11.25,-19.0,-9.75,-33.25,-7.0
2791,2026-08-27,1787797800,1787798700,0,BULLISH,1,True,29541.75,-1.0,22.5,0.5,-3.75,-8.0,-38.25
2799,2026-08-27,1787805000,1787805900,1,BEARISH,-1,True,29503.5,20.25,35.5,61.75,65.0,70.5,14.0
2809,2026-08-27,1787814000,1787814900,0,BULLISH,1,True,29536.75,-32.75,1.5,85.25,120.25,95.25,46.5
2812,2026-08-27,1787816700,1787817600,0,BULLISH,1,False,29538.5,118.5,93.5,85.5,44.75,60.25,63.25
2819,2026-08-27,1787823000,1787823900,0,BULLISH,1,True,29616.25,-18.0,-35.75,-17.25,-18.75,0.0,-52.25
2822,2026-08-27,1787825700,1787826600,1,BEARISH,-1,True,29580.75,-16.75,-35.5,10.75,16.75,22.75,2.0
2832,2026-08-27,1787834700,1787835600,1,BEARISH,-1,True,29522.25,-2.5,-53.75,39.5,-36.0,-84.75,-79.0
2847,2026-08-27,1787848200,1787849100,0,BULLISH,1,True,29646.0,24.5,-4.75,-17.25,-34.5,-69.5,-73.25
2851,2026-08-27,1787851800,1787852700,0,BULLISH,1,True,29628.75,-52.25,-90.25,-56.0,-58.0,-35.75,4.25
2854,2026-08-27,1787854500,1787855400,1,BEARISH,-1,True,29538.75,-32.0,-54.25,-63.75,-94.25,-153.25,-100.25
2856,2026-08-27,1787856300,1787857200,1,BEARISH,-1,False,29571.25,-31.25,-61.75,-120.75,-76.5,-67.75,-64.0
2860,2026-08-27,1787859900,1787860800,0,BULLISH,1,True,29691.0,-52.0,-51.25,-55.75,,,
2862,2026-08-27,1787861700,1787862600,0,BULLISH,1,False,29639.25,-4.0,,,,,
2864,2026-08-27,1787863500,1787864400,0,BULLISH,1,False,29635.0,,,,,,
2868,2026-08-28,1787870700,1787871600,1,BEARISH,-1,True,29633.75,25.0,28.75,31.75,-18.75,-18.0,-10.5
2870,2026-08-28,1787872500,1787873400,1,BEARISH,-1,False,29609.5,7.5,-43.0,-42.25,-44.5,-34.75,-39.0
2877,2026-08-28,1787878800,1787879700,0,BULLISH,1,True,29660.75,-6.5,16.5,32.75,31.25,-14.0,32.75
2879,2026-08-28,1787880600,1787881500,0,BULLISH,1,False,29654.25,39.25,37.75,-7.5,9.0,39.25,-3.25
2893,2026-08-28,1787893200,1787894100,1,BEARISH,-1,True,29624.25,11.5,26.25,21.75,27.25,2.25,12.25
2922,2026-08-28,1787919300,1787920200,0,BULLISH,1,True,29662.0,-3.5,-1.0,-33.25,25.25,-32.75,-8.0
2927,2026-08-28,1787923800,1787924700,0,BULLISH,1,False,29687.0,-152.25,-33.0,47.25,109.5,60.75,-15.5
2929,2026-08-28,1787925600,1787926500,1,BEARISH,-1,True,29534.75,-199.5,-261.75,-213.0,-248.25,-136.75,-23.5
2932,2026-08-28,1787928300,1787929200,0,BULLISH,1,True,29796.0,-13.0,-124.5,-243.5,-237.75,-307.25,-294.0
2936,2026-08-28,1787931900,1787932800,1,BEARISH,-1,True,29552.75,64.0,68.25,50.75,68.5,82.75,37.0
2938,2026-08-28,1787933700,1787934600,1,BEARISH,-1,False,29488.75,-13.25,4.5,18.75,4.75,-27.0,5.0
2956,2026-08-28,1787949900,1787950800,0,BULLISH,1,True,29535.0,,,,,,
2959,2026-08-31,1788129000,1788129900,1,BEARISH,-1,True,29436.5,26.25,64.5,82.25,147.25,96.5,47.25
2975,2026-08-31,1788143400,1788144300,1,BEARISH,-1,True,29296.25,-59.5,-48.0,-49.75,-55.25,-57.75,-85.75
2983,2026-08-31,1788150600,1788151500,0,BULLISH,1,True,29382.0,61.0,88.5,60.0,79.25,118.5,125.75
2995,2026-08-31,1788161400,1788162300,0,BULLISH,1,False,29505.5,0.5,-4.75,-21.0,-19.5,-12.5,-37.25
2999,2026-08-31,1788165000,1788165900,1,BEARISH,-1,True,29485.0,-8.0,-5.75,16.75,34.5,26.0,29.75
3003,2026-08-31,1788168600,1788169500,1,BEARISH,-1,True,29467.5,8.5,7.0,12.25,8.5,27.75,34.0
3009,2026-08-31,1788174000,1788174900,1,BEARISH,-1,True,29439.0,5.5,9.5,-11.0,23.5,39.75,29.75
3014,2026-08-31,1788178500,1788179400,1,BEARISH,-1,True,29415.25,25.5,6.0,-23.25,8.0,-23.5,40.5
3043,2026-08-31,1788204600,1788205500,0,BULLISH,1,True,29476.75,35.0,36.75,40.25,44.75,,
3067,2026-09-01,1788229800,1788230700,1,BEARISH,-1,True,29438.75,-32.75,-26.25,-38.75,-47.75,-49.75,-31.75
3079,2026-09-01,1788240600,1788241500,0,BULLISH,1,True,29534.0,11.0,-17.0,5.0,-19.0,19.25,-71.0
3083,2026-09-01,1788244200,1788245100,0,BULLISH,1,False,29539.25,14.0,6.75,-76.25,-103.5,-190.25,-281.0
3085,2026-09-01,1788246000,1788246900,0,BULLISH,1,False,29553.25,-90.25,-117.5,-204.25,-267.5,-295.0,-345.0
3087,2026-09-01,1788247800,1788248700,1,BEARISH,-1,True,29463.25,114.25,177.5,205.0,228.0,255.0,250.5
3106,2026-09-01,1788264900,1788265800,1,BEARISH,-1,True,29169.5,43.75,76.25,58.0,86.0,64.0,3.75
3115,2026-09-01,1788273000,1788273900,0,BULLISH,1,True,29233.75,-50.75,-1.75,54.0,62.25,-0.75,-96.0
3123,2026-09-01,1788280200,1788281100,1,BEARISH,-1,True,29137.5,-18.0,-5.25,-14.0,-2.75,35.25,122.5
3127,2026-09-01,1788283800,1788284700,1,BEARISH,-1,True,29151.25,49.0,57.5,136.25,75.5,31.0,33.5
3139,2026-09-01,1788294600,1788295500,0,BULLISH,1,True,29146.75,,,,,,
3155,2026-09-02,1788312600,1788313500,1,BEARISH,-1,True,29074.75,9.25,-10.75,-8.25,-11.0,-9.5,18.5
3162,2026-09-02,1788318900,1788319800,1,BEARISH,-1,True,29069.75,22.5,22.0,19.25,16.25,11.0,-21.25
3164,2026-09-02,1788320700,1788321600,1,BEARISH,-1,False,29047.5,-3.0,-6.0,-11.25,-19.75,-43.5,-24.0
3166,2026-09-02,1788322500,1788323400,1,BEARISH,-1,False,29051.0,-7.75,-16.25,-40.0,-48.25,-20.5,28.5
3170,2026-09-02,1788326100,1788327000,0,BULLISH,1,True,29091.25,-19.75,-42.25,-68.75,-18.75,-14.5,3.0
3174,2026-09-02,1788329700,1788330600,1,BEARISH,-1,True,29023.25,-53.5,-79.75,-71.0,-46.75,-38.75,-28.75
3184,2026-09-02,1788338700,1788339600,1,BEARISH,-1,True,28977.25,-1.0,28.25,4.0,-1.5,-9.0,-9.75
3195,2026-09-02,1788348600,1788349500,0,BULLISH,1,True,29029.75,94.0,78.0,40.0,10.25,38.0,60.5
3206,2026-09-02,1788358500,1788359400,0,BULLISH,1,True,29187.0,-66.75,-28.75,17.75,-4.75,-2.5,-34.75
3212,2026-09-02,1788363900,1788364800,0,BULLISH,1,True,29184.75,-32.5,-46.25,-30.25,-40.0,-34.5,-25.25
3229,2026-09-02,1788379200,1788380100,0,BULLISH,1,True,29193.5,-45.0,-50.5,,,,
3240,2026-09-03,1788392700,1788393600,0,BULLISH,1,True,29201.0,-44.75,-44.75,-49.75,-17.5,-25.0,-63.75
3242,2026-09-03,1788394500,1788395400,1,BEARISH,-1,True,29156.75,5.5,-26.75,-19.25,-12.0,19.5,-30.75
3248,2026-09-03,1788399900,1788400800,1,BEARISH,-1,True,29137.25,-50.25,-36.0,-44.75,-67.25,-82.25,-99.0
3255,2026-09-03,1788406200,1788407100,0,BULLISH,1,True,29227.25,19.0,-0.25,-8.75,-19.75,-78.75,-85.0
3261,2026-09-03,1788411600,1788412500,1,BEARISH,-1,True,29148.0,5.75,-40.75,-21.5,-29.75,-33.5,-57.25
3270,2026-09-03,1788419700,1788420600,0,BULLISH,1,True,29202.75,17.5,44.25,54.75,24.25,14.0,-15.0
3273,2026-09-03,1788422400,1788423300,0,BULLISH,1,False,29247.0,-20.0,-30.25,-24.0,-59.25,-69.75,-122.0
3279,2026-09-03,1788427800,1788428700,1,BEARISH,-1,True,29177.0,52.0,49.25,48.75,48.25,13.0,35.25
3292,2026-09-03,1788439500,1788440400,0,BULLISH,1,True,29244.75,4.0,101.0,92.0,56.75,98.5,118.5
3301,2026-09-03,1788447600,1788448500,0,BULLISH,1,True,29465.0,41.5,73.25,54.25,31.5,63.25,25.25
3314,2026-09-03,1788459300,1788460200,0,BULLISH,1,True,29571.0,-2.5,-32.25,-37.5,-47.0,-40.0,-61.5
3321,2026-09-03,1788465600,1788466500,1,BEARISH,-1,True,29521.5,10.25,18.75,,,,
3333,2026-09-04,1788480000,1788480900,0,BULLISH,1,True,29510.0,22.0,20.25,13.0,30.75,35.0,40.0
3344,2026-09-04,1788489900,1788490800,0,BULLISH,1,False,29565.0,4.0,3.25,5.25,10.5,28.25,32.25
3349,2026-09-04,1788494400,1788495300,0,BULLISH,1,False,29576.0,11.75,21.25,44.75,46.25,33.75,65.5
3363,2026-09-04,1788507000,1788507900,0,BULLISH,1,True,29647.0,3.5,22.75,11.5,11.5,-18.5,-4.0
3366,2026-09-04,1788509700,1788510600,0,BULLISH,1,False,29670.0,-11.5,-41.5,-45.0,-27.0,-12.75,7.75
3378,2026-09-04,1788520500,1788521400,0,BULLISH,1,True,29663.75,18.0,-21.25,4.0,-107.0,-117.25,-76.0
3383,2026-09-04,1788525000,1788525900,1,BEARISH,-1,True,29557.25,8.5,-30.5,-59.0,-133.75,-90.75,23.75
3388,2026-09-04,1788529500,1788530400,0,BULLISH,1,True,29691.0,-95.25,-157.5,-170.25,-150.75,-183.75,-175.75
3392,2026-09-04,1788533100,1788534000,1,BEARISH,-1,True,29520.5,13.25,-0.0,5.25,-27.25,-33.5,-55.25
3396,2026-09-04,1788536700,1788537600,1,BEARISH,-1,True,29514.75,-39.25,-53.25,-61.0,-20.5,6.75,23.25
3400,2026-09-04,1788540300,1788541200,0,BULLISH,1,True,29576.0,-68.0,-97.5,-84.5,-87.5,-65.25,-37.5
3405,2026-09-04,1788544800,1788545700,1,BEARISH,-1,True,29488.25,-33.0,-50.25,-23.0,-38.25,-52.75,-53.0
3411,2026-09-04,1788550200,1788551100,0,BULLISH,1,True,29540.5,0.75,-8.5,-10.75,-15.75,,
3432,2026-09-07,1788745500,1788746400,0,BULLISH,1,True,29594.5,-7.5,12.5,-11.25,-13.5,6.0,-7.75
3435,2026-09-07,1788748200,1788749100,0,BULLISH,1,True,29607.5,-26.5,-7.0,-16.5,-20.75,-17.0,-28.5
3447,2026-09-07,1788759000,1788759900,0,BULLISH,1,True,29636.5,5.25,16.0,27.25,26.75,29.5,-9.5
3449,2026-09-07,1788760800,1788761700,0,BULLISH,1,False,29641.25,22.5,22.0,24.75,-3.75,-14.25,5.25
3464,2026-09-07,1788774300,1788775200,1,BEARISH,-1,True,29607.25,-6.25,-3.0,31.5,37.25,59.75,62.75
3466,2026-09-07,1788776100,1788777000,1,BEARISH,-1,False,29613.25,37.5,43.25,65.75,57.25,68.75,63.5
3477,2026-09-07,1788786000,1788786900,0,BULLISH,1,True,29612.5,7.75,6.5,-3.0,-1.0,17.25,-24.25
3486,2026-09-07,1788794100,1788795000,1,BEARISH,-1,True,29578.0,-15.0,-27.75,-17.25,-29.25,-26.5,
3495,2026-09-08,1788820200,1788821100,1,BEARISH,-1,True,29557.0,9.5,16.0,-28.75,-27.25,-35.5,-75.0
3502,2026-09-08,1788826500,1788827400,0,BULLISH,1,True,29627.5,4.75,30.75,23.75,47.5,78.5,85.75
3514,2026-09-08,1788837300,1788838200,0,BULLISH,1,True,29732.25,9.75,8.0,14.0,26.25,4.5,-53.75
3519,2026-09-08,1788841800,1788842700,0,BULLISH,1,True,29758.5,-74.0,-80.0,-121.75,-147.0,-168.75,-150.75
3522,2026-09-08,1788844500,1788845400,1,BEARISH,-1,True,29678.75,67.25,89.0,102.0,71.0,78.5,55.0
3531,2026-09-08,1788852600,1788853500,1,BEARISH,-1,False,29563.5,50.75,64.0,61.5,57.0,17.5,-4.5
3538,2026-09-08,1788858900,1788859800,1,BEARISH,-1,False,29547.5,-52.25,-37.75,-59.5,-45.25,-21.0,-15.25
3540,2026-09-08,1788860700,1788861600,0,BULLISH,1,True,29600.0,7.0,-7.25,-31.5,-52.25,-37.25,1.25
3552,2026-09-08,1788871500,1788872400,0,BULLISH,1,True,29653.5,-9.5,-179.25,-150.75,-191.0,-137.0,-91.0
3555,2026-09-08,1788874200,1788875100,1,BEARISH,-1,True,29474.25,11.75,-42.25,-56.25,-88.25,-128.75,-167.0
3563,2026-09-08,1788881400,1788882300,0,BULLISH,1,True,29641.25,-52.0,-73.0,-66.25,-68.75,-13.0,-41.25
3577,2026-09-08,1788894000,1788894900,1,BEARISH,-1,True,29574.5,25.5,32.0,50.0,67.0,53.25,
3592,2026-09-09,1788911100,1788912000,1,BEARISH,-1,True,29500.5,-24.75,-37.25,-59.5,-74.5,-89.0,-92.5
3597,2026-09-09,1788915600,1788916500,0,BULLISH,1,True,29574.75,18.25,18.25,18.5,26.0,46.0,16.5
3608,2026-09-09,1788925500,1788926400,1,BEARISH,-1,True,29561.75,-18.5,-41.75,-52.5,-43.75,-18.5,-59.25
3616,2026-09-09,1788932700,1788933600,0,BULLISH,1,True,29621.0,-28.5,-8.75,-40.25,-49.5,-9.25,-32.0
3627,2026-09-09,1788942600,1788943500,1,BEARISH,-1,True,29542.25,-8.0,13.5,63.75,141.75,146.5,144.25
3630,2026-09-09,1788945300,1788946200,1,BEARISH,-1,True,29529.25,128.75,133.5,111.0,131.25,138.0,111.25
3642,2026-09-09,1788956100,1788957000,1,BEARISH,-1,True,29351.75,-38.0,-51.25,-103.0,-127.25,-207.0,-183.25
3647,2026-09-09,1788960600,1788961500,0,BULLISH,1,True,29478.5,83.25,56.5,59.25,49.75,-79.5,-40.25
3654,2026-09-09,1788966900,1788967800,1,BEARISH,-1,True,29390.75,-56.75,-23.75,-8.5,-64.0,-67.0,-59.5
3656,2026-09-09,1788968700,1788969600,1,BEARISH,-1,False,29447.75,48.5,-7.0,-10.0,-29.25,-2.5,-20.5
3661,2026-09-09,1788973200,1788974100,0,BULLISH,1,True,29476.5,-20.75,-8.25,-34.75,-23.25,-10.0,-27.75
3680,2026-09-10,1788993900,1788994800,1,BEARISH,-1,True,29431.25,3.0,1.5,-33.0,-18.5,-42.0,17.75
3686,2026-09-10,1788999300,1789000200,0,BULLISH,1,True,29473.25,-59.75,-73.5,-97.75,-73.25,-62.5,-94.25
3690,2026-09-10,1789002900,1789003800,1,BEARISH,-1,True,29375.75,-35.0,-19.75,-3.25,-38.75,-42.5,-30.0
3694,2026-09-10,1789006500,1789007400,1,BEARISH,-1,True,29378.5,-39.75,-41.75,-27.25,-34.5,-49.5,-54.5
3702,2026-09-10,1789013700,1789014600,0,BULLISH,1,True,29433.25,26.0,28.5,57.0,54.5,51.75,40.0
3704,2026-09-10,1789015500,1789016400,0,BULLISH,1,False,29459.25,31.0,28.5,25.75,-3.75,14.0,17.25
3714,2026-09-10,1789024500,1789025400,1,BEARISH,-1,True,29434.5,-9.25,2.25,-14.5,16.75,21.75,38.0
3719,2026-09-10,1789029000,1789029900,1,BEARISH,-1,True,29417.75,-0.0,21.25,26.0,11.25,21.75,25.75
3726,2026-09-10,1789035300,1789036200,1,BEARISH,-1,True,29390.5,15.5,47.75,54.5,45.25,126.75,161.0
3728,2026-09-10,1789037100,1789038000,1,BEARISH,-1,False,29375.0,39.0,29.75,111.25,116.5,145.5,317.25
3743,2026-09-10,1789050600,1789051500,0,BULLISH,1,True,29236.75,7.25,-0.25,14.75,-32.0,-55.5,-28.75
3760,2026-09-10,1789065900,1789066800,1,BEARISH,-1,True,29174.25,15.0,16.5,36.0,21.25,29.0,32.0
3763,2026-09-10,1789068600,1789069500,1,BEARISH,-1,False,29157.75,4.75,12.5,6.0,15.5,,
3780,2026-09-11,1789087500,1789088400,0,BULLISH,1,True,29160.25,-35.0,-41.0,-30.75,-28.25,-53.75,-67.75
3784,2026-09-11,1789091100,1789092000,0,BULLISH,1,True,29129.25,-22.75,-43.5,-36.75,-52.75,-57.5,-69.5
3788,2026-09-11,1789094700,1789095600,1,BEARISH,-1,True,29093.0,21.25,7.0,33.25,0.5,-30.25,-31.25
3792,2026-09-11,1789098300,1789099200,1,BEARISH,-1,False,29059.0,-64.25,-78.75,-65.25,-100.5,-74.5,-174.25
3795,2026-09-11,1789101000,1789101900,0,BULLISH,1,True,29137.75,21.75,-4.25,52.5,95.5,106.25,90.5
3797,2026-09-11,1789102800,1789103700,0,BULLISH,1,False,29159.75,30.5,73.5,84.25,65.0,68.5,97.25
3799,2026-09-11,1789104600,1789105500,0,BULLISH,1,False,29191.0,53.0,33.75,37.25,63.0,66.0,44.0
3810,2026-09-11,1789114500,1789115400,0,BULLISH,1,True,29271.75,52.0,21.5,32.25,35.0,47.5,42.75
3814,2026-09-11,1789118100,1789119000,0,BULLISH,1,False,29304.0,15.25,22.0,10.5,11.5,5.5,8.5
3826,2026-09-11,1789128900,1789129800,0,BULLISH,1,True,29387.0,81.75,56.75,30.75,46.5,84.0,64.0
3828,2026-09-11,1789130700,1789131600,0,BULLISH,1,False,29468.5,-50.75,-35.0,2.5,-71.25,-17.5,-98.0
3836,2026-09-11,1789137900,1789138800,1,BEARISH,-1,True,29370.25,-114.75,-108.0,-79.5,-77.5,-32.5,-66.0
3854,2026-09-11,1789154100,1789155000,1,BEARISH,-1,True,29414.5,27.75,33.75,30.25,24.75,21.75,
