feature,target,n,r,t,hit
ofi_n,SAME minute (contemporaneous),41142,0.6883,192.46,0.7934
ofi_n,+1 min,41142,-0.0134,-2.72,0.4919
ofi_n,+5 min,41014,-0.0146,-2.97,0.4955
ofi_n,+15 min,40694,-0.0047,-0.95,0.5002
ofi_n,+60 min,39254,-0.0013,-0.26,0.4974
imb3_L,SAME minute (contemporaneous),41142,-0.0067,-1.35,0.4837
imb3_L,+1 min,41142,0.0002,0.03,0.506
imb3_L,+5 min,41014,0.0007,0.14,0.5021
imb3_L,+15 min,40694,-0.0024,-0.48,0.4991
imb3_L,+60 min,39254,-0.0071,-1.41,0.4945
imbT,SAME minute (contemporaneous),41142,-0.1852,-38.23,0.3972
imbT,+1 min,41142,-0.0026,-0.52,0.499
imbT,+5 min,41014,-0.001,-0.19,0.5006
imbT,+15 min,40694,-0.0016,-0.33,0.4964
imbT,+60 min,39254,-0.0047,-0.94,0.4971
tsi,SAME minute (contemporaneous),40660,0.1748,35.8,0.5864
tsi,+1 min,40662,-0.0054,-1.09,0.4992
tsi,+5 min,40534,-0.0014,-0.29,0.499
tsi,+15 min,40214,-0.0023,-0.47,0.5001
tsi,+60 min,38774,0.0,0.01,0.5017
