scope,feat,hold,n,r,t,hit,net_pt,lo,hi,excl0
L1 all windows,imb3,15m,2712,0.016,0.83,0.5007,-1.104,-2.19,-0.08,True
L1 all windows,imb3,30m,2681,0.0088,0.46,0.4978,-1.88,-3.63,-0.23,True
L1 all windows,imb3,60m,2619,-0.0113,-0.58,0.4908,-3.514,-6.32,-0.82,True
L1 all windows,imb3,90m,2557,-0.0162,-0.82,0.4794,-3.377,-6.44,-0.32,True
L1 all windows,imb3_zs,15m,2712,0.0099,0.52,0.4955,-1.374,-2.34,-0.49,True
L1 all windows,imb3_zs,30m,2681,-0.0007,-0.04,0.4877,-2.218,-3.89,-0.54,True
L1 all windows,imb3_zs,60m,2619,-0.0255,-1.31,0.4858,-3.473,-6.18,-0.86,True
L1 all windows,imb3_zs,90m,2557,-0.0305,-1.54,0.4693,-3.781,-6.72,-0.87,True
L1 all windows,imb3_ztod,15m,2712,0.0209,1.09,0.5026,-0.963,-2.28,0.27,False
L1 all windows,imb3_ztod,30m,2681,0.0043,0.22,0.4963,-1.537,-3.38,0.16,False
L1 all windows,imb3_ztod,60m,2619,-0.0182,-0.93,0.4885,-2.955,-5.97,0.0,False
L1 all windows,imb3_ztod,90m,2557,-0.02,-1.01,0.4747,-2.459,-5.79,0.78,False
L1 all windows,imb_touch,15m,2712,0.0196,1.02,0.5019,-0.647,-1.55,0.26,False
L1 all windows,imb_touch,30m,2681,0.0069,0.36,0.4832,-1.586,-3.29,0.09,False
L1 all windows,imb_touch,60m,2619,-0.0116,-0.59,0.4866,-2.614,-5.24,-0.2,True
L1 all windows,imb_touch,90m,2557,-0.0133,-0.67,0.4787,-2.259,-4.83,0.08,False
L1 all windows,imb_touch_zs,15m,2712,0.0082,0.43,0.4926,-0.961,-1.72,-0.19,True
L1 all windows,imb_touch_zs,30m,2681,-0.0086,-0.45,0.4832,-1.978,-3.55,-0.48,True
L1 all windows,imb_touch_zs,60m,2619,-0.0306,-1.57,0.4801,-3.352,-6.02,-0.76,True
L1 all windows,imb_touch_zs,90m,2557,-0.0321,-1.62,0.4712,-3.965,-6.76,-1.32,True
L1 all windows,imb_touch_ztod,15m,2712,0.022,1.15,0.497,-0.883,-1.95,0.17,False
L1 all windows,imb_touch_ztod,30m,2681,0.0054,0.28,0.482,-2.046,-3.95,-0.18,True
L1 all windows,imb_touch_ztod,60m,2619,-0.0111,-0.57,0.4828,-3.107,-5.91,-0.57,True
L1 all windows,imb_touch_ztod,90m,2557,-0.0094,-0.47,0.4771,-3.12,-5.93,-0.5,True
L1 all windows,imb3_L,15m,2712,-0.014,-0.73,0.4978,-1.396,-2.47,-0.29,True
L1 all windows,imb3_L,30m,2681,-0.0315,-1.63,0.4939,-2.47,-4.51,-0.65,True
L1 all windows,imb3_L,60m,2619,-0.0274,-1.4,0.4849,-3.731,-6.31,-1.41,True
L1 all windows,imb3_L,90m,2557,-0.0185,-0.94,0.5002,-2.444,-5.43,0.62,False
L1 all windows,imb3_L_zs,15m,2712,-0.0126,-0.66,0.4959,-1.353,-2.49,-0.25,True
L1 all windows,imb3_L_zs,30m,2681,-0.0311,-1.61,0.4981,-2.359,-4.29,-0.55,True
L1 all windows,imb3_L_zs,60m,2619,-0.0275,-1.41,0.482,-3.693,-6.23,-1.23,True
L1 all windows,imb3_L_zs,90m,2557,-0.0164,-0.83,0.4967,-2.486,-5.4,0.44,False
L1 all windows,imb3_L_ztod,15m,2712,-0.0056,-0.29,0.4996,-1.465,-2.61,-0.4,True
L1 all windows,imb3_L_ztod,30m,2681,-0.0286,-1.48,0.4951,-2.325,-4.21,-0.68,True
L1 all windows,imb3_L_ztod,60m,2619,-0.0302,-1.55,0.492,-3.82,-6.26,-1.52,True
L1 all windows,imb3_L_ztod,90m,2557,-0.0156,-0.79,0.5025,-2.495,-5.5,0.41,False
L1 all windows,imbT_L,15m,2712,-0.0201,-1.05,0.4893,-1.665,-2.82,-0.49,True
L1 all windows,imbT_L,30m,2681,-0.0447,-2.32,0.4801,-2.847,-3.97,-1.79,True
L1 all windows,imbT_L,60m,2619,-0.0249,-1.27,0.4996,-2.373,-3.85,-0.76,True
L1 all windows,imbT_L,90m,2557,-0.0148,-0.75,0.5096,-1.186,-3.32,0.97,False
L1 all windows,imbT_L_zs,15m,2712,-0.0205,-1.07,0.4944,-1.548,-2.88,-0.26,True
L1 all windows,imbT_L_zs,30m,2681,-0.0451,-2.33,0.485,-2.966,-4.34,-1.71,True
L1 all windows,imbT_L_zs,60m,2619,-0.0244,-1.25,0.5,-2.635,-4.6,-0.69,True
L1 all windows,imbT_L_zs,90m,2557,-0.0136,-0.69,0.5088,-1.246,-3.28,0.77,False
L1 all windows,imbT_L_ztod,15m,2712,-0.0137,-0.71,0.4929,-1.434,-2.7,-0.11,True
L1 all windows,imbT_L_ztod,30m,2681,-0.0446,-2.31,0.4828,-2.644,-3.75,-1.53,True
L1 all windows,imbT_L_ztod,60m,2619,-0.0304,-1.56,0.4996,-2.426,-4.17,-0.69,True
L1 all windows,imbT_L_ztod,90m,2557,-0.0189,-0.96,0.5123,-1.224,-3.57,1.27,False
L1 all windows,imb3_5,15m,2712,-0.0203,-1.06,0.4853,-2.065,-3.12,-1.04,True
L1 all windows,imb3_5,30m,2681,-0.0124,-0.64,0.4928,-1.629,-2.84,-0.4,True
L1 all windows,imb3_5,60m,2619,-0.0163,-0.83,0.4924,-2.899,-5.01,-0.7,True
L1 all windows,imb3_5,90m,2557,-0.0162,-0.82,0.4851,-3.483,-5.8,-0.92,True
L1 all windows,imb3_5_zs,15m,2712,-0.0194,-1.01,0.4848,-1.772,-2.84,-0.67,True
L1 all windows,imb3_5_zs,30m,2681,-0.0128,-0.66,0.4925,-1.354,-2.56,-0.16,True
L1 all windows,imb3_5_zs,60m,2619,-0.0186,-0.95,0.492,-2.602,-4.68,-0.53,True
L1 all windows,imb3_5_zs,90m,2557,-0.0189,-0.95,0.4877,-2.54,-4.84,-0.11,True
L1 all windows,imb3_5_ztod,15m,2712,-0.015,-0.78,0.4918,-1.604,-2.84,-0.38,True
L1 all windows,imb3_5_ztod,30m,2681,-0.0075,-0.39,0.4993,-1.379,-2.9,0.2,False
L1 all windows,imb3_5_ztod,60m,2619,-0.0144,-0.74,0.4969,-2.782,-4.93,-0.67,True
L1 all windows,imb3_5_ztod,90m,2557,-0.017,-0.86,0.4881,-3.077,-5.68,-0.46,True
L1 all windows,ofi_n,15m,2712,-0.0277,-1.44,0.4894,-1.654,-2.89,-0.5,True
L1 all windows,ofi_n,30m,2681,-0.0008,-0.04,0.4878,-1.771,-3.71,0.13,False
L1 all windows,ofi_n,60m,2619,-0.004,-0.21,0.4933,-1.496,-3.83,0.82,False
L1 all windows,ofi_n,90m,2557,0.0133,0.67,0.4863,-0.323,-3.39,2.75,False
L1 all windows,ofi_n_zs,15m,2712,-0.0307,-1.6,0.4937,-2.053,-3.29,-0.79,True
L1 all windows,ofi_n_zs,30m,2681,-0.0112,-0.58,0.4884,-1.873,-3.66,-0.08,True
L1 all windows,ofi_n_zs,60m,2619,-0.0157,-0.8,0.4973,-1.819,-4.31,0.49,False
L1 all windows,ofi_n_zs,90m,2557,-0.0019,-0.1,0.4873,-0.581,-3.61,2.43,False
L1 all windows,ofi_n_ztod,15m,2712,-0.0256,-1.33,0.4937,-1.915,-3.22,-0.64,True
L1 all windows,ofi_n_ztod,30m,2681,-0.0022,-0.11,0.4959,-1.238,-3.19,0.68,False
L1 all windows,ofi_n_ztod,60m,2619,-0.002,-0.1,0.5065,-1.309,-3.77,1.05,False
L1 all windows,ofi_n_ztod,90m,2557,0.0099,0.5,0.499,-0.886,-3.88,2.01,False
L1 all windows,ofi5_n,15m,2712,-0.035,-1.82,0.487,-1.807,-3.02,-0.54,True
L1 all windows,ofi5_n,30m,2681,0.0042,0.22,0.4816,-1.996,-3.72,-0.22,True
L1 all windows,ofi5_n,60m,2619,0.0065,0.33,0.49,-1.784,-4.54,1.13,False
L1 all windows,ofi5_n,90m,2557,0.0061,0.31,0.4818,-2.098,-5.51,1.03,False
L1 all windows,ofi5_n_zs,15m,2712,-0.0362,-1.89,0.4922,-1.64,-2.76,-0.43,True
L1 all windows,ofi5_n_zs,30m,2681,-0.0023,-0.12,0.4847,-1.758,-3.42,0.01,False
L1 all windows,ofi5_n_zs,60m,2619,-0.0047,-0.24,0.4878,-1.733,-4.52,1.16,False
L1 all windows,ofi5_n_zs,90m,2557,-0.0091,-0.46,0.4841,-2.111,-5.55,1.1,False
L1 all windows,ofi5_n_ztod,15m,2712,-0.0201,-1.04,0.4911,-1.545,-2.54,-0.51,True
L1 all windows,ofi5_n_ztod,30m,2681,0.002,0.1,0.4839,-1.625,-3.3,0.19,False
L1 all windows,ofi5_n_ztod,60m,2619,0.0051,0.26,0.495,-1.439,-4.29,1.47,False
L1 all windows,ofi5_n_ztod,90m,2557,0.0019,0.1,0.4896,-1.623,-5.04,1.6,False
L1 all windows,tsi,15m,3194,0.0023,0.13,0.5054,-1.026,-2.17,0.17,False
L1 all windows,tsi,30m,3158,0.0048,0.27,0.5135,-1.229,-3.35,0.77,False
L1 all windows,tsi,60m,3086,-0.0063,-0.35,0.5065,-1.327,-3.99,1.32,False
L1 all windows,tsi,90m,3014,-0.0052,-0.28,0.5013,-1.649,-4.96,1.59,False
L1 all windows,tsi_zs,15m,3194,-0.0072,-0.41,0.5024,-1.478,-2.5,-0.45,True
L1 all windows,tsi_zs,30m,3158,-0.0114,-0.64,0.5117,-1.695,-3.73,0.37,False
L1 all windows,tsi_zs,60m,3086,-0.0258,-1.43,0.5021,-2.902,-5.97,0.02,False
L1 all windows,tsi_zs,90m,3014,-0.0274,-1.51,0.4949,-3.852,-7.65,-0.14,True
L1 all windows,tsi_ztod,15m,3194,0.0131,0.74,0.5121,-0.45,-1.65,0.76,False
L1 all windows,tsi_ztod,30m,3158,0.0085,0.48,0.519,-0.702,-2.72,1.27,False
L1 all windows,tsi_ztod,60m,3086,-0.0004,-0.02,0.5076,-0.993,-3.94,2.08,False
L1 all windows,tsi_ztod,90m,3014,-0.0064,-0.35,0.5028,-2.276,-6.33,1.83,False
L1 all windows,tsi5,15m,3194,0.0017,0.1,0.5046,-0.868,-2.09,0.29,False
L1 all windows,tsi5,30m,3158,0.0012,0.07,0.5064,-0.858,-2.79,0.89,False
L1 all windows,tsi5,60m,3086,-0.0067,-0.37,0.5083,-1.403,-4.26,1.34,False
L1 all windows,tsi5,90m,3014,-0.0166,-0.91,0.4982,-3.607,-7.59,0.23,False
L1 all windows,tsi5_zs,15m,3194,-0.004,-0.22,0.5027,-1.292,-2.62,-0.03,True
L1 all windows,tsi5_zs,30m,3158,-0.0058,-0.33,0.5079,-1.695,-3.68,0.28,False
L1 all windows,tsi5_zs,60m,3086,-0.0205,-1.14,0.5031,-2.475,-5.14,0.13,False
L1 all windows,tsi5_zs,90m,3014,-0.0341,-1.87,0.4862,-5.567,-9.05,-2.27,True
L1 all windows,tsi5_ztod,15m,3194,0.007,0.4,0.4998,-1.605,-2.87,-0.44,True
L1 all windows,tsi5_ztod,30m,3158,0.0029,0.16,0.4962,-2.07,-4.07,-0.18,True
L1 all windows,tsi5_ztod,60m,3086,-0.0069,-0.38,0.4979,-2.155,-4.96,0.36,False
L1 all windows,tsi5_ztod,90m,3014,-0.0202,-1.11,0.4998,-3.888,-7.61,-0.34,True
L1 all windows,slope_asym,15m,2712,-0.0044,-0.23,0.5111,-0.424,-1.32,0.45,False
L1 all windows,slope_asym,30m,2681,-0.0242,-1.25,0.5112,-0.481,-1.99,1.03,False
L1 all windows,slope_asym,60m,2619,-0.0326,-1.67,0.5015,-1.6,-4.6,1.31,False
L1 all windows,slope_asym,90m,2557,-0.0245,-1.24,0.4967,-2.964,-6.75,0.91,False
L1 all windows,slope_asym_zs,15m,2712,0.0014,0.07,0.5026,-0.618,-1.63,0.47,False
L1 all windows,slope_asym_zs,30m,2681,-0.0041,-0.21,0.515,-0.897,-2.57,0.82,False
L1 all windows,slope_asym_zs,60m,2619,-0.0114,-0.58,0.5015,-0.077,-2.28,2.09,False
L1 all windows,slope_asym_zs,90m,2557,-0.0056,-0.28,0.508,0.953,-2.29,4.14,False
L1 all windows,slope_asym_ztod,15m,2712,-0.0104,-0.54,0.4822,-1.92,-3.12,-0.67,True
L1 all windows,slope_asym_ztod,30m,2681,-0.0324,-1.68,0.494,-2.829,-5.03,-0.7,True
L1 all windows,slope_asym_ztod,60m,2619,-0.0554,-2.84,0.4778,-3.482,-6.69,-0.45,True
L1 all windows,slope_asym_ztod,90m,2557,-0.0511,-2.58,0.4759,-5.078,-9.02,-1.49,True
L2 transitions,imb3,15m,340,0.0368,0.68,0.4852,1.645,-2.06,5.62,False
L2 transitions,imb3,30m,335,0.0294,0.54,0.4865,-1.158,-5.8,3.81,False
L2 transitions,imb3,60m,328,-0.0012,-0.02,0.4756,-6.487,-13.24,-0.07,True
L2 transitions,imb3,90m,319,-0.0299,-0.53,0.4497,-6.603,-15.4,1.53,False
L2 transitions,imb3_zs,15m,340,0.0373,0.69,0.4822,2.188,-1.28,5.89,False
L2 transitions,imb3_zs,30m,335,0.0245,0.45,0.4985,0.542,-3.29,4.62,False
L2 transitions,imb3_zs,60m,328,-0.0064,-0.12,0.4878,-3.958,-10.31,1.93,False
L2 transitions,imb3_zs,90m,319,-0.0378,-0.67,0.4591,-5.286,-13.63,2.46,False
L2 transitions,imb3_ztod,15m,340,0.0518,0.95,0.4615,1.318,-2.19,4.75,False
L2 transitions,imb3_ztod,30m,335,0.0286,0.52,0.4865,0.863,-3.48,5.23,False
L2 transitions,imb3_ztod,60m,328,0.0098,0.18,0.4939,-2.723,-9.93,4.24,False
L2 transitions,imb3_ztod,90m,319,-0.0294,-0.52,0.478,-2.604,-11.77,7.3,False
L2 transitions,imb_touch,15m,340,0.025,0.46,0.4852,0.87,-2.22,4.01,False
L2 transitions,imb_touch,30m,335,0.0288,0.53,0.5045,-0.315,-4.57,4.14,False
L2 transitions,imb_touch,60m,328,0.026,0.47,0.5061,-0.614,-8.13,6.99,False
L2 transitions,imb_touch,90m,319,0.0103,0.18,0.4686,-1.526,-13.16,9.64,False
L2 transitions,imb_touch_zs,15m,340,0.0321,0.59,0.4882,1.104,-2.15,4.13,False
L2 transitions,imb_touch_zs,30m,335,0.0208,0.38,0.5135,0.613,-3.69,5.06,False
L2 transitions,imb_touch_zs,60m,328,0.006,0.11,0.503,-0.697,-8.35,7.23,False
L2 transitions,imb_touch_zs,90m,319,-0.0151,-0.27,0.4654,-2.784,-14.15,8.09,False
L2 transitions,imb_touch_ztod,15m,340,0.0066,0.12,0.4675,-1.748,-6.23,1.97,False
L2 transitions,imb_touch_ztod,30m,335,0.0249,0.45,0.4865,-3.316,-8.02,1.63,False
L2 transitions,imb_touch_ztod,60m,328,0.0389,0.7,0.5122,-3.371,-11.04,3.96,False
L2 transitions,imb_touch_ztod,90m,319,0.0299,0.53,0.4748,-5.487,-16.32,5.81,False
L2 transitions,imb3_L,15m,340,-0.0866,-1.6,0.4877,-2.847,-6.37,0.56,False
L2 transitions,imb3_L,30m,335,-0.02,-0.36,0.475,-2.991,-8.04,2.18,False
L2 transitions,imb3_L,60m,328,0.0023,0.04,0.4637,-4.944,-13.06,2.66,False
L2 transitions,imb3_L,90m,319,-0.0712,-1.27,0.4756,-9.735,-19.75,-0.28,True
L2 transitions,imb3_L_zs,15m,340,-0.0814,-1.5,0.4822,-3.395,-7.03,0.14,False
L2 transitions,imb3_L_zs,30m,335,-0.012,-0.22,0.4715,-3.622,-8.67,1.59,False
L2 transitions,imb3_L_zs,60m,328,0.0166,0.3,0.4604,-5.121,-13.81,2.95,False
L2 transitions,imb3_L_zs,90m,319,-0.0568,-1.01,0.4748,-9.885,-20.05,-0.2,True
L2 transitions,imb3_L_ztod,15m,340,-0.0818,-1.51,0.4852,-2.998,-6.7,0.71,False
L2 transitions,imb3_L_ztod,30m,335,-0.0355,-0.65,0.4835,-3.17,-7.83,1.74,False
L2 transitions,imb3_L_ztod,60m,328,-0.0104,-0.19,0.4817,-3.417,-11.93,4.32,False
L2 transitions,imb3_L_ztod,90m,319,-0.0707,-1.26,0.4937,-8.005,-17.99,1.3,False
L2 transitions,imbT_L,15m,340,-0.0551,-1.01,0.5088,-1.61,-4.33,1.1,False
L2 transitions,imbT_L,30m,335,-0.0544,-0.99,0.484,-2.163,-6.31,1.68,False
L2 transitions,imbT_L,60m,328,-0.0592,-1.07,0.4657,-4.937,-11.65,1.25,False
L2 transitions,imbT_L,90m,319,-0.1034,-1.85,0.4944,-8.038,-16.11,0.08,False
L2 transitions,imbT_L_zs,15m,340,-0.0568,-1.05,0.5089,-1.867,-5.06,1.25,False
L2 transitions,imbT_L_zs,30m,335,-0.0543,-0.99,0.5015,-2.912,-7.27,1.37,False
L2 transitions,imbT_L_zs,60m,328,-0.0602,-1.09,0.4573,-6.083,-14.51,1.89,False
L2 transitions,imbT_L_zs,90m,319,-0.1079,-1.93,0.4969,-8.507,-18.45,0.96,False
L2 transitions,imbT_L_ztod,15m,340,-0.057,-1.05,0.5207,-1.305,-4.23,1.41,False
L2 transitions,imbT_L_ztod,30m,335,-0.0604,-1.1,0.4955,-2.463,-6.78,1.79,False
L2 transitions,imbT_L_ztod,60m,328,-0.0609,-1.1,0.4604,-6.655,-14.59,1.01,False
L2 transitions,imbT_L_ztod,90m,319,-0.0979,-1.75,0.4874,-10.418,-20.33,-1.15,True
L2 transitions,imb3_5,15m,340,0.0134,0.25,0.4548,-3.483,-5.98,-1.06,True
L2 transitions,imb3_5,30m,335,0.0535,0.98,0.5046,-0.151,-3.27,2.92,False
L2 transitions,imb3_5,60m,328,0.0612,1.11,0.4907,-1.859,-8.08,3.87,False
L2 transitions,imb3_5,90m,319,-0.0173,-0.31,0.476,-7.556,-16.33,0.32,False
L2 transitions,imb3_5_zs,15m,340,0.0164,0.3,0.4615,-2.748,-5.36,-0.21,True
L2 transitions,imb3_5_zs,30m,335,0.0675,1.23,0.5075,0.6,-3.13,4.28,False
L2 transitions,imb3_5_zs,60m,328,0.0756,1.37,0.497,-1.191,-8.37,5.49,False
L2 transitions,imb3_5_zs,90m,319,-0.0132,-0.23,0.4874,-5.651,-14.58,2.5,False
L2 transitions,imb3_5_ztod,15m,340,0.0237,0.44,0.4408,-3.679,-6.25,-1.26,True
L2 transitions,imb3_5_ztod,30m,335,0.0504,0.92,0.5015,-0.749,-4.04,2.35,False
L2 transitions,imb3_5_ztod,60m,328,0.076,1.38,0.4787,-2.06,-7.9,3.33,False
L2 transitions,imb3_5_ztod,90m,319,-0.0082,-0.15,0.478,-8.081,-16.12,-0.79,True
L2 transitions,ofi_n,15m,340,-0.1305,-2.42,0.4379,-5.973,-8.73,-3.32,True
L2 transitions,ofi_n,30m,335,-0.0717,-1.31,0.4474,-5.581,-11.21,-0.22,True
L2 transitions,ofi_n,60m,328,0.0471,0.85,0.5,2.202,-5.65,9.71,False
L2 transitions,ofi_n,90m,319,0.1139,2.04,0.4811,4.615,-5.01,13.9,False
L2 transitions,ofi_n_zs,15m,340,-0.1271,-2.36,0.4675,-4.839,-7.54,-2.04,True
L2 transitions,ofi_n_zs,30m,335,-0.0811,-1.48,0.4715,-3.273,-8.14,1.14,False
L2 transitions,ofi_n_zs,60m,328,0.0409,0.74,0.5244,3.876,-4.33,11.54,False
L2 transitions,ofi_n_zs,90m,319,0.0926,1.66,0.5063,7.316,-2.16,16.46,False
L2 transitions,ofi_n_ztod,15m,340,-0.0813,-1.5,0.4763,-4.854,-8.11,-1.8,True
L2 transitions,ofi_n_ztod,30m,335,-0.0298,-0.54,0.4775,-4.39,-9.97,0.88,False
L2 transitions,ofi_n_ztod,60m,328,0.0452,0.82,0.5396,4.685,-2.35,11.73,False
L2 transitions,ofi_n_ztod,90m,319,0.0936,1.67,0.5189,6.679,-2.75,16.04,False
L2 transitions,ofi5_n,15m,340,-0.1531,-2.85,0.4793,-4.655,-8.55,-1.19,True
L2 transitions,ofi5_n,30m,335,-0.0695,-1.27,0.4595,-5.866,-11.16,-0.72,True
L2 transitions,ofi5_n,60m,328,0.0077,0.14,0.503,-4.827,-12.99,3.67,False
L2 transitions,ofi5_n,90m,319,0.0401,0.71,0.478,-3.943,-12.24,3.68,False
L2 transitions,ofi5_n_zs,15m,340,-0.1499,-2.79,0.4734,-4.914,-8.99,-1.35,True
L2 transitions,ofi5_n_zs,30m,335,-0.0758,-1.39,0.4775,-5.727,-10.43,-1.3,True
L2 transitions,ofi5_n_zs,60m,328,-0.0068,-0.12,0.5,-4.668,-12.96,3.9,False
L2 transitions,ofi5_n_zs,90m,319,0.0209,0.37,0.4811,-4.716,-13.54,4.26,False
L2 transitions,ofi5_n_ztod,15m,340,-0.1181,-2.19,0.4882,-4.079,-6.79,-1.4,True
L2 transitions,ofi5_n_ztod,30m,335,-0.0706,-1.29,0.4805,-5.322,-9.93,-1.23,True
L2 transitions,ofi5_n_ztod,60m,328,-0.0102,-0.18,0.5061,-2.87,-11.22,5.21,False
L2 transitions,ofi5_n_ztod,90m,319,0.0016,0.03,0.4686,-4.665,-14.02,4.94,False
L2 transitions,tsi,15m,347,-0.0174,-0.32,0.487,-3.097,-6.11,-0.11,True
L2 transitions,tsi,30m,342,-0.044,-0.81,0.4706,-4.721,-8.83,-0.89,True
L2 transitions,tsi,60m,335,-0.088,-1.61,0.4716,-8.435,-14.7,-1.81,True
L2 transitions,tsi,90m,326,-0.0878,-1.59,0.4954,-7.511,-16.94,1.81,False
L2 transitions,tsi_zs,15m,347,-0.0204,-0.38,0.487,-3.412,-7.0,-0.13,True
L2 transitions,tsi_zs,30m,342,-0.0543,-1.0,0.4735,-5.0,-9.24,-1.23,True
L2 transitions,tsi_zs,60m,335,-0.0993,-1.82,0.4866,-7.746,-13.55,-1.92,True
L2 transitions,tsi_zs,90m,326,-0.1024,-1.85,0.4892,-8.575,-16.63,-1.42,True
L2 transitions,tsi_ztod,15m,347,-0.0423,-0.79,0.4986,-2.52,-5.81,0.81,False
L2 transitions,tsi_ztod,30m,342,-0.0759,-1.4,0.4824,-3.665,-7.88,0.28,False
L2 transitions,tsi_ztod,60m,335,-0.1173,-2.16,0.4746,-7.507,-14.5,-0.43,True
L2 transitions,tsi_ztod,90m,326,-0.125,-2.27,0.4769,-8.954,-17.51,-0.46,True
L2 transitions,tsi5,15m,347,-0.0278,-0.52,0.4725,-1.961,-5.55,1.8,False
L2 transitions,tsi5,30m,342,-0.039,-0.72,0.4735,-3.118,-7.36,1.27,False
L2 transitions,tsi5,60m,335,-0.0585,-1.07,0.4985,-5.011,-10.82,0.48,False
L2 transitions,tsi5,90m,326,-0.0735,-1.33,0.4892,-7.888,-16.34,0.48,False
L2 transitions,tsi5_zs,15m,347,-0.0421,-0.78,0.4696,-3.383,-6.36,-0.29,True
L2 transitions,tsi5_zs,30m,342,-0.0433,-0.8,0.4765,-4.044,-8.11,0.02,False
L2 transitions,tsi5_zs,60m,335,-0.0642,-1.17,0.4925,-6.301,-12.47,-0.28,True
L2 transitions,tsi5_zs,90m,326,-0.0842,-1.52,0.4769,-11.81,-19.23,-4.77,True
L2 transitions,tsi5_ztod,15m,347,-0.0342,-0.64,0.4696,-2.905,-6.46,0.31,False
L2 transitions,tsi5_ztod,30m,342,-0.0363,-0.67,0.4676,-3.154,-7.41,1.07,False
L2 transitions,tsi5_ztod,60m,335,-0.0673,-1.23,0.4985,-4.51,-10.51,1.1,False
L2 transitions,tsi5_ztod,90m,326,-0.087,-1.57,0.4862,-9.675,-17.87,-2.31,True
L2 transitions,slope_asym,15m,340,0.0716,1.32,0.5266,-0.452,-3.94,2.63,False
L2 transitions,slope_asym,30m,335,-0.0099,-0.18,0.5105,-0.66,-4.4,3.09,False
L2 transitions,slope_asym,60m,328,-0.033,-0.6,0.503,-1.505,-8.81,5.78,False
L2 transitions,slope_asym,90m,319,-0.0485,-0.86,0.5063,-2.015,-9.29,5.18,False
L2 transitions,slope_asym_zs,15m,340,0.0707,1.3,0.4941,-1.654,-4.87,1.35,False
L2 transitions,slope_asym_zs,30m,335,0.0169,0.31,0.5195,1.215,-2.79,5.27,False
L2 transitions,slope_asym_zs,60m,328,-0.0004,-0.01,0.4909,1.26,-5.76,8.37,False
L2 transitions,slope_asym_zs,90m,319,-0.0099,-0.18,0.5283,5.3,-2.59,13.72,False
L2 transitions,slope_asym_ztod,15m,340,0.0632,1.16,0.4763,-2.785,-5.17,-0.42,True
L2 transitions,slope_asym_ztod,30m,335,0.0512,0.94,0.5105,-0.866,-4.82,2.83,False
L2 transitions,slope_asym_ztod,60m,328,0.0157,0.28,0.4604,-4.216,-11.86,3.15,False
L2 transitions,slope_asym_ztod,90m,319,0.0138,0.25,0.478,-5.991,-14.45,2.51,False
L2 clean transitions,imb3,15m,270,0.0354,0.58,0.4907,2.421,-1.17,6.24,False
L2 clean transitions,imb3,30m,265,0.0419,0.68,0.4981,0.108,-4.18,4.68,False
L2 clean transitions,imb3,60m,259,0.0111,0.18,0.4865,-5.108,-12.4,2.31,False
L2 clean transitions,imb3,90m,253,-0.0169,-0.27,0.4643,-4.328,-14.12,5.23,False
L2 clean transitions,imb3_zs,15m,270,0.037,0.61,0.487,3.095,-0.3,6.61,False
L2 clean transitions,imb3_zs,30m,265,0.0463,0.75,0.5057,1.751,-1.73,5.58,False
L2 clean transitions,imb3_zs,60m,259,0.0146,0.23,0.5019,-1.724,-8.86,4.9,False
L2 clean transitions,imb3_zs,90m,253,-0.0109,-0.17,0.4762,-0.998,-11.13,8.6,False
L2 clean transitions,imb3_ztod,15m,270,0.0518,0.85,0.4535,1.74,-1.6,5.1,False
L2 clean transitions,imb3_ztod,30m,265,0.0371,0.6,0.4905,1.421,-2.84,6.16,False
L2 clean transitions,imb3_ztod,60m,259,0.01,0.16,0.5019,-1.782,-9.0,5.35,False
L2 clean transitions,imb3_ztod,90m,253,-0.0268,-0.42,0.496,-1.34,-11.97,7.91,False
L2 clean transitions,imb_touch,15m,270,0.0277,0.45,0.4572,1.351,-1.73,4.5,False
L2 clean transitions,imb_touch,30m,265,0.0382,0.62,0.4905,-0.391,-4.09,3.68,False
L2 clean transitions,imb_touch,60m,259,0.0288,0.46,0.4942,-1.16,-9.74,7.52,False
L2 clean transitions,imb_touch,90m,253,0.0089,0.14,0.4643,-1.486,-14.08,11.18,False
L2 clean transitions,imb_touch_zs,15m,270,0.0388,0.64,0.4647,1.827,-1.63,5.16,False
L2 clean transitions,imb_touch_zs,30m,265,0.0385,0.63,0.5133,1.557,-2.51,5.79,False
L2 clean transitions,imb_touch_zs,60m,259,0.0195,0.31,0.4942,-0.004,-8.89,9.06,False
L2 clean transitions,imb_touch_zs,90m,253,-0.002,-0.03,0.4643,-2.433,-13.88,9.57,False
L2 clean transitions,imb_touch_ztod,15m,270,0.0073,0.12,0.4312,-2.544,-6.78,1.19,False
L2 clean transitions,imb_touch_ztod,30m,265,0.0305,0.49,0.4639,-4.149,-8.64,0.49,False
L2 clean transitions,imb_touch_ztod,60m,259,0.0321,0.51,0.4981,-4.469,-12.47,3.94,False
L2 clean transitions,imb_touch_ztod,90m,253,0.0203,0.32,0.4683,-6.875,-17.95,4.19,False
L2 clean transitions,imb3_L,15m,270,-0.1193,-1.97,0.4866,-3.165,-6.52,-0.04,True
L2 clean transitions,imb3_L,30m,265,-0.0645,-1.05,0.4606,-4.443,-9.8,0.61,False
L2 clean transitions,imb3_L,60m,259,-0.0203,-0.33,0.4603,-6.108,-13.88,1.15,False
L2 clean transitions,imb3_L,90m,253,-0.1104,-1.76,0.4612,-12.657,-22.65,-2.79,True
L2 clean transitions,imb3_L_zs,15m,270,-0.1207,-1.99,0.4796,-3.782,-7.4,-0.46,True
L2 clean transitions,imb3_L_zs,30m,265,-0.069,-1.12,0.4563,-5.072,-10.44,0.04,False
L2 clean transitions,imb3_L_zs,60m,259,-0.0191,-0.31,0.4556,-6.382,-14.6,1.1,False
L2 clean transitions,imb3_L_zs,90m,253,-0.1091,-1.74,0.4603,-12.708,-22.75,-2.68,True
L2 clean transitions,imb3_L_ztod,15m,270,-0.1062,-1.75,0.4796,-3.406,-6.86,-0.15,True
L2 clean transitions,imb3_L_ztod,30m,265,-0.0726,-1.18,0.4677,-4.753,-9.86,0.22,False
L2 clean transitions,imb3_L_ztod,60m,259,-0.0224,-0.36,0.471,-4.531,-12.97,3.21,False
L2 clean transitions,imb3_L_ztod,90m,253,-0.094,-1.5,0.4722,-11.101,-20.88,-1.69,True
L2 clean transitions,imbT_L,15m,270,-0.03,-0.49,0.5066,-1.064,-4.16,1.92,False
L2 clean transitions,imbT_L,30m,265,-0.0284,-0.46,0.4775,-1.767,-6.44,2.45,False
L2 clean transitions,imbT_L,60m,259,-0.0548,-0.88,0.4475,-5.875,-13.53,1.59,False
L2 clean transitions,imbT_L,90m,253,-0.1331,-2.13,0.4717,-10.419,-20.49,-0.1,True
L2 clean transitions,imbT_L_zs,15m,270,-0.0292,-0.48,0.5093,-0.703,-4.07,2.38,False
L2 clean transitions,imbT_L_zs,30m,265,-0.0278,-0.45,0.4981,-1.566,-6.48,2.82,False
L2 clean transitions,imbT_L_zs,60m,259,-0.0576,-0.92,0.4402,-6.365,-15.21,2.0,False
L2 clean transitions,imbT_L_zs,90m,253,-0.1381,-2.21,0.4802,-9.84,-21.21,0.51,False
L2 clean transitions,imbT_L_ztod,15m,270,-0.0196,-0.32,0.5353,0.09,-3.07,3.2,False
L2 clean transitions,imbT_L_ztod,30m,265,-0.0176,-0.28,0.5019,-0.768,-5.27,3.66,False
L2 clean transitions,imbT_L_ztod,60m,259,-0.0408,-0.65,0.4556,-6.1,-14.39,1.52,False
L2 clean transitions,imbT_L_ztod,90m,253,-0.1086,-1.73,0.4722,-10.37,-21.06,0.33,False
L2 clean transitions,imb3_5,15m,270,-0.0021,-0.03,0.4432,-5.025,-8.16,-1.92,True
L2 clean transitions,imb3_5,30m,265,0.0267,0.43,0.4884,-1.472,-4.73,1.67,False
L2 clean transitions,imb3_5,60m,259,0.063,1.01,0.5,-1.663,-8.83,5.24,False
L2 clean transitions,imb3_5,90m,253,-0.0277,-0.44,0.4737,-8.161,-17.06,1.12,False
L2 clean transitions,imb3_5_zs,15m,270,-0.0021,-0.03,0.4498,-3.962,-7.2,-0.67,True
L2 clean transitions,imb3_5_zs,30m,265,0.0341,0.55,0.4905,-0.379,-4.49,3.74,False
L2 clean transitions,imb3_5_zs,60m,259,0.068,1.09,0.5058,-0.413,-8.31,7.27,False
L2 clean transitions,imb3_5_zs,90m,253,-0.038,-0.6,0.4921,-6.156,-15.16,3.67,False
L2 clean transitions,imb3_5_ztod,15m,270,0.0082,0.13,0.4349,-5.236,-8.59,-2.09,True
L2 clean transitions,imb3_5_ztod,30m,265,0.0303,0.49,0.4791,-2.574,-5.86,0.56,False
L2 clean transitions,imb3_5_ztod,60m,259,0.0767,1.23,0.4788,-3.338,-9.62,2.87,False
L2 clean transitions,imb3_5_ztod,90m,253,-0.013,-0.21,0.4643,-10.478,-18.24,-3.0,True
L2 clean transitions,ofi_n,15m,270,-0.1227,-2.02,0.4424,-6.305,-9.57,-2.9,True
L2 clean transitions,ofi_n,30m,265,-0.1056,-1.72,0.4183,-7.694,-12.97,-2.94,True
L2 clean transitions,ofi_n,60m,259,0.0065,0.1,0.4826,-0.888,-9.89,7.66,False
L2 clean transitions,ofi_n,90m,253,0.053,0.84,0.4563,0.757,-10.56,11.25,False
L2 clean transitions,ofi_n_zs,15m,270,-0.1239,-2.04,0.461,-5.529,-9.14,-1.98,True
L2 clean transitions,ofi_n_zs,30m,265,-0.1128,-1.84,0.4411,-5.777,-10.81,-1.26,True
L2 clean transitions,ofi_n_zs,60m,259,-0.0067,-0.11,0.4981,0.51,-8.99,9.16,False
L2 clean transitions,ofi_n_zs,90m,253,0.0352,0.56,0.4802,3.664,-7.99,14.48,False
L2 clean transitions,ofi_n_ztod,15m,270,-0.0702,-1.15,0.461,-5.416,-9.2,-1.62,True
L2 clean transitions,ofi_n_ztod,30m,265,-0.0681,-1.11,0.4487,-6.783,-12.17,-1.56,True
L2 clean transitions,ofi_n_ztod,60m,259,0.0127,0.2,0.5097,0.902,-7.41,9.22,False
L2 clean transitions,ofi_n_ztod,90m,253,0.0465,0.74,0.5,3.435,-7.32,14.03,False
L2 clean transitions,ofi5_n,15m,270,-0.1718,-2.86,0.4684,-4.882,-8.83,-1.59,True
L2 clean transitions,ofi5_n,30m,265,-0.0682,-1.11,0.4639,-5.857,-11.03,-1.0,True
L2 clean transitions,ofi5_n,60m,259,-0.0101,-0.16,0.4903,-6.977,-15.61,1.25,False
L2 clean transitions,ofi5_n,90m,253,0.0068,0.11,0.4841,-6.036,-14.82,2.53,False
L2 clean transitions,ofi5_n_zs,15m,270,-0.164,-2.72,0.4721,-4.825,-8.67,-1.51,True
L2 clean transitions,ofi5_n_zs,30m,265,-0.0681,-1.11,0.4829,-5.113,-10.33,-0.33,True
L2 clean transitions,ofi5_n_zs,60m,259,-0.0198,-0.32,0.4826,-7.251,-16.85,1.51,False
L2 clean transitions,ofi5_n_zs,90m,253,-0.0043,-0.07,0.4841,-7.48,-18.09,2.27,False
L2 clean transitions,ofi5_n_ztod,15m,270,-0.1229,-2.03,0.4684,-5.395,-9.3,-2.05,True
L2 clean transitions,ofi5_n_ztod,30m,265,-0.0657,-1.07,0.4791,-6.223,-11.16,-1.45,True
L2 clean transitions,ofi5_n_ztod,60m,259,-0.0025,-0.04,0.4981,-4.838,-13.69,3.78,False
L2 clean transitions,ofi5_n_ztod,90m,253,-0.0101,-0.16,0.4683,-7.437,-17.16,2.14,False
L2 clean transitions,tsi,15m,277,-0.0162,-0.27,0.471,-4.602,-8.02,-1.53,True
L2 clean transitions,tsi,30m,272,-0.0343,-0.56,0.4593,-6.93,-10.53,-3.22,True
L2 clean transitions,tsi,60m,266,-0.0739,-1.2,0.4737,-10.732,-17.19,-3.87,True
L2 clean transitions,tsi,90m,260,-0.0836,-1.35,0.4942,-10.125,-19.94,-0.88,True
L2 clean transitions,tsi_zs,15m,277,-0.0214,-0.36,0.471,-4.55,-8.26,-1.08,True
L2 clean transitions,tsi_zs,30m,272,-0.0418,-0.69,0.463,-5.695,-9.71,-2.02,True
L2 clean transitions,tsi_zs,60m,266,-0.0833,-1.36,0.485,-8.828,-15.77,-2.12,True
L2 clean transitions,tsi_zs,90m,260,-0.0929,-1.5,0.4865,-9.302,-19.03,-0.32,True
L2 clean transitions,tsi_ztod,15m,277,-0.0383,-0.64,0.4746,-3.949,-7.64,-0.5,True
L2 clean transitions,tsi_ztod,30m,272,-0.0766,-1.26,0.4704,-5.761,-9.37,-2.32,True
L2 clean transitions,tsi_ztod,60m,266,-0.1159,-1.9,0.4662,-9.839,-16.99,-3.06,True
L2 clean transitions,tsi_ztod,90m,260,-0.1406,-2.28,0.4672,-11.681,-20.96,-2.89,True
L2 clean transitions,tsi5,15m,277,0.0106,0.18,0.4819,-0.782,-4.27,2.96,False
L2 clean transitions,tsi5,30m,272,0.0105,0.17,0.5,-0.513,-4.77,3.78,False
L2 clean transitions,tsi5,60m,266,-0.0258,-0.42,0.515,-2.326,-9.42,4.25,False
L2 clean transitions,tsi5,90m,260,-0.0465,-0.75,0.5019,-4.69,-14.31,4.97,False
L2 clean transitions,tsi5_zs,15m,277,-0.0026,-0.04,0.4783,-2.252,-5.74,1.1,False
L2 clean transitions,tsi5_zs,30m,272,0.0139,0.23,0.5037,-1.057,-5.4,3.48,False
L2 clean transitions,tsi5_zs,60m,266,-0.0226,-0.37,0.5075,-3.001,-10.24,3.65,False
L2 clean transitions,tsi5_zs,90m,260,-0.0449,-0.72,0.4865,-8.087,-16.71,0.04,False
L2 clean transitions,tsi5_ztod,15m,277,0.0122,0.2,0.4783,-1.965,-6.28,1.8,False
L2 clean transitions,tsi5_ztod,30m,272,0.0204,0.33,0.4963,-0.544,-5.35,4.23,False
L2 clean transitions,tsi5_ztod,60m,266,-0.0332,-0.54,0.5113,-1.725,-8.21,4.82,False
L2 clean transitions,tsi5_ztod,90m,260,-0.0608,-0.98,0.5019,-6.892,-15.15,1.29,False
L2 clean transitions,slope_asym,15m,270,0.0549,0.9,0.5316,0.036,-3.43,3.39,False
L2 clean transitions,slope_asym,30m,265,-0.0339,-0.55,0.5019,-0.519,-5.2,4.19,False
L2 clean transitions,slope_asym,60m,259,-0.0357,-0.57,0.5058,-0.143,-8.36,7.87,False
L2 clean transitions,slope_asym,90m,253,-0.0507,-0.8,0.5317,0.3,-6.98,7.38,False
L2 clean transitions,slope_asym_zs,15m,270,0.0618,1.01,0.4981,-1.71,-5.15,1.51,False
L2 clean transitions,slope_asym_zs,30m,265,-0.0069,-0.11,0.5057,0.445,-3.81,4.64,False
L2 clean transitions,slope_asym_zs,60m,259,-0.005,-0.08,0.4826,1.94,-6.93,10.72,False
L2 clean transitions,slope_asym_zs,90m,253,-0.0176,-0.28,0.5516,5.791,-3.58,15.92,False
L2 clean transitions,slope_asym_ztod,15m,270,0.0228,0.37,0.4833,-3.279,-6.6,-0.18,True
L2 clean transitions,slope_asym_ztod,30m,265,0.0279,0.45,0.5095,-0.375,-5.09,3.8,False
L2 clean transitions,slope_asym_ztod,60m,259,0.0123,0.2,0.4749,-1.583,-11.49,7.1,False
L2 clean transitions,slope_asym_ztod,90m,253,0.023,0.36,0.5159,-1.494,-10.97,8.58,False
