scope,feat,hold,n,pro_pt,contra_pt,contra_lo,contra_hi,contra_hit,gross_edge,perm_p_cell,perm_p_familywise
L1 all windows,imb3,15m,2712,-1.104,-1.396,-2.45,-0.35,0.4993,0.146,0.7955,0.4285
L1 all windows,imb3,30m,2681,-1.88,-0.62,-2.37,1.12,0.5022,0.63,0.485,0.4285
L1 all windows,imb3,60m,2619,-3.514,1.014,-1.69,3.68,0.5092,2.264,0.11925,0.4285
L1 all windows,imb3,90m,2557,-3.377,0.877,-2.02,3.85,0.5206,2.127,0.189,0.4285
L1 all windows,imb3_zs,15m,2712,-1.374,-1.126,-2.05,-0.15,0.5045,0.124,0.81275,0.4285
L1 all windows,imb3_zs,30m,2681,-2.218,-0.282,-1.9,1.37,0.5123,0.968,0.2535,0.4285
L1 all windows,imb3_zs,60m,2619,-3.473,0.973,-1.65,3.68,0.5142,2.223,0.11975,0.4285
L1 all windows,imb3_zs,90m,2557,-3.781,1.281,-1.62,4.21,0.5307,2.531,0.10675,0.4285
L1 all windows,imb3_ztod,15m,2712,-0.963,-1.537,-2.74,-0.25,0.4974,0.287,0.66375,0.4285
L1 all windows,imb3_ztod,30m,2681,-1.537,-0.963,-2.67,0.88,0.5037,0.287,0.759,0.4285
L1 all windows,imb3_ztod,60m,2619,-2.955,0.455,-2.54,3.48,0.5115,1.705,0.291,0.4285
L1 all windows,imb3_ztod,90m,2557,-2.459,-0.041,-3.16,3.16,0.5253,1.209,0.486,0.4285
L1 all windows,imb_touch,15m,2712,-0.647,-1.853,-2.78,-0.99,0.4981,0.603,0.20675,0.4285
L1 all windows,imb_touch,30m,2681,-1.586,-0.914,-2.59,0.82,0.5168,0.336,0.701,0.4285
L1 all windows,imb_touch,60m,2619,-2.614,0.114,-2.21,2.67,0.5134,1.364,0.3085,0.4285
L1 all windows,imb_touch,90m,2557,-2.259,-0.241,-2.61,2.33,0.5213,1.009,0.45325,0.4285
L1 all windows,imb_touch_zs,15m,2712,-0.961,-1.539,-2.32,-0.79,0.5074,0.289,0.4835,0.4285
L1 all windows,imb_touch_zs,30m,2681,-1.978,-0.522,-2.01,1.03,0.5168,0.728,0.37225,0.4285
L1 all windows,imb_touch_zs,60m,2619,-3.352,0.852,-1.7,3.53,0.5199,2.102,0.137,0.4285
L1 all windows,imb_touch_zs,90m,2557,-3.965,1.465,-1.13,4.23,0.5288,2.715,0.0655,0.4285
L1 all windows,imb_touch_ztod,15m,2712,-0.883,-1.617,-2.75,-0.57,0.503,0.367,0.53225,0.4285
L1 all windows,imb_touch_ztod,30m,2681,-2.046,-0.454,-2.36,1.46,0.518,0.796,0.419,0.4285
L1 all windows,imb_touch_ztod,60m,2619,-3.107,0.607,-2.11,3.4,0.5172,1.857,0.18325,0.4285
L1 all windows,imb_touch_ztod,90m,2557,-3.12,0.62,-2.03,3.5,0.5229,1.87,0.21325,0.4285
L1 all windows,imb3_L,15m,2712,-1.396,-1.104,-2.23,-0.04,0.4762,0.146,0.80575,0.4285
L1 all windows,imb3_L,30m,2681,-2.47,-0.03,-1.83,1.87,0.4794,1.22,0.23575,0.4285
L1 all windows,imb3_L,60m,2619,-3.731,1.231,-1.27,3.87,0.4885,2.481,0.06475,0.4285
L1 all windows,imb3_L,90m,2557,-2.444,-0.056,-3.18,2.87,0.4736,1.194,0.44325,0.4285
L1 all windows,imb3_L_zs,15m,2712,-1.353,-1.147,-2.32,-0.04,0.5041,0.103,0.859,0.4285
L1 all windows,imb3_L_zs,30m,2681,-2.359,-0.141,-1.91,1.85,0.5019,1.109,0.2755,0.4285
L1 all windows,imb3_L_zs,60m,2619,-3.693,1.193,-1.21,3.83,0.518,2.443,0.07,0.4285
L1 all windows,imb3_L_zs,90m,2557,-2.486,-0.014,-2.91,2.96,0.5033,1.236,0.41825,0.4285
L1 all windows,imb3_L_ztod,15m,2712,-1.465,-1.035,-2.12,0.08,0.5004,0.215,0.7115,0.4285
L1 all windows,imb3_L_ztod,30m,2681,-2.325,-0.175,-1.84,1.78,0.5049,1.075,0.2645,0.4285
L1 all windows,imb3_L_ztod,60m,2619,-3.82,1.32,-0.99,3.72,0.508,2.57,0.04325,0.4285
L1 all windows,imb3_L_ztod,90m,2557,-2.495,-0.005,-2.99,3.09,0.4975,1.245,0.41875,0.4285
L1 all windows,imbT_L,15m,2712,-1.665,-0.835,-1.96,0.26,0.4506,0.415,0.4805,0.4285
L1 all windows,imbT_L,30m,2681,-2.847,0.347,-0.73,1.47,0.4589,1.597,0.006,0.4285
L1 all windows,imbT_L,60m,2619,-2.373,-0.127,-1.68,1.31,0.4411,1.123,0.16625,0.4285
L1 all windows,imbT_L,90m,2557,-1.186,-1.314,-3.46,0.85,0.4313,0.064,0.955,0.4285
L1 all windows,imbT_L_zs,15m,2712,-1.548,-0.952,-2.27,0.25,0.5056,0.298,0.654,0.4285
L1 all windows,imbT_L_zs,30m,2681,-2.966,0.466,-0.85,1.73,0.515,1.716,0.01425,0.4285
L1 all windows,imbT_L_zs,60m,2619,-2.635,0.135,-1.82,2.08,0.5,1.385,0.1755,0.4285
L1 all windows,imbT_L_zs,90m,2557,-1.246,-1.254,-3.2,0.76,0.4912,0.004,0.9945,0.4285
L1 all windows,imbT_L_ztod,15m,2712,-1.434,-1.066,-2.35,0.17,0.5071,0.184,0.7785,0.4285
L1 all windows,imbT_L_ztod,30m,2681,-2.644,0.144,-1.03,1.3,0.5172,1.394,0.0205,0.4285
L1 all windows,imbT_L_ztod,60m,2619,-2.426,-0.074,-1.84,1.64,0.5004,1.176,0.197,0.4285
L1 all windows,imbT_L_ztod,90m,2557,-1.224,-1.276,-3.7,1.15,0.4877,0.026,0.98125,0.4285
L1 all windows,imb3_5,15m,2712,-2.065,-0.435,-1.48,0.61,0.5059,0.815,0.137,0.4285
L1 all windows,imb3_5,30m,2681,-1.629,-0.871,-2.09,0.34,0.4985,0.379,0.5425,0.4285
L1 all windows,imb3_5,60m,2619,-2.899,0.399,-1.77,2.49,0.4989,1.649,0.14875,0.4285
L1 all windows,imb3_5,90m,2557,-3.483,0.983,-1.51,3.49,0.5065,2.233,0.08325,0.4285
L1 all windows,imb3_5_zs,15m,2712,-1.772,-0.728,-1.82,0.4,0.5152,0.522,0.362,0.4285
L1 all windows,imb3_5_zs,30m,2681,-1.354,-1.146,-2.36,0.11,0.5075,0.104,0.86925,0.4285
L1 all windows,imb3_5_zs,60m,2619,-2.602,0.102,-1.88,2.19,0.508,1.352,0.22,0.4285
L1 all windows,imb3_5_zs,90m,2557,-2.54,0.04,-2.31,2.33,0.5123,1.29,0.305,0.4285
L1 all windows,imb3_5_ztod,15m,2712,-1.604,-0.896,-2.15,0.29,0.5082,0.354,0.57825,0.4285
L1 all windows,imb3_5_ztod,30m,2681,-1.379,-1.121,-2.69,0.33,0.5007,0.129,0.8675,0.4285
L1 all windows,imb3_5_ztod,60m,2619,-2.782,0.282,-1.77,2.48,0.5031,1.532,0.17375,0.4285
L1 all windows,imb3_5_ztod,90m,2557,-3.077,0.577,-2.15,3.25,0.5119,1.827,0.1945,0.4285
L1 all windows,ofi_n,15m,2712,-1.654,-0.846,-2.1,0.43,0.5104,0.404,0.5195,0.4285
L1 all windows,ofi_n,30m,2681,-1.771,-0.729,-2.6,1.2,0.512,0.521,0.607,0.4285
L1 all windows,ofi_n,60m,2619,-1.496,-1.004,-3.4,1.39,0.5065,0.246,0.8565,0.4285
L1 all windows,ofi_n,90m,2557,-0.323,-2.177,-5.16,0.95,0.5135,0.927,0.56675,0.4285
L1 all windows,ofi_n_zs,15m,2712,-2.053,-0.447,-1.66,0.8,0.5063,0.803,0.21575,0.4285
L1 all windows,ofi_n_zs,30m,2681,-1.873,-0.627,-2.44,1.17,0.5116,0.623,0.511,0.4285
L1 all windows,ofi_n_zs,60m,2619,-1.819,-0.681,-3.12,1.76,0.5027,0.569,0.65125,0.4285
L1 all windows,ofi_n_zs,90m,2557,-0.581,-1.919,-4.93,1.18,0.5127,0.669,0.67075,0.4285
L1 all windows,ofi_n_ztod,15m,2712,-1.915,-0.585,-1.86,0.73,0.5063,0.665,0.331,0.4285
L1 all windows,ofi_n_ztod,30m,2681,-1.238,-1.262,-3.15,0.67,0.5041,0.012,0.98825,0.4285
L1 all windows,ofi_n_ztod,60m,2619,-1.309,-1.191,-3.62,1.18,0.4935,0.059,0.96675,0.4285
L1 all windows,ofi_n_ztod,90m,2557,-0.886,-1.614,-4.47,1.27,0.501,0.364,0.825,0.4285
L1 all windows,ofi5_n,15m,2712,-1.807,-0.693,-1.91,0.48,0.5122,0.557,0.39475,0.4285
L1 all windows,ofi5_n,30m,2681,-1.996,-0.504,-2.34,1.24,0.5176,0.746,0.4315,0.4285
L1 all windows,ofi5_n,60m,2619,-1.784,-0.716,-3.64,2.14,0.5092,0.534,0.7335,0.4285
L1 all windows,ofi5_n,90m,2557,-2.098,-0.402,-3.51,2.91,0.5174,0.848,0.64825,0.4285
L1 all windows,ofi5_n_zs,15m,2712,-1.64,-0.86,-2.05,0.26,0.5078,0.39,0.528,0.4285
L1 all windows,ofi5_n_zs,30m,2681,-1.758,-0.742,-2.49,0.93,0.5153,0.508,0.5755,0.4285
L1 all windows,ofi5_n_zs,60m,2619,-1.733,-0.767,-3.67,1.98,0.5122,0.483,0.758,0.4285
L1 all windows,ofi5_n_zs,90m,2557,-2.111,-0.389,-3.54,2.9,0.5159,0.861,0.6345,0.4285
L1 all windows,ofi5_n_ztod,15m,2712,-1.545,-0.955,-1.97,0.02,0.5089,0.295,0.5795,0.4285
L1 all windows,ofi5_n_ztod,30m,2681,-1.625,-0.875,-2.62,0.77,0.5161,0.375,0.6815,0.4285
L1 all windows,ofi5_n_ztod,60m,2619,-1.439,-1.061,-3.9,1.71,0.505,0.189,0.89925,0.4285
L1 all windows,ofi5_n_ztod,90m,2557,-1.623,-0.877,-4.04,2.61,0.5104,0.373,0.83025,0.4285
L1 all windows,tsi,15m,3194,-1.026,-1.474,-2.58,-0.24,0.4942,0.224,0.718,0.4285
L1 all windows,tsi,30m,3158,-1.229,-1.271,-3.39,0.82,0.486,0.021,0.985,0.4285
L1 all windows,tsi,60m,3086,-1.327,-1.173,-3.79,1.4,0.493,0.077,0.95725,0.4285
L1 all windows,tsi,90m,3014,-1.649,-0.851,-4.11,2.41,0.4982,0.399,0.8205,0.4285
L1 all windows,tsi_zs,15m,3194,-1.478,-1.022,-2.04,-0.01,0.4976,0.228,0.66625,0.4285
L1 all windows,tsi_zs,30m,3158,-1.695,-0.805,-2.83,1.34,0.4883,0.445,0.6795,0.4285
L1 all windows,tsi_zs,60m,3086,-2.902,0.402,-2.53,3.38,0.4979,1.652,0.30525,0.4285
L1 all windows,tsi_zs,90m,3014,-3.852,1.352,-2.28,5.17,0.5051,2.602,0.18725,0.4285
L1 all windows,tsi_ztod,15m,3194,-0.45,-2.05,-3.22,-0.78,0.4879,0.8,0.20575,0.4285
L1 all windows,tsi_ztod,30m,3158,-0.702,-1.798,-3.91,0.26,0.481,0.548,0.62325,0.4285
L1 all windows,tsi_ztod,60m,3086,-0.993,-1.507,-4.55,1.35,0.4924,0.257,0.87575,0.4285
L1 all windows,tsi_ztod,90m,3014,-2.276,-0.224,-4.29,3.76,0.4972,1.026,0.636,0.4285
L1 all windows,tsi5,15m,3194,-0.868,-1.632,-2.85,-0.32,0.4939,0.382,0.5295,0.4285
L1 all windows,tsi5,30m,3158,-0.858,-1.642,-3.42,0.2,0.4921,0.392,0.679,0.4285
L1 all windows,tsi5,60m,3086,-1.403,-1.097,-3.86,1.72,0.4901,0.153,0.92025,0.4285
L1 all windows,tsi5,90m,3014,-3.607,1.107,-2.57,5.22,0.5002,2.357,0.25175,0.4285
L1 all windows,tsi5_zs,15m,3194,-1.292,-1.208,-2.41,0.11,0.4973,0.042,0.947,0.4285
L1 all windows,tsi5_zs,30m,3158,-1.695,-0.805,-2.74,1.21,0.4921,0.445,0.6565,0.4285
L1 all windows,tsi5_zs,60m,3086,-2.475,-0.025,-2.69,2.65,0.4969,1.225,0.36275,0.4285
L1 all windows,tsi5_zs,90m,3014,-5.567,3.067,-0.31,6.45,0.5138,4.317,0.017,0.4285
L1 all windows,tsi5_ztod,15m,3194,-1.605,-0.895,-2.09,0.39,0.5002,0.355,0.587,0.4285
L1 all windows,tsi5_ztod,30m,3158,-2.07,-0.43,-2.22,1.62,0.5038,0.82,0.4195,0.4285
L1 all windows,tsi5_ztod,60m,3086,-2.155,-0.345,-2.84,2.4,0.5021,0.905,0.5185,0.4285
L1 all windows,tsi5_ztod,90m,3014,-3.888,1.388,-2.2,5.15,0.5002,2.638,0.178,0.4285
L1 all windows,slope_asym,15m,2712,-0.424,-2.076,-2.94,-1.16,0.4889,0.826,0.07725,0.4285
L1 all windows,slope_asym,30m,2681,-0.481,-2.019,-3.48,-0.54,0.4888,0.769,0.3265,0.4285
L1 all windows,slope_asym,60m,2619,-1.6,-0.9,-3.96,2.16,0.4985,0.35,0.82175,0.4285
L1 all windows,slope_asym,90m,2557,-2.964,0.464,-3.54,4.33,0.5033,1.714,0.3925,0.4285
L1 all windows,slope_asym_zs,15m,2712,-0.618,-1.882,-2.98,-0.82,0.4974,0.632,0.2645,0.4285
L1 all windows,slope_asym_zs,30m,2681,-0.897,-1.603,-3.32,0.13,0.485,0.353,0.69325,0.4285
L1 all windows,slope_asym_zs,60m,2619,-0.077,-2.423,-4.72,-0.19,0.4985,1.173,0.317,0.4285
L1 all windows,slope_asym_zs,90m,2557,0.953,-3.453,-6.7,-0.34,0.492,2.203,0.20225,0.4285
L1 all windows,slope_asym_ztod,15m,2712,-1.92,-0.58,-1.81,0.65,0.5178,0.67,0.3,0.4285
L1 all windows,slope_asym_ztod,30m,2681,-2.829,0.329,-1.88,2.47,0.506,1.579,0.1635,0.4285
L1 all windows,slope_asym_ztod,60m,2619,-3.482,0.982,-2.15,4.14,0.5222,2.232,0.17825,0.4285
L1 all windows,slope_asym_ztod,90m,2557,-5.078,2.578,-0.77,6.64,0.5241,3.828,0.043,0.4285
L2 transitions,imb3,15m,340,1.645,-4.145,-8.05,-0.6,0.5148,2.895,0.1505,0.4285
L2 transitions,imb3,30m,335,-1.158,-1.342,-6.25,3.22,0.5135,0.092,0.97225,0.4285
L2 transitions,imb3,60m,328,-6.487,3.987,-2.23,10.81,0.5244,5.237,0.13925,0.4285
L2 transitions,imb3,90m,319,-6.603,4.103,-3.8,12.63,0.5503,5.353,0.226,0.4285
L2 transitions,imb3_zs,15m,340,2.188,-4.688,-8.4,-1.32,0.5178,3.438,0.064,0.4285
L2 transitions,imb3_zs,30m,335,0.542,-3.042,-7.21,0.7,0.5015,1.792,0.39925,0.4285
L2 transitions,imb3_zs,60m,328,-3.958,1.458,-4.56,8.19,0.5122,2.708,0.42575,0.4285
L2 transitions,imb3_zs,90m,319,-5.286,2.786,-5.0,11.36,0.5409,4.036,0.36825,0.4285
L2 transitions,imb3_ztod,15m,340,1.318,-3.818,-7.27,-0.4,0.5385,2.568,0.16775,0.4285
L2 transitions,imb3_ztod,30m,335,0.863,-3.363,-7.71,0.88,0.5135,2.113,0.35525,0.4285
L2 transitions,imb3_ztod,60m,328,-2.723,0.223,-7.0,7.25,0.5061,1.473,0.688,0.4285
L2 transitions,imb3_ztod,90m,319,-2.604,0.104,-9.45,9.02,0.522,1.354,0.783,0.4285
L2 transitions,imb_touch,15m,340,0.87,-3.37,-6.45,-0.24,0.5148,2.12,0.1775,0.4285
L2 transitions,imb_touch,30m,335,-0.315,-2.185,-6.56,2.02,0.4955,0.935,0.678,0.4285
L2 transitions,imb_touch,60m,328,-0.614,-1.886,-8.99,5.38,0.4939,0.636,0.86175,0.4285
L2 transitions,imb_touch,90m,319,-1.526,-0.974,-12.04,10.03,0.5314,0.276,0.96325,0.4285
L2 transitions,imb_touch_zs,15m,340,1.104,-3.604,-6.84,-0.37,0.5118,2.354,0.165,0.4285
L2 transitions,imb_touch_zs,30m,335,0.613,-3.113,-7.69,1.43,0.4865,1.863,0.42375,0.4285
L2 transitions,imb_touch_zs,60m,328,-0.697,-1.803,-9.4,5.87,0.497,0.553,0.8875,0.4285
L2 transitions,imb_touch_zs,90m,319,-2.784,0.284,-10.93,11.02,0.5346,1.534,0.78675,0.4285
L2 transitions,imb_touch_ztod,15m,340,-1.748,-0.752,-4.43,3.82,0.5325,0.498,0.81475,0.4285
L2 transitions,imb_touch_ztod,30m,335,-3.316,0.816,-3.94,5.61,0.5135,2.066,0.41925,0.4285
L2 transitions,imb_touch_ztod,60m,328,-3.371,0.871,-6.51,8.33,0.4878,2.121,0.5855,0.4285
L2 transitions,imb_touch_ztod,90m,319,-5.487,2.987,-8.47,13.95,0.5252,4.237,0.45275,0.4285
L2 transitions,imb3_L,15m,340,-2.847,0.347,-3.13,4.05,0.4941,1.597,0.388,0.4285
L2 transitions,imb3_L,30m,335,-2.991,0.491,-4.45,5.73,0.5045,1.741,0.5095,0.4285
L2 transitions,imb3_L,60m,328,-4.944,2.444,-5.35,10.9,0.5183,3.694,0.38475,0.4285
L2 transitions,imb3_L,90m,319,-9.735,7.235,-2.31,16.99,0.5063,8.485,0.097,0.4285
L2 transitions,imb3_L_zs,15m,340,-3.395,0.895,-2.58,4.66,0.5178,2.145,0.2645,0.4285
L2 transitions,imb3_L_zs,30m,335,-3.622,1.122,-4.16,6.27,0.5285,2.372,0.37425,0.4285
L2 transitions,imb3_L_zs,60m,328,-5.121,2.621,-5.41,11.2,0.5396,3.871,0.38025,0.4285
L2 transitions,imb3_L_zs,90m,319,-9.885,7.385,-2.48,17.75,0.5252,8.635,0.1025,0.4285
L2 transitions,imb3_L_ztod,15m,340,-2.998,0.498,-3.12,4.32,0.5148,1.748,0.37825,0.4285
L2 transitions,imb3_L_ztod,30m,335,-3.17,0.67,-4.23,5.84,0.5165,1.92,0.444,0.4285
L2 transitions,imb3_L_ztod,60m,328,-3.417,0.917,-6.7,9.2,0.5183,2.167,0.61475,0.4285
L2 transitions,imb3_L_ztod,90m,319,-8.005,5.505,-3.98,15.5,0.5063,6.755,0.1835,0.4285
L2 transitions,imbT_L,15m,340,-1.61,-0.89,-3.48,1.87,0.4142,0.36,0.79925,0.4285
L2 transitions,imbT_L,30m,335,-2.163,-0.337,-4.33,3.75,0.4354,0.913,0.64475,0.4285
L2 transitions,imbT_L,60m,328,-4.937,2.437,-3.92,9.17,0.4512,3.687,0.28575,0.4285
L2 transitions,imbT_L,90m,319,-8.038,5.538,-2.55,14.31,0.4245,6.788,0.1205,0.4285
L2 transitions,imbT_L_zs,15m,340,-1.867,-0.633,-3.62,2.48,0.4911,0.617,0.68525,0.4285
L2 transitions,imbT_L_zs,30m,335,-2.912,0.412,-3.84,4.69,0.4985,1.662,0.45975,0.4285
L2 transitions,imbT_L_zs,60m,328,-6.083,3.583,-4.65,12.01,0.5427,4.833,0.2805,0.4285
L2 transitions,imbT_L_zs,90m,319,-8.507,6.007,-3.3,15.79,0.5031,7.257,0.16325,0.4285
L2 transitions,imbT_L_ztod,15m,340,-1.305,-1.195,-4.01,1.81,0.4793,0.055,0.97175,0.4285
L2 transitions,imbT_L_ztod,30m,335,-2.463,-0.037,-4.33,4.3,0.5045,1.213,0.588,0.4285
L2 transitions,imbT_L_ztod,60m,328,-6.655,4.155,-3.23,12.15,0.5396,5.405,0.1935,0.4285
L2 transitions,imbT_L_ztod,90m,319,-10.418,7.918,-1.71,18.25,0.5126,9.168,0.07475,0.4285
L2 transitions,imb3_5,15m,340,-3.483,0.983,-1.43,3.36,0.5355,2.233,0.0835,0.4285
L2 transitions,imb3_5,30m,335,-0.151,-2.349,-5.38,0.76,0.4865,1.099,0.516,0.4285
L2 transitions,imb3_5,60m,328,-1.859,-0.641,-6.45,5.61,0.5,0.609,0.85125,0.4285
L2 transitions,imb3_5,90m,319,-7.556,5.056,-2.99,13.34,0.5157,6.306,0.1485,0.4285
L2 transitions,imb3_5_zs,15m,340,-2.748,0.248,-2.34,2.82,0.5385,1.498,0.28625,0.4285
L2 transitions,imb3_5_zs,30m,335,0.6,-3.1,-6.83,0.53,0.4925,1.85,0.3495,0.4285
L2 transitions,imb3_5_zs,60m,328,-1.191,-1.309,-7.94,5.74,0.503,0.059,0.98575,0.4285
L2 transitions,imb3_5_zs,90m,319,-5.651,3.151,-5.44,12.3,0.5126,4.401,0.33225,0.4285
L2 transitions,imb3_5_ztod,15m,340,-3.679,1.179,-1.23,3.76,0.5592,2.429,0.0675,0.4285
L2 transitions,imb3_5_ztod,30m,335,-0.749,-1.751,-5.01,1.65,0.4985,0.501,0.7685,0.4285
L2 transitions,imb3_5_ztod,60m,328,-2.06,-0.44,-5.63,5.37,0.5213,0.81,0.788,0.4285
L2 transitions,imb3_5_ztod,90m,319,-8.081,5.581,-1.58,13.49,0.522,6.831,0.08675,0.4285
L2 transitions,ofi_n,15m,340,-5.973,3.473,0.76,6.15,0.5621,4.723,0.001,0.4285
L2 transitions,ofi_n,30m,335,-5.581,3.081,-2.04,8.42,0.5526,4.331,0.1275,0.4285
L2 transitions,ofi_n,60m,328,2.202,-4.702,-12.51,3.21,0.5,3.452,0.40025,0.4285
L2 transitions,ofi_n,90m,319,4.615,-7.115,-16.57,2.66,0.5189,5.865,0.25075,0.4285
L2 transitions,ofi_n_zs,15m,340,-4.839,2.339,-0.43,5.23,0.5325,3.589,0.01425,0.4285
L2 transitions,ofi_n_zs,30m,335,-3.273,0.773,-3.83,5.48,0.5285,2.023,0.4045,0.4285
L2 transitions,ofi_n_zs,60m,328,3.876,-6.376,-14.04,1.65,0.4756,5.126,0.203,0.4285
L2 transitions,ofi_n_zs,90m,319,7.316,-9.816,-19.17,-0.29,0.4937,8.566,0.0925,0.4285
L2 transitions,ofi_n_ztod,15m,340,-4.854,2.354,-0.86,5.45,0.5237,3.604,0.03325,0.4285
L2 transitions,ofi_n_ztod,30m,335,-4.39,1.89,-3.57,7.37,0.5225,3.14,0.26675,0.4285
L2 transitions,ofi_n_ztod,60m,328,4.685,-7.185,-14.29,0.12,0.4604,5.935,0.121,0.4285
L2 transitions,ofi_n_ztod,90m,319,6.679,-9.179,-18.75,0.59,0.4811,7.929,0.123,0.4285
L2 transitions,ofi5_n,15m,340,-4.655,2.155,-1.29,6.06,0.5207,3.405,0.076,0.4285
L2 transitions,ofi5_n,30m,335,-5.866,3.366,-1.85,8.36,0.5405,4.616,0.089,0.4285
L2 transitions,ofi5_n,60m,328,-4.827,2.327,-5.91,10.25,0.497,3.577,0.39875,0.4285
L2 transitions,ofi5_n,90m,319,-3.943,1.443,-6.72,9.32,0.522,2.693,0.5295,0.4285
L2 transitions,ofi5_n_zs,15m,340,-4.914,2.414,-1.02,6.51,0.5266,3.664,0.06075,0.4285
L2 transitions,ofi5_n_zs,30m,335,-5.727,3.227,-1.19,7.9,0.5225,4.477,0.06975,0.4285
L2 transitions,ofi5_n_zs,60m,328,-4.668,2.168,-6.05,10.37,0.5,3.418,0.42825,0.4285
L2 transitions,ofi5_n_zs,90m,319,-4.716,2.216,-6.59,10.96,0.5189,3.466,0.45675,0.4285
L2 transitions,ofi5_n_ztod,15m,340,-4.079,1.579,-1.35,4.3,0.5118,2.829,0.0525,0.4285
L2 transitions,ofi5_n_ztod,30m,335,-5.322,2.822,-1.55,7.57,0.5195,4.072,0.082,0.4285
L2 transitions,ofi5_n_ztod,60m,328,-2.87,0.37,-7.6,8.4,0.4939,1.62,0.6995,0.4285
L2 transitions,ofi5_n_ztod,90m,319,-4.665,2.165,-7.08,11.48,0.5314,3.415,0.49,0.4285
L2 transitions,tsi,15m,347,-3.097,0.597,-2.37,3.78,0.513,1.847,0.265,0.4285
L2 transitions,tsi,30m,342,-4.721,2.221,-1.67,6.23,0.5294,3.471,0.09925,0.4285
L2 transitions,tsi,60m,335,-8.435,5.935,-0.66,12.61,0.5284,7.185,0.0415,0.4285
L2 transitions,tsi,90m,326,-7.511,5.011,-4.37,14.26,0.5046,6.261,0.19275,0.4285
L2 transitions,tsi_zs,15m,347,-3.412,0.912,-2.38,4.4,0.513,2.162,0.249,0.4285
L2 transitions,tsi_zs,30m,342,-5.0,2.5,-1.32,7.02,0.5265,3.75,0.0785,0.4285
L2 transitions,tsi_zs,60m,335,-7.746,5.246,-0.65,11.06,0.5134,6.496,0.0405,0.4285
L2 transitions,tsi_zs,90m,326,-8.575,6.075,-1.27,13.93,0.5108,7.325,0.07475,0.4285
L2 transitions,tsi_ztod,15m,347,-2.52,0.02,-3.24,3.48,0.5014,1.27,0.47425,0.4285
L2 transitions,tsi_ztod,30m,342,-3.665,1.165,-2.77,5.16,0.5176,2.415,0.266,0.4285
L2 transitions,tsi_ztod,60m,335,-7.507,5.007,-2.0,12.07,0.5254,6.257,0.08925,0.4285
L2 transitions,tsi_ztod,90m,326,-8.954,6.454,-2.03,15.18,0.5231,7.704,0.08825,0.4285
L2 transitions,tsi5,15m,347,-1.961,-0.539,-4.48,2.89,0.5275,0.711,0.7185,0.4285
L2 transitions,tsi5,30m,342,-3.118,0.618,-3.53,5.0,0.5265,1.868,0.396,0.4285
L2 transitions,tsi5,60m,335,-5.011,2.511,-3.14,8.26,0.5015,3.761,0.22175,0.4285
L2 transitions,tsi5,90m,326,-7.888,5.388,-2.82,13.6,0.5108,6.638,0.127,0.4285
L2 transitions,tsi5_zs,15m,347,-3.383,0.883,-2.15,3.92,0.5304,2.133,0.18575,0.4285
L2 transitions,tsi5_zs,30m,342,-4.044,1.544,-2.52,5.53,0.5235,2.794,0.19625,0.4285
L2 transitions,tsi5_zs,60m,335,-6.301,3.801,-2.27,10.1,0.5075,5.051,0.1275,0.4285
L2 transitions,tsi5_zs,90m,326,-11.81,9.31,2.33,16.81,0.5231,10.56,0.008,0.4285
L2 transitions,tsi5_ztod,15m,347,-2.905,0.405,-2.74,3.78,0.5304,1.655,0.35975,0.4285
L2 transitions,tsi5_ztod,30m,342,-3.154,0.654,-3.48,5.04,0.5324,1.904,0.3895,0.4285
L2 transitions,tsi5_ztod,60m,335,-4.51,2.01,-3.75,7.9,0.5015,3.26,0.29,0.4285
L2 transitions,tsi5_ztod,90m,326,-9.675,7.175,-0.36,15.24,0.5138,8.425,0.04525,0.4285
L2 transitions,slope_asym,15m,340,-0.452,-2.048,-5.14,1.46,0.4734,0.798,0.64825,0.4285
L2 transitions,slope_asym,30m,335,-0.66,-1.84,-5.56,1.99,0.4895,0.59,0.77575,0.4285
L2 transitions,slope_asym,60m,328,-1.505,-0.995,-8.13,6.44,0.497,0.255,0.94025,0.4285
L2 transitions,slope_asym,90m,319,-2.015,-0.485,-7.54,7.15,0.4937,0.765,0.8445,0.4285
L2 transitions,slope_asym_zs,15m,340,-1.654,-0.846,-3.69,2.37,0.5059,0.404,0.80825,0.4285
L2 transitions,slope_asym_zs,30m,335,1.215,-3.715,-7.89,0.09,0.4805,2.465,0.25975,0.4285
L2 transitions,slope_asym_zs,60m,328,1.26,-3.76,-11.33,3.48,0.5091,2.51,0.49325,0.4285
L2 transitions,slope_asym_zs,90m,319,5.3,-7.8,-16.3,0.09,0.4717,6.55,0.1175,0.4285
L2 transitions,slope_asym_ztod,15m,340,-2.785,0.285,-1.97,2.64,0.5237,1.535,0.2245,0.4285
L2 transitions,slope_asym_ztod,30m,335,-0.866,-1.634,-5.29,2.25,0.4895,0.384,0.85075,0.4285
L2 transitions,slope_asym_ztod,60m,328,-4.216,1.716,-5.42,9.36,0.5396,2.966,0.44825,0.4285
L2 transitions,slope_asym_ztod,90m,319,-5.991,3.491,-4.83,11.85,0.522,4.741,0.27575,0.4285
L2 clean transitions,imb3,15m,270,2.421,-4.921,-8.55,-1.45,0.5093,3.671,0.06,0.4285
L2 clean transitions,imb3,30m,265,0.108,-2.608,-7.43,1.64,0.5019,1.358,0.567,0.4285
L2 clean transitions,imb3,60m,259,-5.108,2.608,-4.87,10.1,0.5135,3.858,0.332,0.4285
L2 clean transitions,imb3,90m,253,-4.328,1.828,-7.81,11.49,0.5357,3.078,0.55875,0.4285
L2 clean transitions,imb3_zs,15m,270,3.095,-5.595,-9.29,-2.19,0.513,4.345,0.01775,0.4285
L2 clean transitions,imb3_zs,30m,265,1.751,-4.251,-7.92,-0.72,0.4943,3.001,0.117,0.4285
L2 clean transitions,imb3_zs,60m,259,-1.724,-0.776,-7.65,6.4,0.4981,0.474,0.89975,0.4285
L2 clean transitions,imb3_zs,90m,253,-0.998,-1.502,-11.1,8.5,0.5238,0.252,0.9615,0.4285
L2 clean transitions,imb3_ztod,15m,270,1.74,-4.24,-7.65,-0.9,0.5465,2.99,0.10425,0.4285
L2 clean transitions,imb3_ztod,30m,265,1.421,-3.921,-8.39,0.49,0.5095,2.671,0.25425,0.4285
L2 clean transitions,imb3_ztod,60m,259,-1.782,-0.718,-8.04,6.67,0.4981,0.532,0.904,0.4285
L2 clean transitions,imb3_ztod,90m,253,-1.34,-1.16,-11.06,9.26,0.504,0.09,0.986,0.4285
L2 clean transitions,imb_touch,15m,270,1.351,-3.851,-6.98,-0.68,0.5428,2.601,0.1155,0.4285
L2 clean transitions,imb_touch,30m,265,-0.391,-2.109,-6.21,1.68,0.5095,0.859,0.65975,0.4285
L2 clean transitions,imb_touch,60m,259,-1.16,-1.34,-10.1,7.02,0.5058,0.09,0.98225,0.4285
L2 clean transitions,imb_touch,90m,253,-1.486,-1.014,-12.92,11.4,0.5357,0.236,0.97175,0.4285
L2 clean transitions,imb_touch_zs,15m,270,1.827,-4.327,-7.59,-0.88,0.5353,3.077,0.089,0.4285
L2 clean transitions,imb_touch_zs,30m,265,1.557,-4.057,-8.28,-0.01,0.4867,2.807,0.20125,0.4285
L2 clean transitions,imb_touch_zs,60m,259,-0.004,-2.496,-11.34,6.12,0.5058,1.246,0.79075,0.4285
L2 clean transitions,imb_touch_zs,90m,253,-2.433,-0.067,-12.13,12.35,0.5357,1.183,0.84425,0.4285
L2 clean transitions,imb_touch_ztod,15m,270,-2.544,0.044,-3.58,4.13,0.5688,1.294,0.53875,0.4285
L2 clean transitions,imb_touch_ztod,30m,265,-4.149,1.649,-2.82,6.12,0.5361,2.899,0.2035,0.4285
L2 clean transitions,imb_touch_ztod,60m,259,-4.469,1.969,-6.38,10.6,0.5019,3.219,0.446,0.4285
L2 clean transitions,imb_touch_ztod,90m,253,-6.875,4.375,-6.81,15.8,0.5317,5.625,0.35025,0.4285
L2 clean transitions,imb3_L,15m,270,-3.165,0.665,-2.44,4.05,0.4981,1.915,0.26075,0.4285
L2 clean transitions,imb3_L,30m,265,-4.443,1.943,-3.13,7.22,0.5209,3.193,0.2285,0.4285
L2 clean transitions,imb3_L,60m,259,-6.108,3.608,-3.67,11.7,0.5251,4.858,0.23375,0.4285
L2 clean transitions,imb3_L,90m,253,-12.657,10.157,0.39,20.01,0.5238,11.407,0.03275,0.4285
L2 clean transitions,imb3_L_zs,15m,270,-3.782,1.282,-2.0,4.93,0.5204,2.532,0.17225,0.4285
L2 clean transitions,imb3_L_zs,30m,265,-5.072,2.572,-2.52,7.71,0.5437,3.822,0.1515,0.4285
L2 clean transitions,imb3_L_zs,60m,259,-6.382,3.882,-3.69,12.12,0.5444,5.132,0.2205,0.4285
L2 clean transitions,imb3_L_zs,90m,253,-12.708,10.208,0.14,20.32,0.5397,11.458,0.037,0.4285
L2 clean transitions,imb3_L_ztod,15m,270,-3.406,0.906,-2.33,4.3,0.5204,2.156,0.2305,0.4285
L2 clean transitions,imb3_L_ztod,30m,265,-4.753,2.253,-2.78,7.47,0.5323,3.503,0.18375,0.4285
L2 clean transitions,imb3_L_ztod,60m,259,-4.531,2.031,-6.05,10.51,0.529,3.281,0.44075,0.4285
L2 clean transitions,imb3_L_ztod,90m,253,-11.101,8.601,-0.41,18.19,0.5278,9.851,0.0585,0.4285
L2 clean transitions,imbT_L,15m,270,-1.064,-1.436,-4.26,1.68,0.4164,0.186,0.90125,0.4285
L2 clean transitions,imbT_L,30m,265,-1.767,-0.733,-5.03,3.91,0.4411,0.517,0.81975,0.4285
L2 clean transitions,imbT_L,60m,259,-5.875,3.375,-3.85,11.24,0.4672,4.625,0.24625,0.4285
L2 clean transitions,imbT_L,90m,253,-10.419,7.919,-2.22,18.53,0.4444,9.169,0.08475,0.4285
L2 clean transitions,imbT_L_zs,15m,270,-0.703,-1.797,-4.84,1.67,0.4907,0.547,0.7445,0.4285
L2 clean transitions,imbT_L_zs,30m,265,-1.566,-0.934,-5.34,3.8,0.5019,0.316,0.89975,0.4285
L2 clean transitions,imbT_L_zs,60m,259,-6.365,3.865,-4.56,13.04,0.5598,5.115,0.27175,0.4285
L2 clean transitions,imbT_L_zs,90m,253,-9.84,7.34,-3.46,18.98,0.5198,8.59,0.13475,0.4285
L2 clean transitions,imbT_L_ztod,15m,270,0.09,-2.59,-5.71,0.53,0.4647,1.34,0.415,0.4285
L2 clean transitions,imbT_L_ztod,30m,265,-0.768,-1.732,-6.1,2.78,0.4981,0.482,0.84025,0.4285
L2 clean transitions,imbT_L_ztod,60m,259,-6.1,3.6,-3.81,11.83,0.5444,4.85,0.247,0.4285
L2 clean transitions,imbT_L_ztod,90m,253,-10.37,7.87,-2.56,18.46,0.5278,9.12,0.10475,0.4285
L2 clean transitions,imb3_5,15m,270,-5.025,2.525,-0.6,5.54,0.5465,3.775,0.02625,0.4285
L2 clean transitions,imb3_5,30m,265,-1.472,-1.028,-4.12,2.33,0.5019,0.222,0.90775,0.4285
L2 clean transitions,imb3_5,60m,259,-1.663,-0.837,-8.1,5.97,0.4903,0.413,0.91225,0.4285
L2 clean transitions,imb3_5,90m,253,-8.161,5.661,-3.46,14.63,0.5159,6.911,0.1455,0.4285
L2 clean transitions,imb3_5_zs,15m,270,-3.962,1.462,-1.92,4.72,0.5502,2.712,0.12575,0.4285
L2 clean transitions,imb3_5_zs,30m,265,-0.379,-2.121,-6.36,1.92,0.5095,0.871,0.69275,0.4285
L2 clean transitions,imb3_5_zs,60m,259,-0.413,-2.087,-9.6,5.59,0.4942,0.837,0.8415,0.4285
L2 clean transitions,imb3_5_zs,90m,253,-6.156,3.656,-5.94,13.36,0.5079,4.906,0.3125,0.4285
L2 clean transitions,imb3_5_ztod,15m,270,-5.236,2.736,-0.51,5.91,0.5651,3.986,0.02275,0.4285
L2 clean transitions,imb3_5_ztod,30m,265,-2.574,0.074,-3.19,3.35,0.5209,1.324,0.43525,0.4285
L2 clean transitions,imb3_5_ztod,60m,259,-3.338,0.838,-5.54,7.45,0.5212,2.088,0.52425,0.4285
L2 clean transitions,imb3_5_ztod,90m,253,-10.478,7.978,0.44,15.82,0.5357,9.228,0.0255,0.4285
L2 clean transitions,ofi_n,15m,270,-6.305,3.805,0.49,7.08,0.5576,5.055,0.00725,0.4285
L2 clean transitions,ofi_n,30m,265,-7.694,5.194,0.34,10.46,0.5817,6.444,0.0165,0.4285
L2 clean transitions,ofi_n,60m,259,-0.888,-1.612,-10.12,7.46,0.5174,0.362,0.93675,0.4285
L2 clean transitions,ofi_n,90m,253,0.757,-3.257,-13.95,8.21,0.5437,2.007,0.716,0.4285
L2 clean transitions,ofi_n_zs,15m,270,-5.529,3.029,-0.77,6.61,0.539,4.279,0.027,0.4285
L2 clean transitions,ofi_n_zs,30m,265,-5.777,3.277,-1.22,8.12,0.5589,4.527,0.07875,0.4285
L2 clean transitions,ofi_n_zs,60m,259,0.51,-3.01,-11.33,6.2,0.5019,1.76,0.69975,0.4285
L2 clean transitions,ofi_n_zs,90m,253,3.664,-6.164,-17.12,5.62,0.5198,4.914,0.385,0.4285
L2 clean transitions,ofi_n_ztod,15m,270,-5.416,2.916,-0.77,6.54,0.539,4.166,0.0345,0.4285
L2 clean transitions,ofi_n_ztod,30m,265,-6.783,4.283,-0.63,9.65,0.5513,5.533,0.04025,0.4285
L2 clean transitions,ofi_n_ztod,60m,259,0.902,-3.402,-11.72,5.27,0.4903,2.152,0.622,0.4285
L2 clean transitions,ofi_n_ztod,90m,253,3.435,-5.935,-16.6,4.81,0.5,4.685,0.406,0.4285
L2 clean transitions,ofi5_n,15m,270,-4.882,2.382,-1.11,6.39,0.5316,3.632,0.05375,0.4285
L2 clean transitions,ofi5_n,30m,265,-5.857,3.357,-1.53,8.68,0.5361,4.607,0.08325,0.4285
L2 clean transitions,ofi5_n,60m,259,-6.977,4.477,-4.09,13.44,0.5097,5.727,0.206,0.4285
L2 clean transitions,ofi5_n,90m,253,-6.036,3.536,-4.82,12.4,0.5159,4.786,0.28525,0.4285
L2 clean transitions,ofi5_n_zs,15m,270,-4.825,2.325,-1.05,6.26,0.5279,3.575,0.0615,0.4285
L2 clean transitions,ofi5_n_zs,30m,265,-5.113,2.613,-2.33,7.83,0.5171,3.863,0.1435,0.4285
L2 clean transitions,ofi5_n_zs,60m,259,-7.251,4.751,-4.4,14.26,0.5174,6.001,0.208,0.4285
L2 clean transitions,ofi5_n_zs,90m,253,-7.48,4.98,-4.97,15.17,0.5159,6.23,0.2175,0.4285
L2 clean transitions,ofi5_n_ztod,15m,270,-5.395,2.895,-0.47,6.63,0.5316,4.145,0.02475,0.4285
L2 clean transitions,ofi5_n_ztod,30m,265,-6.223,3.723,-1.15,8.98,0.5209,4.973,0.0555,0.4285
L2 clean transitions,ofi5_n_ztod,60m,259,-4.838,2.338,-6.6,11.26,0.5019,3.588,0.43725,0.4285
L2 clean transitions,ofi5_n_ztod,90m,253,-7.437,4.937,-4.6,14.81,0.5317,6.187,0.22675,0.4285
L2 clean transitions,tsi,15m,277,-4.602,2.102,-1.08,5.38,0.529,3.352,0.057,0.4285
L2 clean transitions,tsi,30m,272,-6.93,4.43,0.69,8.12,0.5407,5.68,0.00725,0.4285
L2 clean transitions,tsi,60m,266,-10.732,8.232,1.32,15.09,0.5263,9.482,0.01475,0.4285
L2 clean transitions,tsi,90m,260,-10.125,7.625,-1.92,16.49,0.5058,8.875,0.0725,0.4285
L2 clean transitions,tsi_zs,15m,277,-4.55,2.05,-1.56,5.88,0.529,3.3,0.088,0.4285
L2 clean transitions,tsi_zs,30m,272,-5.695,3.195,-0.69,7.25,0.537,4.445,0.0335,0.4285
L2 clean transitions,tsi_zs,60m,266,-8.828,6.328,-0.34,13.24,0.515,7.578,0.04325,0.4285
L2 clean transitions,tsi_zs,90m,260,-9.302,6.802,-2.62,16.08,0.5135,8.052,0.112,0.4285
L2 clean transitions,tsi_ztod,15m,277,-3.949,1.449,-2.06,5.05,0.5254,2.699,0.16875,0.4285
L2 clean transitions,tsi_ztod,30m,272,-5.761,3.261,-0.32,7.17,0.5296,4.511,0.024,0.4285
L2 clean transitions,tsi_ztod,60m,266,-9.839,7.339,0.43,14.32,0.5338,8.589,0.02875,0.4285
L2 clean transitions,tsi_ztod,90m,260,-11.681,9.181,0.41,18.56,0.5328,10.431,0.03225,0.4285
L2 clean transitions,tsi5,15m,277,-0.782,-1.718,-5.49,2.02,0.5181,0.468,0.80125,0.4285
L2 clean transitions,tsi5,30m,272,-0.513,-1.987,-6.28,2.38,0.5,0.737,0.7375,0.4285
L2 clean transitions,tsi5,60m,266,-2.326,-0.174,-6.75,6.93,0.485,1.076,0.75225,0.4285
L2 clean transitions,tsi5,90m,260,-4.69,2.19,-7.51,11.79,0.4981,3.44,0.49425,0.4285
L2 clean transitions,tsi5_zs,15m,277,-2.252,-0.248,-3.6,3.15,0.5217,1.002,0.58575,0.4285
L2 clean transitions,tsi5_zs,30m,272,-1.057,-1.443,-5.72,3.1,0.4963,0.193,0.9325,0.4285
L2 clean transitions,tsi5_zs,60m,266,-3.001,0.501,-6.25,7.52,0.4925,1.751,0.621,0.4285
L2 clean transitions,tsi5_zs,90m,260,-8.087,5.587,-2.49,14.66,0.5135,6.837,0.1375,0.4285
L2 clean transitions,tsi5_ztod,15m,277,-1.965,-0.535,-4.5,3.79,0.5217,0.715,0.76875,0.4285
L2 clean transitions,tsi5_ztod,30m,272,-0.544,-1.956,-6.92,2.77,0.5037,0.706,0.774,0.4285
L2 clean transitions,tsi5_ztod,60m,266,-1.725,-0.775,-7.1,5.81,0.4887,0.475,0.89475,0.4285
L2 clean transitions,tsi5_ztod,90m,260,-6.892,4.392,-3.98,13.27,0.4981,5.642,0.21775,0.4285
L2 clean transitions,slope_asym,15m,270,0.036,-2.536,-5.79,0.76,0.4684,1.286,0.4695,0.4285
L2 clean transitions,slope_asym,30m,265,-0.519,-1.981,-6.66,2.75,0.4981,0.731,0.778,0.4285
L2 clean transitions,slope_asym,60m,259,-0.143,-2.357,-10.37,6.1,0.4942,1.107,0.793,0.4285
L2 clean transitions,slope_asym,90m,253,0.3,-2.8,-9.66,4.29,0.4683,1.55,0.662,0.4285
L2 clean transitions,slope_asym_zs,15m,270,-1.71,-0.79,-4.13,2.52,0.5019,0.46,0.8005,0.4285
L2 clean transitions,slope_asym_zs,30m,265,0.445,-2.945,-7.17,1.37,0.4943,1.695,0.452,0.4285
L2 clean transitions,slope_asym_zs,60m,259,1.94,-4.44,-13.86,4.55,0.5174,3.19,0.4855,0.4285
L2 clean transitions,slope_asym_zs,90m,253,5.791,-8.291,-18.65,1.29,0.4484,7.041,0.163,0.4285
L2 clean transitions,slope_asym_ztod,15m,270,-3.279,0.779,-2.33,4.14,0.5167,2.029,0.23625,0.4285
L2 clean transitions,slope_asym_ztod,30m,265,-0.375,-2.125,-6.37,2.43,0.4905,0.875,0.7095,0.4285
L2 clean transitions,slope_asym_ztod,60m,259,-1.583,-0.917,-10.0,8.79,0.5251,0.333,0.941,0.4285
L2 clean transitions,slope_asym_ztod,90m,253,-1.494,-1.006,-10.92,8.56,0.4841,0.244,0.9595,0.4285
