feature,horizon,depth_tercile,n,r,t_per_obs,hit,hit_lo,hit_hi,dayblock_sig
imb3,+5min,1 THIN (withdrawn),13615,-0.0007,-0.08,0.498,0.4877,0.5093,False
imb3,+5min,2 normal,13692,0.0078,0.91,0.4993,0.491,0.507,False
imb3,+5min,3 THICK,13707,-0.0111,-1.3,0.5006,0.4914,0.5094,False
imb3,+15min,1 THIN (withdrawn),13482,-0.004,-0.47,0.4938,0.4795,0.5099,False
imb3,+15min,2 normal,13641,0.0037,0.44,0.4984,0.4881,0.5081,False
imb3,+15min,3 THICK,13571,-0.0042,-0.49,0.4989,0.4901,0.5076,False
imb3,+60min,1 THIN (withdrawn),12841,0.0008,0.09,0.4991,0.4858,0.5125,False
imb3,+60min,2 normal,13422,-0.0012,-0.14,0.4932,0.4805,0.506,False
imb3,+60min,3 THICK,12991,-0.0045,-0.51,0.4953,0.4757,0.5176,False
imb3_L,+5min,1 THIN (withdrawn),13615,0.0006,0.07,0.5029,0.4948,0.513,False
imb3_L,+5min,2 normal,13692,-0.0012,-0.14,0.5032,0.4974,0.5097,False
imb3_L,+5min,3 THICK,13707,0.0029,0.34,0.5001,0.4933,0.5069,False
imb3_L,+15min,1 THIN (withdrawn),13482,-0.0082,-0.95,0.4943,0.4864,0.5029,False
imb3_L,+15min,2 normal,13641,-0.0009,-0.11,0.5046,0.4965,0.5128,False
imb3_L,+15min,3 THICK,13571,0.004,0.47,0.4985,0.4915,0.505,False
imb3_L,+60min,1 THIN (withdrawn),12841,0.0003,0.03,0.4978,0.4902,0.5046,False
imb3_L,+60min,2 normal,13422,-0.0067,-0.78,0.4994,0.4901,0.5088,False
imb3_L,+60min,3 THICK,12991,-0.0162,-1.85,0.4863,0.4767,0.4957,True
imbT,+5min,1 THIN (withdrawn),13615,0.0004,0.05,0.4976,0.4876,0.5078,False
imbT,+5min,2 normal,13692,0.0015,0.17,0.5036,0.4969,0.5103,False
imbT,+5min,3 THICK,13707,-0.0044,-0.51,0.5005,0.4935,0.5085,False
imbT,+15min,1 THIN (withdrawn),13482,-0.0025,-0.29,0.499,0.4886,0.5119,False
imbT,+15min,2 normal,13641,0.0022,0.26,0.4992,0.4901,0.5089,False
imbT,+15min,3 THICK,13571,-0.0039,-0.46,0.491,0.4834,0.4983,True
imbT,+60min,1 THIN (withdrawn),12841,-0.0037,-0.42,0.4981,0.4873,0.5095,False
imbT,+60min,2 normal,13422,-0.0029,-0.33,0.4968,0.4864,0.5071,False
imbT,+60min,3 THICK,12991,-0.0066,-0.76,0.4963,0.4849,0.5095,False
ofi_n,+5min,1 THIN (withdrawn),13615,-0.0146,-1.71,0.4948,0.4872,0.5017,False
ofi_n,+5min,2 normal,13692,-0.023,-2.69,0.4978,0.4893,0.5061,False
ofi_n,+5min,3 THICK,13707,-0.0061,-0.72,0.4939,0.4833,0.503,False
ofi_n,+15min,1 THIN (withdrawn),13482,-0.0094,-1.09,0.4974,0.4879,0.5072,False
ofi_n,+15min,2 normal,13641,-0.0108,-1.26,0.5015,0.4944,0.509,False
ofi_n,+15min,3 THICK,13571,0.009,1.04,0.5018,0.4911,0.5109,False
ofi_n,+60min,1 THIN (withdrawn),12841,-0.008,-0.91,0.4958,0.4827,0.5083,False
ofi_n,+60min,2 normal,13422,-0.0007,-0.08,0.4982,0.4897,0.5072,False
ofi_n,+60min,3 THICK,12991,0.0088,1.01,0.4981,0.4885,0.5087,False
tsi,+5min,1 THIN (withdrawn),13347,-0.0155,-1.79,0.4898,0.48,0.4985,True
tsi,+5min,2 normal,13552,0.0058,0.67,0.5064,0.499,0.5143,False
tsi,+5min,3 THICK,13635,0.0082,0.95,0.5006,0.4907,0.5104,False
tsi,+15min,1 THIN (withdrawn),13214,-0.0168,-1.93,0.4945,0.4862,0.5028,False
tsi,+15min,2 normal,13501,0.0047,0.54,0.5062,0.4965,0.5158,False
tsi,+15min,3 THICK,13499,0.0079,0.92,0.4993,0.4924,0.5056,False
tsi,+60min,1 THIN (withdrawn),12573,-0.0059,-0.66,0.5034,0.4962,0.5109,False
tsi,+60min,2 normal,13282,0.0038,0.44,0.5049,0.4962,0.5134,False
tsi,+60min,3 THICK,12919,0.003,0.34,0.4968,0.4905,0.5037,False
