arm,period,n,mean_pt,net_pt,sd,t,usd_yr,ci_lo_usd,ci_hi_usd
HOLD24,ALL,151,34.688741721854306,33.438741721854306,376.45408304210605,1.0915066566008496,16853.12582781457,-49.03021523178808,175.07144039735084
HOLD24,P1,51,-3.6519607843137254,-4.901960784313726,288.7133746401064,-0.12125175061369421,-2470.588235294118,,
HOLD24,P2,50,122.74,121.49,361.7636432415902,2.374655509232151,61230.96,,
HOLD24,P3,50,-14.255,-15.505,453.88821190141215,-0.24155046010930142,-7814.52,,
ONITE,ALL,151,40.31456953642384,39.06456953642384,260.10567798425086,1.845532442189529,19688.543046357616,15.864238410596027,147.0238410596026
ONITE,P1,51,46.97549019607843,45.72549019607843,179.25216354971815,1.8217092007637603,23045.64705882353,,
ONITE,P2,50,39.755,38.505,235.23277382765576,1.1574554925554759,19406.52,,
ONITE,P3,50,34.08,32.83,344.81782546020156,0.6732342098431835,16546.32,,
INTRA,ALL,151,5.58112582781457,4.33112582781457,255.84979895384726,0.20801957015895292,2182.8874172185433,-72.80264900662252,89.5172185430463
INTRA,P1,51,-34.55882352941177,-35.80882352941177,218.703798482304,-1.1692807903668254,-18047.64705882353,,
INTRA,P2,50,86.465,85.215,229.81459369345933,2.6219442112185836,42948.36,,
INTRA,P3,50,-34.36,-35.61,297.9635308461183,-0.845072294805671,-17947.44,,
EUONLY,ALL,151,14.183774834437086,12.933774834437086,136.67331701904715,1.1628669696796643,6518.622516556292,-9.003476821192052,58.08981788079466
EUONLY,P1,51,18.730392156862745,17.480392156862745,140.03227166565262,0.8914728584076583,8810.117647058823,,
EUONLY,P2,50,15.44,14.19,126.52451524974784,0.7930356583648012,7151.759999999999,,
EUONLY,P3,50,8.29,7.04,145.27969470603094,0.3426515831841601,3548.16,,
