HOLD24,ONITE,INTRA,EUONLY,sess
192.0,49.25,106.75,40.75,2025-09-15
0.75,2.5,-56.75,-6.25,2025-09-16
-27.25,165.5,-41.5,2.5,2025-09-17
212.0,68.0,45.25,32.0,2025-09-18
135.5,-32.25,91.5,91.75,2025-09-19
136.0,5.75,160.75,9.5,2025-09-22
-158.5,35.25,-161.0,-10.25,2025-09-23
-103.5,-205.0,-122.25,-18.75,2025-09-24
-115.75,-31.0,96.0,-190.5,2025-09-25
83.5,124.5,123.75,-41.75,2025-09-26
77.75,-33.0,-15.0,13.25,2025-09-29
20.5,-135.0,74.5,-5.5,2025-09-30
152.5,143.5,251.75,89.5,2025-10-01
97.0,6.5,-21.0,87.0,2025-10-02
-119.75,193.5,-123.25,-57.5,2025-10-03
164.5,49.5,-17.0,104.5,2025-10-06
-140.0,34.0,-172.0,67.0,2025-10-07
289.5,-1.75,230.0,44.5,2025-10-08
-59.5,25.5,-31.0,-20.75,2025-10-09
-1111.75,416.75,-910.75,-0.5,2025-10-10
178.25,-308.5,93.25,-36.25,2025-10-13
-159.75,198.0,171.25,-76.5,2025-10-14
126.75,130.25,-34.5,79.5,2025-10-15
-155.25,-136.25,-229.25,38.75,2025-10-16
215.5,190.5,277.5,120.25,2025-10-17
256.75,-14.25,128.0,66.75,2025-10-20
-58.25,-74.0,3.0,10.25,2025-10-21
-237.0,-20.75,-170.5,-94.25,2025-10-22
263.75,185.0,227.0,-81.0,2025-10-23
213.75,339.75,70.75,79.75,2025-10-24
292.25,106.5,116.0,64.0,2025-10-27
174.0,114.25,84.75,109.75,2025-10-28
49.75,-229.75,47.5,-12.25,2025-10-29
-23.25,277.75,-186.25,-142.25,2025-10-30
-185.75,173.5,-193.0,16.5,2025-10-31
632.5,28.75,506.5,253.5,2026-03-09
75.0,87.5,-50.0,100.25,2026-03-10
-46.5,-192.5,-111.0,38.75,2026-03-11
-352.25,105.5,-219.5,-39.25,2026-03-12
-204.75,476.75,-281.0,189.25,2026-03-13
486.5,116.75,22.25,83.0,2026-03-16
171.5,-98.0,19.75,254.25,2026-03-17
-405.5,-286.75,-263.75,-259.25,2026-03-18
5.75,-166.75,218.5,-216.75,2026-03-19
-420.5,339.5,-293.25,-78.5,2026-03-20
461.5,-117.75,-89.25,617.25,2026-03-23
-2.75,231.0,-40.25,-124.75,2026-03-24
-61.25,-280.75,-66.75,85.0,2026-03-25
-529.75,-146.25,-314.75,-183.75,2026-03-26
-588.0,193.75,-354.25,-251.75,2026-03-27
-84.75,291.0,-360.0,114.5,2026-03-30
770.25,164.75,502.0,140.75,2026-03-31
274.5,-408.25,119.25,-89.25,2026-04-01
35.75,-86.25,424.25,-22.0,2026-04-02
-66.25,197.75,0.0,-16.75,2026-04-03
304.25,-113.75,35.75,75.0,2026-04-06
36.75,823.0,109.5,15.5,2026-04-07
453.0,-5.75,-103.5,27.0,2026-04-08
193.0,83.75,167.0,28.0,2026-04-09
103.75,-50.0,-47.25,91.5,2026-04-10
594.75,150.75,309.75,104.5,2026-04-13
411.5,30.25,300.0,105.25,2026-04-14
371.75,51.25,324.5,31.75,2026-04-15
117.0,218.25,75.5,-79.25,2026-04-16
379.75,-30.0,141.5,223.25,2026-04-17
205.5,31.0,-59.25,103.75,2026-04-20
-69.75,247.5,-151.5,-73.0,2026-04-21
369.0,-77.75,203.25,28.5,2026-04-22
-140.25,272.5,-78.75,8.0,2026-04-23
424.5,-55.0,246.75,105.25,2026-04-24
36.75,-339.0,50.75,-48.0,2026-04-27
-253.5,-3.0,66.25,-243.0,2026-04-28
-74.25,89.25,192.0,-119.25,2026-04-29
334.75,73.25,156.75,160.0,2026-04-30
158.0,10.0,165.0,64.75,2026-05-01
-147.0,241.5,-78.75,-43.25,2026-05-04
429.25,215.5,129.5,118.5,2026-05-05
456.0,28.75,356.5,19.0,2026-05-06
-26.25,227.75,-71.25,-6.25,2026-05-07
739.0,8.0,444.5,69.0,2026-05-08
142.75,-257.5,80.0,27.75,2026-05-11
-290.0,109.75,-13.5,-46.5,2026-05-12
384.75,-1.25,213.0,-52.5,2026-05-13
154.0,-432.75,218.0,-139.0,2026-05-14
-534.25,156.0,-82.0,-149.75,2026-05-15
-132.75,-182.0,-238.0,212.5,2026-05-18
-200.75,195.75,-4.25,-103.0,2026-05-19
347.25,-169.25,267.75,71.75,2026-05-20
207.0,158.0,258.0,-86.75,2026-05-21
38.5,392.0,-62.5,72.25,2026-05-22
195.5,-78.5,15.25,-16.0,2026-05-25
106.75,71.0,184.75,67.5,2026-05-26
58.25,52.75,-98.75,53.25,2026-05-27
178.25,88.0,203.5,168.0,2026-05-28
51.25,-82.25,14.75,44.25,2026-05-29
121.75,-55.75,241.0,-262.0,2026-06-01
240.75,61.25,202.75,-14.75,2026-06-02
-225.75,-392.75,-131.75,69.0,2026-06-03
-84.5,-464.25,241.5,-278.75,2026-06-04
-1576.75,536.5,-989.75,-91.5,2026-06-05
533.5,287.0,-126.5,447.0,2026-06-08
-302.75,-199.75,-607.5,78.5,2026-06-09
-586.5,273.0,-418.25,-54.5,2026-06-10
1027.25,6.0,651.5,-29.5,2026-06-11
191.75,1012.75,222.25,86.75,2026-06-12
508.0,-75.5,215.0,140.75,2026-06-15
-553.75,161.5,-489.5,-28.25,2026-06-16
-206.0,512.5,-418.0,-68.75,2026-06-17
615.5,-29.5,120.75,156.25,2026-06-18
-98.75,241.75,-13.75,102.75,2026-06-19
80.25,-998.0,-235.5,157.25,2026-06-22
-944.0,10.5,-16.75,-307.5,2026-06-23
343.75,577.25,-107.5,-167.75,2026-06-24
-382.75,-497.5,-289.25,7.0,2026-06-25
-417.0,229.5,57.25,-163.75,2026-06-26
601.0,76.75,387.0,11.25,2026-06-29
523.25,-283.5,436.75,-39.25,2026-06-30
-441.25,31.75,-193.25,-137.0,2026-07-01
-545.5,400.5,-539.0,165.75,2026-07-02
334.75,-48.25,-36.0,92.75,2026-07-03
28.5,-313.75,93.75,15.0,2026-07-06
-541.5,-156.0,-227.0,-43.75,2026-07-07
31.0,253.25,190.0,-53.75,2026-07-08
500.5,-76.5,256.0,74.0,2026-07-09
138.0,-335.25,173.5,68.5,2026-07-10
-523.0,303.75,-248.0,102.5,2026-07-13
327.0,168.0,16.25,212.5,2026-07-14
-78.0,-202.75,-246.0,-62.75,2026-07-15
-551.75,-577.25,-283.5,-144.25,2026-07-16
-428.5,314.5,100.0,-94.25,2026-07-17
-29.5,361.5,-234.5,244.75,2026-07-20
517.5,-178.5,114.5,40.5,2026-07-21
-125.5,-516.75,81.75,19.75,2026-07-22
-354.25,-147.25,-8.75,-365.25,2026-07-23
-354.25,293.75,-243.75,-24.0,2026-07-24
-401.25,-261.75,-375.5,-134.25,2026-07-27
-239.75,-82.5,9.0,-12.75,2026-07-28
-707.5,533.75,-544.5,-54.0,2026-07-29
1020.25,378.0,362.75,377.5,2026-07-30
-109.25,-52.75,-190.5,134.25,2026-07-31
328.25,424.5,522.75,-238.25,2026-08-03
881.5,100.25,560.5,226.5,2026-08-04
-194.5,-269.0,-367.75,-7.25,2026-08-05
-80.5,195.75,207.0,-192.75,2026-08-06
325.0,-15.25,108.25,178.25,2026-08-07
-107.75,28.75,-73.5,-96.75,2026-08-10
-133.5,333.25,-137.5,16.25,2026-08-11
151.25,30.25,-111.5,226.5,2026-08-12
400.75,42.5,312.75,3.5,2026-08-13
-54.0,102.75,-98.25,64.75,2026-08-14
-95.25,-377.0,-162.5,-69.25,2026-08-17
