tdate,1 ASIA  18:00-02:00 ET,2 EU    02:00-09:30 ET,3 US    09:30-16:00 ET  <- the desk's window,4 LATE  16:00-17:00 ET
2025-09-15,26.5,39.5,134.75,-15.0
2025-09-16,58.25,-6.0,-64.0,6.5
2025-09-17,-13.25,3.0,-45.75,25.75
2025-09-18,111.75,64.75,19.0,15.25
2025-09-19,-17.0,61.0,91.75,1.5
2025-09-22,-16.75,-26.0,184.0,-2.25
2025-09-23,7.75,3.5,-170.0,3.75
2025-09-24,11.0,23.5,-144.75,8.0
2025-09-25,2.5,-176.0,54.75,3.5
2025-09-26,-17.75,38.5,71.5,1.75
2025-09-29,96.5,25.25,-14.0,-25.5
2025-09-30,15.25,-15.25,77.0,-59.25
2025-10-01,-89.0,2.75,247.75,-2.5
2025-10-02,63.75,96.0,-56.75,-2.75
2025-10-03,74.5,-38.25,-136.5,-14.75
2025-10-06,66.5,126.25,-30.25,0.0
2025-10-07,-19.75,65.5,-192.25,10.0
2025-10-08,-8.5,22.0,249.25,25.0
2025-10-09,9.0,-26.5,-34.25,-7.25
2025-10-10,34.25,-20.0,-910.75,-214.25
2025-10-13,99.5,-12.0,96.5,-16.25
2025-10-14,-206.25,-68.25,118.5,-0.75
2025-10-15,93.5,116.5,-77.0,17.25
2025-10-16,7.75,92.5,-214.25,-37.5
2025-10-17,-158.25,75.75,251.5,44.75
2025-10-20,33.75,5.5,182.0,26.0
2025-10-21,-27.5,4.0,-9.5,-26.25
2025-10-22,28.0,-42.0,-225.0,-0.25
2025-10-23,88.5,-74.75,236.0,25.0
2025-10-24,55.75,120.25,41.25,2.25
2025-10-27,57.0,33.25,145.25,43.25
2025-10-28,-32.75,90.0,109.0,12.0
2025-10-29,83.25,5.0,15.5,-57.5
2025-10-30,95.25,-156.0,-253.5,277.25
2025-10-31,-13.25,33.25,-205.0,-9.75
2025-11-03,16.5,187.75,-125.5,-0.75
2025-11-04,-318.0,-34.5,-162.0,-4.0
2025-11-05,-30.5,13.25,198.75,-12.0
2025-11-06,-71.75,-8.25,-414.75,51.75
2025-11-07,40.5,-215.25,54.5,62.75
2025-11-10,115.25,68.0,174.75,7.75
2025-11-11,-38.0,-79.25,42.0,12.0
2025-11-12,101.75,7.0,-153.0,0.25
2025-11-13,92.0,-233.25,-378.25,-12.0
2025-11-14,-46.5,-347.0,383.0,42.0
2025-11-17,151.75,-240.5,-110.0,18.0
2025-11-18,-254.25,57.75,-132.75,-53.25
2025-11-19,2.25,57.5,113.5,234.25
2025-11-20,196.0,34.25,-1072.5,-62.25
2025-11-21,65.5,27.5,110.75,35.75
2025-11-24,-33.0,46.25,412.75,27.25
2025-11-25,-69.5,-45.0,222.5,-14.75
2025-11-26,140.25,10.25,75.75,17.75
2025-11-27,-29.75,-1.5,-1.25,
2025-11-28,32.25,14.0,125.75,
2025-12-01,-247.5,-13.75,147.0,-1.5
2025-12-02,-49.25,123.25,108.0,6.5
2025-12-03,32.5,-162.75,162.75,-11.75
2025-12-04,4.75,56.75,-84.25,5.0
2025-12-05,73.75,-33.0,46.5,9.0
2025-12-08,37.0,1.25,-123.0,38.25
2025-12-09,-20.5,-65.25,84.75,-26.5
2025-12-10,18.5,-56.75,153.0,0.0
2025-12-11,-278.75,134.75,70.75,120.25
2025-12-12,-33.5,-120.0,-350.0,-6.75
2025-12-15,31.0,135.0,-323.5,18.0
2025-12-16,25.5,98.5,141.75,-51.75
2025-12-17,54.0,28.25,-529.25,59.25
2025-12-18,-3.25,296.5,-27.5,-33.0
2025-12-19,51.75,64.0,218.5,17.0
2025-12-22,31.0,90.25,-92.0,12.0
2025-12-23,-40.0,-23.5,166.75,0.5
2025-12-24,-14.5,2.5,66.5,
2025-12-26,-2.5,27.5,-33.0,-9.25
2025-12-29,-57.75,-108.5,34.25,3.25
2025-12-30,-14.5,-34.25,-14.0,-1.25
2025-12-31,-91.75,82.5,-223.5,-20.5
2026-01-02,160.5,49.25,-301.25,8.5
2026-01-05,66.5,136.75,-56.0,-8.5
2026-01-06,77.5,-32.75,177.25,17.75
2026-01-07,-65.75,22.0,43.5,2.25
2026-01-08,-139.0,80.5,-102.75,28.75
2026-01-09,-27.5,23.0,218.75,-1.25
2026-01-12,-187.5,28.0,206.5,-9.25
2026-01-13,-23.75,34.0,-45.75,-5.75
2026-01-14,-51.25,-119.5,-103.5,-26.25
2026-01-15,115.5,223.5,-206.0,-12.5
2026-01-16,102.5,44.5,-183.0,-3.25
2026-01-19,-68.75,-92.0,105.0,
2026-01-20,-92.5,-68.75,-100.25,1.25
2026-01-21,43.25,0.5,274.5,37.75
2026-01-22,-7.75,190.25,-69.25,-30.75
2026-01-23,125.25,-98.75,127.75,-55.75
2026-01-26,195.5,79.75,95.5,17.5
2026-01-27,154.25,-19.25,93.25,34.0
2026-01-28,169.5,-49.5,-102.0,117.5
2026-01-29,-34.25,-114.0,-140.0,-10.25
2026-01-30,-246.5,83.0,-157.5,-38.0
2026-02-02,-290.75,309.5,313.5,16.75
2026-02-03,107.25,-58.0,-488.0,-24.5
2026-02-04,87.0,-85.0,-387.5,120.25
2026-02-05,5.5,-301.25,-131.75,-213.25
2026-02-06,102.75,213.0,387.25,-39.75
2026-02-09,-15.0,-109.75,281.25,23.0
2026-02-10,-72.5,62.5,-156.5,38.5
2026-02-11,-2.5,149.5,-140.5,-0.5
2026-02-12,51.0,26.75,-583.0,58.0
2026-02-13,-110.5,28.5,60.75,-30.25
2026-02-16,-4.0,-60.75,-17.0,
2026-02-17,-131.25,29.25,117.25,-5.5
2026-02-18,60.75,-14.5,148.5,-21.0
2026-02-19,63.5,-185.5,29.5,-26.5
2026-02-20,111.5,-228.0,358.5,4.75
2026-02-23,-175.75,113.5,-213.25,18.5
2026-02-24,48.75,-33.5,225.5,-13.0
2026-02-25,29.5,119.0,223.25,77.25
2026-02-26,-83.25,14.5,-259.25,-54.0
2026-02-27,37.5,-216.5,182.75,-45.5
2026-03-02,-118.5,54.0,376.75,-23.75
2026-03-03,-231.25,-219.25,222.75,-45.25
2026-03-04,-126.5,281.25,267.75,17.25
2026-03-05,-60.25,-104.0,60.25,-37.5
2026-03-06,98.75,-420.75,-18.25,-7.0
2026-03-09,-84.5,175.25,558.5,-33.25
2026-03-10,9.25,32.75,-4.0,23.0
2026-03-11,36.75,3.75,-50.0,-36.5
2026-03-12,-158.5,4.25,-219.75,11.5
2026-03-13,31.5,60.0,-247.75,-62.75
2026-03-16,438.5,95.25,16.0,-11.5
2026-03-17,-101.25,245.0,10.0,16.5
2026-03-18,154.25,-239.5,-277.0,-45.5
2026-03-19,-18.5,-168.75,145.5,42.5
2026-03-20,-57.5,-105.25,-374.75,104.0
2026-03-23,28.0,520.0,-94.25,1.0
2026-03-24,-138.25,-6.5,-37.0,185.0
2026-03-25,-47.25,49.0,-58.75,-3.5
2026-03-26,-102.5,-98.75,-369.5,34.25
2026-03-27,83.25,-272.5,-345.5,-54.0
2026-03-30,168.25,163.5,-372.75,-30.25
2026-03-31,178.0,71.75,529.25,-6.0
2026-04-01,133.25,48.75,110.5,-11.5
2026-04-02,-418.25,5.25,458.5,-1.25
2026-04-03,-22.25,-48.75,,
2026-04-06,197.75,30.75,99.5,-13.25
2026-04-07,-130.0,15.0,126.5,28.25
2026-04-08,591.25,7.5,-119.25,-41.25
2026-04-09,-28.75,51.0,168.5,-6.75
2026-04-10,27.75,52.5,-30.5,48.75
2026-04-13,107.75,135.5,322.25,47.75
2026-04-14,3.0,81.5,345.5,-10.25
2026-04-15,-14.75,44.75,341.0,-4.0
2026-04-16,104.0,-15.0,44.25,-19.0
2026-04-17,9.25,227.0,135.25,14.5
2026-04-20,87.0,161.0,-51.25,29.25
2026-04-21,45.75,-18.0,-166.75,80.5
2026-04-22,84.0,48.75,198.5,25.75
2026-04-23,-111.0,37.0,-88.5,15.5
2026-04-24,65.5,124.75,222.75,7.25
2026-04-27,66.0,-38.25,34.0,-26.5
2026-04-28,-73.25,-201.5,8.25,21.0
2026-04-29,80.0,-89.75,127.25,-184.25
2026-04-30,-19.75,268.5,86.5,18.25
2026-05-01,-5.25,15.75,205.25,-55.25
2026-05-04,35.25,-80.25,-74.5,-36.75
2026-05-05,82.25,135.5,146.75,72.75
2026-05-06,104.25,34.75,321.5,1.75
2026-05-07,51.75,29.75,-66.25,-40.75
2026-05-08,227.25,73.5,461.0,-4.0
2026-05-11,20.75,-16.5,123.25,-29.5
2026-05-12,-134.25,-69.0,-39.5,-39.75
2026-05-13,151.75,-8.25,188.0,61.0
2026-05-14,71.0,-128.0,210.25,3.0
2026-05-15,-419.75,-3.5,-45.75,-59.5
2026-05-18,-154.75,294.5,-239.25,-23.75
2026-05-19,-179.75,-86.75,73.75,-24.25
2026-05-20,35.0,119.5,321.0,-117.25
2026-05-21,91.0,-150.5,228.75,10.0
2026-05-22,74.5,34.25,-29.0,-31.5
2026-05-25,219.75,-28.0,22.0,
2026-05-26,-119.0,96.75,176.25,-35.5
2026-05-27,32.25,84.5,-141.0,78.25
2026-05-28,-211.0,148.75,253.0,7.25
2026-05-29,-47.5,82.25,14.25,-9.75
2026-06-01,155.5,-236.0,227.5,-47.25
2026-06-02,-34.5,79.5,151.0,36.0
2026-06-03,-42.75,64.5,-118.5,-141.0
2026-06-04,10.0,-214.0,215.25,-84.75
2026-06-05,-239.5,-132.5,-1021.5,-187.75
2026-06-08,188.75,510.25,-74.25,-15.75
2026-06-09,172.0,104.0,-620.5,23.0
2026-06-10,-99.75,-89.5,-325.25,-57.25
2026-06-11,317.0,6.0,704.5,-25.25
2026-06-12,-91.25,93.5,154.5,26.75
2026-06-15,205.0,98.75,238.5,-42.0
2026-06-16,-48.25,5.0,-501.25,-9.75
2026-06-17,141.5,28.0,-533.0,145.5
2026-06-18,231.0,240.5,98.75,32.75
2026-06-19,-275.0,163.0,5.75,
2026-06-22,68.0,181.5,-168.25,7.25
2026-06-23,-555.25,-388.5,-68.5,99.5
2026-06-24,51.5,-107.25,-198.0,584.5
2026-06-25,-64.25,62.5,-402.75,11.5
2026-06-26,-396.25,34.75,-48.0,-22.75
2026-06-29,336.0,-25.0,402.25,-51.5
2026-06-30,175.75,-120.0,465.75,-12.0
2026-07-01,-95.5,-192.5,-156.25,-16.0
2026-07-02,-31.0,25.5,-536.25,12.25
2026-07-03,250.5,96.75,-17.0,
2026-07-06,-121.25,45.5,114.5,-4.5
2026-07-07,-278.5,-95.75,-197.75,24.25
2026-07-08,21.25,-144.75,254.75,-67.5
2026-07-09,181.25,140.0,201.25,-18.25
2026-07-10,-96.75,-10.25,201.5,32.0
2026-07-13,-319.25,59.0,-243.5,-36.25
2026-07-14,120.25,218.25,-24.5,8.25
2026-07-15,240.5,-76.0,-254.0,7.25
2026-07-16,-30.25,-222.5,-247.25,-38.75
2026-07-17,-455.0,-148.75,158.0,3.75
2026-07-20,1.0,236.25,-258.75,-7.5
2026-07-21,327.75,124.0,89.5,-22.0
2026-07-22,-124.25,-83.5,70.5,8.75
2026-07-23,-19.75,-368.5,-104.5,126.5
2026-07-24,-145.25,-5.25,-256.75,23.5
2026-07-27,51.25,-104.75,-397.25,17.5
2026-07-28,-326.5,71.25,-32.75,40.0
2026-07-29,-175.5,121.0,-578.5,-77.5
2026-07-30,190.75,387.75,354.75,103.25
2026-07-31,241.5,-8.5,-175.25,-118.5
2026-08-03,31.0,-222.75,481.75,28.5
2026-08-04,135.75,161.75,641.0,-56.5
2026-08-05,174.0,-5.75,-366.5,-13.25
2026-08-06,-6.5,-245.5,161.75,8.0
2026-08-07,20.75,191.75,119.5,7.0
2026-08-10,50.5,-124.0,-61.25,19.5
2026-08-11,9.75,47.0,-204.0,11.5
2026-08-12,70.25,276.25,-139.0,-45.5
2026-08-13,66.25,27.0,283.75,21.75
2026-08-14,-22.25,67.0,-96.5,10.25
2026-08-17,99.25,-54.75,-127.0,-10.75
2026-08-18,-241.75,-149.75,-104.0,-26.5
