HOLD24,ONITE,INTRA,EUONLY,tdate
192.0,49.25,106.75,50.0,2025-09-15
0.75,2.5,-56.75,-13.75,2025-09-16
-27.25,165.5,-41.5,10.25,2025-09-17
212.0,68.0,45.25,42.75,2025-09-18
135.5,-32.25,91.5,65.75,2025-09-19
136.0,5.75,160.75,-12.75,2025-09-22
-158.5,35.25,-161.0,-4.5,2025-09-23
-103.5,-205.0,-122.25,7.0,2025-09-24
-115.75,-31.0,96.0,-208.5,2025-09-25
83.5,124.5,123.75,-11.25,2025-09-26
77.75,-33.0,-15.0,31.5,2025-09-29
20.5,-135.0,74.5,-30.0,2025-09-30
152.5,143.5,251.75,-14.5,2025-10-01
97.0,6.5,-21.0,66.5,2025-10-02
-119.75,193.5,-123.25,-39.0,2025-10-03
164.5,49.5,-17.0,112.5,2025-10-06
-140.0,34.0,-172.0,57.25,2025-10-07
289.5,-1.75,230.0,36.5,2025-10-08
-59.5,25.5,-31.0,-33.25,2025-10-09
-1111.75,416.75,-910.75,-22.25,2025-10-10
178.25,-308.5,93.25,-15.5,2025-10-13
-159.75,198.0,171.25,-87.25,2025-10-14
126.75,130.25,-34.5,92.25,2025-10-15
-155.25,-136.25,-229.25,112.0,2025-10-16
215.5,190.5,277.5,38.75,2025-10-17
256.75,-14.25,128.0,70.75,2025-10-20
-58.25,-74.0,3.0,-8.75,2025-10-21
-237.0,-20.75,-170.5,-82.75,2025-10-22
263.75,185.0,227.0,-67.0,2025-10-23
213.75,339.75,70.75,90.5,2025-10-24
292.25,106.5,116.0,64.25,2025-10-27
174.0,114.25,84.75,100.25,2025-10-28
49.75,-229.75,47.5,4.75,2025-10-29
-23.25,277.75,-186.25,-189.25,2025-10-30
-185.75,263.5,-193.0,16.25,2025-10-31
61.75,-371.75,-145.5,208.0,2025-11-03
-518.25,-20.75,-141.5,-35.0,2025-11-04
163.5,-72.5,155.75,46.0,2025-11-05
-430.0,-212.25,-393.75,-28.75,2025-11-06
-58.75,382.0,135.0,-278.0,2025-11-07
351.75,-94.25,151.0,86.75,2025-11-10
-56.5,79.0,36.75,-68.75,2025-11-11
-41.75,-181.0,-97.5,-41.25,2025-11-12
-519.75,-428.25,-331.0,-251.0,2025-11-13
20.25,-123.25,393.5,-368.25,2025-11-14
-153.75,-171.5,-59.5,-269.0,2025-11-17
-399.5,37.5,-171.25,106.25,2025-11-18
389.5,452.0,125.0,55.0,2025-11-19
-942.0,113.25,-1045.0,7.0,2025-11-20
240.75,216.5,79.5,72.0,2025-11-21
452.0,-104.75,389.0,73.25,2025-11-24
83.0,158.5,255.5,-70.25,2025-11-25
244.0,6.0,61.5,26.5,2025-11-26
-25.0,69.0,-10.75,7.0,2025-11-27
172.0,-203.5,116.0,23.75,2025-11-28
-97.0,69.25,127.25,15.25,2025-12-01
195.25,-121.75,124.25,100.0,2025-12-02
26.0,11.5,177.75,-177.5,2025-12-03
-20.75,103.0,-40.0,15.25,2025-12-04
91.5,87.75,3.5,22.75,2025-12-05
-34.25,-63.25,-158.75,42.0,2025-12-08
-27.25,-49.5,92.75,-82.0,2025-12-09
118.0,-210.25,158.25,-54.75,2025-12-10
55.0,-165.5,122.5,84.5,2025-12-11
-525.0,159.75,-329.75,-126.5,2025-12-12
-128.75,193.75,-281.75,101.5,2025-12-15
207.75,62.5,65.75,156.5,2025-12-16
-384.5,381.25,-495.0,33.25,2025-12-17
238.0,142.75,-60.5,305.25,2025-12-18
351.75,185.75,187.25,82.5,2025-12-19
43.0,15.75,-58.0,67.0,2025-12-22
102.0,-5.75,89.25,54.0,2025-12-23
52.0,14.25,58.75,9.75,2025-12-24
-16.5,-179.5,-5.0,4.75,2025-12-26
-125.25,-25.25,51.25,-126.5,2025-12-29
-63.75,-5.25,-32.25,-3.75,2025-12-30
-251.5,254.25,-212.75,83.25,2025-12-31
-72.0,248.75,-312.75,79.5,2026-01-02
130.25,94.0,-81.5,152.5,2026-01-05
244.75,-44.75,152.0,5.25,2026-01-06
-3.25,-76.5,56.75,8.0,2026-01-07
-131.5,-15.75,-59.5,56.25,2026-01-08
212.25,-136.25,246.5,-4.5,2026-01-09
55.5,17.0,162.75,75.0,2026-01-12
-37.5,-188.75,-50.75,63.75,2026-01-13
-294.25,249.25,-78.5,-124.25,2026-01-14
105.75,165.5,-186.25,199.75,2026-01-15
-38.5,-413.0,-189.25,59.25,2026-01-16
-32.75,-106.75,117.25,-106.25,2026-01-19
-252.75,63.25,-140.75,-26.75,2026-01-20
349.25,187.5,281.5,14.75,2026-01-21
90.0,-39.0,-25.0,137.25,2026-01-22
88.75,-17.25,115.25,-86.75,2026-01-23
398.5,137.75,126.75,40.25,2026-01-26
263.5,179.75,90.75,-25.5,2026-01-27
138.25,59.75,-172.0,-46.25,2026-01-28
-292.5,-110.0,-132.0,-116.0,2026-01-29
-349.75,-40.5,-233.25,133.0,2026-01-30
401.25,104.5,214.0,374.75,2026-02-02
-451.5,-152.75,-479.0,-49.5,2026-02-03
-285.25,-307.5,-288.75,-167.75,2026-02-04
-649.5,75.5,-51.25,-355.0,2026-02-05
698.75,-144.0,394.75,191.25,2026-02-06
157.0,25.25,363.0,-180.25,2026-02-09
-131.0,230.25,-147.75,65.25,2026-02-10
6.5,64.5,-179.75,185.0,2026-02-11
-464.5,-9.5,-591.25,21.25,2026-02-12
-49.75,-55.5,73.5,0.5,2026-02-13
-56.0,-121.25,-15.75,-72.5,2026-02-16
12.75,-6.75,158.5,4.0,2026-02-17
183.25,-92.0,173.25,-43.75,2026-02-18
-124.0,-132.0,1.25,-164.5,2026-02-19
243.25,-58.25,343.25,-217.5,2026-02-20
-249.25,43.5,-242.5,142.25,2026-02-23
225.75,180.0,218.5,-23.75,2026-02-24
449.5,-89.0,170.25,163.5,2026-02-25
-373.5,-243.75,-220.75,-43.0,2026-02-26
-59.25,-301.5,156.25,-221.0,2026-02-27
257.25,-410.5,337.5,90.5,2026-03-02
-270.0,183.5,141.25,-140.0,2026-03-03
430.5,-67.25,169.0,362.5,2026-03-04
-136.25,-358.0,2.25,-44.0,2026-03-05
-344.25,-140.5,-28.75,-437.25,2026-03-06
632.5,28.75,506.5,270.25,2026-03-09
75.0,87.5,-50.0,90.0,2026-03-10
-46.5,-192.5,-111.0,62.75,2026-03-11
-352.25,105.5,-219.5,16.25,2026-03-12
-204.75,476.75,-281.0,82.75,2026-03-13
486.5,116.75,22.25,91.0,2026-03-16
171.5,-98.0,19.75,257.5,2026-03-17
-405.5,-286.75,-263.75,-250.0,2026-03-18
5.75,-166.75,218.5,-227.75,2026-03-19
-420.5,339.5,-293.25,-162.25,2026-03-20
461.5,-117.75,-89.25,515.25,2026-03-23
-2.75,231.0,-40.25,-4.5,2026-03-24
-61.25,-280.75,-66.75,77.75,2026-03-25
-529.75,-146.25,-314.75,-143.75,2026-03-26
-588.0,193.75,-354.25,-275.5,2026-03-27
-84.75,291.0,-360.0,136.0,2026-03-30
770.25,164.75,502.0,117.75,2026-03-31
274.5,-408.25,119.25,35.75,2026-04-01
35.75,-86.25,424.25,26.75,2026-04-02
-66.25,197.75,0.0,-46.0,2026-04-03
304.25,-113.75,35.75,107.75,2026-04-06
36.75,823.0,109.5,21.25,2026-04-07
453.0,-5.75,-103.5,-13.25,2026-04-08
193.0,83.75,167.0,39.0,2026-04-09
103.75,-50.0,-47.25,61.5,2026-04-10
594.75,150.75,309.75,141.75,2026-04-13
411.5,30.25,300.0,111.5,2026-04-14
371.75,51.25,324.5,31.0,2026-04-15
117.0,218.25,75.5,-64.25,2026-04-16
379.75,-30.0,141.5,222.75,2026-04-17
205.5,31.0,-59.25,164.5,2026-04-20
-69.75,247.5,-151.5,-56.0,2026-04-21
369.0,-77.75,203.25,45.75,2026-04-22
-140.25,272.5,-78.75,9.75,2026-04-23
424.5,-55.0,246.75,93.25,2026-04-24
36.75,-339.0,50.75,-65.0,2026-04-27
-253.5,-3.0,66.25,-268.25,2026-04-28
-74.25,89.25,192.0,-149.75,2026-04-29
334.75,73.25,156.75,220.5,2026-04-30
158.0,10.0,165.0,46.5,2026-05-01
-147.0,241.5,-78.75,-90.5,2026-05-04
429.25,215.5,129.5,141.0,2026-05-05
456.0,28.75,356.5,-19.75,2026-05-06
-26.25,227.75,-71.25,9.0,2026-05-07
739.0,8.0,444.5,99.25,2026-05-08
142.75,-257.5,80.0,15.0,2026-05-11
-290.0,109.75,-13.5,-120.75,2026-05-12
384.75,-1.25,213.0,-32.5,2026-05-13
154.0,-432.75,218.0,-146.5,2026-05-14
-534.25,156.0,-82.0,0.25,2026-05-15
-132.75,-182.0,-238.0,293.0,2026-05-18
-200.75,195.75,-4.25,-7.0,2026-05-19
347.25,-169.25,267.75,134.5,2026-05-20
207.0,158.0,258.0,-172.75,2026-05-21
38.5,392.0,-62.5,72.0,2026-05-22
195.5,-78.5,15.25,-30.0,2026-05-25
106.75,71.0,184.75,83.0,2026-05-26
58.25,52.75,-98.75,33.5,2026-05-27
178.25,88.0,203.5,175.75,2026-05-28
51.25,-82.25,14.75,75.75,2026-05-29
121.75,-55.75,241.0,-268.0,2026-06-01
240.75,61.25,202.75,22.75,2026-06-02
-225.75,-392.75,-131.75,61.0,2026-06-03
-84.5,-464.25,241.5,-241.0,2026-06-04
-1576.75,536.5,-989.75,-162.0,2026-06-05
533.5,287.0,-126.5,520.25,2026-06-08
-302.75,-199.75,-607.5,93.0,2026-06-09
-586.5,273.0,-418.25,-20.75,2026-06-10
1027.25,6.0,651.5,34.0,2026-06-11
191.75,1012.75,222.25,20.75,2026-06-12
508.0,-75.5,215.0,130.75,2026-06-15
-553.75,161.5,-489.5,5.0,2026-06-16
-206.0,512.5,-418.0,-14.5,2026-06-17
615.5,-29.5,120.75,232.25,2026-06-18
-98.75,241.75,-13.75,167.0,2026-06-19
80.25,-998.0,-235.5,245.25,2026-06-22
-944.0,10.5,-16.75,-439.0,2026-06-23
343.75,577.25,-107.5,-157.0,2026-06-24
-382.75,-497.5,-289.25,19.25,2026-06-25
-417.0,229.5,57.25,10.75,2026-06-26
601.0,76.75,387.0,-32.75,2026-06-29
523.25,-283.5,436.75,-71.25,2026-06-30
-441.25,31.75,-193.25,-199.75,2026-07-01
-545.5,400.5,-539.0,21.5,2026-07-02
334.75,-48.25,-36.0,104.5,2026-07-03
28.5,-313.75,93.75,56.25,2026-07-06
-541.5,-156.0,-227.0,-50.0,2026-07-07
31.0,253.25,190.0,-81.5,2026-07-08
500.5,-76.5,256.0,80.25,2026-07-09
138.0,-335.25,173.5,23.5,2026-07-10
-523.0,303.75,-248.0,51.5,2026-07-13
327.0,168.0,16.25,168.75,2026-07-14
-78.0,-202.75,-246.0,-81.75,2026-07-15
-551.75,-577.25,-283.5,-221.0,2026-07-16
-428.5,314.5,100.0,-117.75,2026-07-17
-29.5,361.5,-234.5,244.75,2026-07-20
517.5,-178.5,114.5,80.0,2026-07-21
-125.5,-516.75,81.75,-43.25,2026-07-22
-354.25,-147.25,-8.75,-412.0,2026-07-23
-354.25,293.75,-243.75,-10.75,2026-07-24
-401.25,-261.75,-375.5,-122.0,2026-07-27
-239.75,-82.5,9.0,54.25,2026-07-28
-707.5,533.75,-544.5,83.75,2026-07-29
1020.25,378.0,362.75,375.75,2026-07-30
-109.25,-52.75,-190.5,7.0,2026-07-31
328.25,424.5,522.75,-289.25,2026-08-03
881.5,100.25,560.5,231.75,2026-08-04
-194.5,-269.0,-367.75,-13.0,2026-08-05
-80.5,195.75,207.0,-219.5,2026-08-06
325.0,-15.25,108.25,204.0,2026-08-07
-107.75,28.75,-73.5,-111.0,2026-08-10
-133.5,333.25,-137.5,-12.5,2026-08-11
151.25,30.25,-111.5,253.75,2026-08-12
400.75,42.5,312.75,12.5,2026-08-13
-54.0,102.75,-98.25,73.75,2026-08-14
-95.25,-377.0,-162.5,-18.0,2026-08-17
