tdate,MNQ_ONITE,MNQ_INTRA,MGC_ONITE,MGC_INTRA
2025-09-15,96.0,211.0,108.50000000000182,281.4999999999991
2025-09-16,2.5,-116.0,-143.49999999999636,-42.50000000000182
2025-09-17,328.5,-85.5,-107.50000000000182,-172.50000000000182
2025-09-18,133.5,88.0,70.5,-73.49999999999636
2025-09-19,-67.0,180.5,391.4999999999991,297.4999999999982
2025-09-22,9.0,319.0,324.5000000000009,240.5
2025-09-23,68.0,-324.5,-7.500000000001819,-190.4999999999991
2025-09-24,-412.5,-247.0,50.5,-4.5
2025-09-25,-64.5,189.5,81.49999999999909,72.50000000000273
2025-09-26,246.5,245.0,542.4999999999982,76.49999999999909
2025-09-29,-68.5,-32.5,-145.50000000000364,66.50000000000364
2025-09-30,-272.5,146.5,166.4999999999991,401.50000000000364
2025-10-01,284.5,501.0,235.5,-69.5
2025-10-02,10.5,-44.5,267.4999999999982,-390.4999999999991
2025-10-03,384.5,-249.0,436.4999999999991,39.50000000000091
2025-10-06,96.5,-36.5,175.5,274.5000000000009
2025-10-07,65.5,-346.5,516.4999999999991,26.49999999999909
2025-10-08,-6.0,457.5,73.50000000000182,70.5
2025-10-09,48.5,-64.5,164.5000000000009,-811.5000000000027
2025-10-10,831.0,-1824.0,802.4999999999982,201.4999999999991
2025-10-13,-619.5,184.0,-59.5,194.50000000000546
2025-10-14,393.5,340.0,499.50000000000546,371.49999999999454
2025-10-15,258.0,-71.5,379.50000000000546,134.49999999999636
2025-10-16,-275.0,-461.0,19.499999999996362,592.4999999999982
2025-10-17,378.5,552.5,809.5000000000055,-807.5000000000018
2025-10-20,-31.0,253.5,-1876.4999999999982,680.5
2025-10-21,-150.5,3.5,-495.49999999999454,-841.5000000000073
2025-10-22,-44.0,-343.5,399.49999999999636,437.4999999999982
2025-10-23,367.5,451.5,-75.50000000000364,-273.49999999999636
2025-10-24,677.0,139.0,-778.4999999999964,-79.5
2025-10-27,210.5,229.5,-595.5000000000036,-356.4999999999982
2025-10-28,226.0,167.0,538.5000000000018,285.5
2025-10-29,-462.0,92.5,214.5000000000009,-685.4999999999991
2025-10-30,553.0,-375.0,-3.499999999996362,529.4999999999964
2025-10-31,524.5,-388.5,99.49999999999636,-254.5
2025-11-03,-746.0,-293.5,-605.4999999999991,-26.49999999999818
2025-11-04,-44.0,-285.5,458.49999999999727,-129.5
2025-11-05,-147.5,309.0,76.49999999999909,4.5000000000009095
2025-11-06,-427.0,-790.0,149.5000000000009,-144.5
2025-11-07,761.5,267.5,775.5,76.49999999999909
2025-11-10,-191.0,299.5,181.50000000000364,272.4999999999982
2025-11-11,155.5,71.0,37.49999999999818,-19.5
2025-11-12,-364.5,-197.5,85.5,613.5000000000018
2025-11-13,-859.0,-664.5,-1127.5000000000018,-434.5
2025-11-14,-249.0,784.5,-148.5000000000009,284.5000000000009
2025-11-17,-345.5,-121.5,328.5000000000018,-299.5
2025-11-18,72.5,-345.0,327.4999999999982,-27.50000000000182
2025-11-19,901.5,247.5,25.5,-296.4999999999982
2025-11-20,224.0,-2092.5,-111.50000000000273,-27.49999999999727
2025-11-21,430.5,156.5,99.50000000000091,-24.5
2025-11-24,-212.0,775.5,376.50000000000364,563.4999999999973
2025-11-25,314.5,508.5,136.50000000000364,-35.50000000000364
2025-11-26,9.5,120.5,-57.50000000000182,158.50000000000182
2025-11-27,135.5,-24.0,419.50000000000546,-10.500000000003638
2025-11-28,-409.5,229.5,236.49999999999454,228.50000000000182
2025-12-01,136.0,252.0,-144.5,-85.49999999999454
2025-12-02,-246.0,246.0,155.5,-149.5
2025-12-03,20.5,353.0,-10.500000000003638,-214.5
2025-12-04,203.5,-82.5,210.5,18.50000000000182
2025-12-05,173.0,4.5,74.49999999999636,-316.4999999999982
2025-12-08,-129.0,-320.0,28.499999999992724,-173.49999999999636
2025-12-09,-101.5,183.0,-160.50000000000364,154.50000000000546
2025-12-10,-423.0,314.0,12.499999999998181,339.50000000000546
2025-12-11,-333.5,242.5,660.5,416.49999999999454
2025-12-12,317.0,-662.0,252.49999999999818,-382.4999999999927
2025-12-15,385.0,-566.0,262.4999999999982,-251.49999999999818
2025-12-16,122.5,129.0,285.5,-266.4999999999982
2025-12-17,760.0,-992.5,-73.49999999999636,108.49999999999272
2025-12-18,283.0,-123.5,-45.49999999999454,-17.50000000000182
2025-12-19,369.0,372.0,875.5,89.49999999999636
2025-12-22,29.0,-118.5,162.49999999999818,140.5
2025-12-23,-14.0,176.0,-141.50000000000728,324.50000000000546
2025-12-24,26.0,115.0,539.4999999999964,-37.499999999992724
2025-12-26,-361.5,-12.5,-1737.5000000000018,20.5
2025-12-29,-53.0,100.0,534.5000000000055,-369.5
2025-12-30,-13.0,-67.0,-45.50000000000364,-469.5
2025-12-31,506.0,-428.0,489.49999999999636,-301.4999999999982
2026-01-02,495.0,-628.0,923.5000000000018,-353.49999999999636
2026-01-05,185.5,-165.5,238.50000000000182,227.49999999999818
2026-01-06,-92.0,301.5,-442.5000000000018,219.49999999999636
2026-01-07,-155.5,111.0,-287.5000000000018,30.5
2026-01-08,-34.0,-121.5,4847.500000000007,515.5
2026-01-23,-37.0,228.0,948.5000000000018,468.4999999999927
2026-01-26,273.0,251.0,134.49999999999636,-251.49999999999818
2026-01-27,357.0,179.0,808.4999999999927,1047.5000000000073
2026-01-28,117.0,-346.5,1460.5,1302.5000000000073
2026-01-29,-222.5,-266.5,-3286.5000000000073,-1379.5
2026-01-30,-83.5,-469.0,-1120.5000000000036,-2413.4999999999964
2026-02-02,206.5,425.5,2632.5000000000073,-659.5
2026-02-03,-308.0,-960.5,863.5000000000018,173.49999999999272
2026-02-04,-617.5,-580.0,-1143.5000000000055,-895.4999999999945
2026-02-05,148.5,-105.0,1013.5000000000018,-164.5
2026-02-06,-290.5,787.0,697.4999999999982,390.5
2026-02-09,48.0,723.5,-100.50000000000364,609.5000000000055
2026-02-10,458.0,-298.0,406.49999999999454,-441.4999999999982
2026-02-11,126.5,-362.0,-294.5,165.5
2026-02-12,-21.5,-1185.0,883.5000000000018,-1466.4999999999982
2026-02-13,-113.5,144.5,-412.5000000000018,292.4999999999982
2026-02-16,-245.0,-34.0,-1012.5000000000018,7.500000000007276
2026-02-17,-16.0,314.5,811.5000000000036,-152.50000000000182
2026-02-18,-186.5,344.0,-127.50000000000182,232.49999999999818
2026-02-19,-266.5,0.0,425.5,288.5000000000018
2026-02-20,-119.0,684.0,711.4999999999945,540.5
2026-02-23,84.5,-487.5,-1153.4999999999964,633.5000000000018
2026-02-24,357.5,434.5,128.50000000000182,419.49999999999636
2026-02-25,-180.5,338.0,-135.50000000000364,-206.49999999999818
2026-02-26,-490.0,-444.0,319.50000000000546,550.5
2026-02-27,-605.5,310.0,656.5000000000036,309.49999999999636
2026-03-02,-823.5,672.5,-2065.4999999999945,-16.500000000007276
2026-03-03,364.5,280.0,747.4999999999982,-335.50000000000364
2026-03-04,-137.0,335.5,-263.49999999999636,-323.49999999999636
2026-03-05,-718.5,2.0,227.49999999999818,-357.5000000000018
2026-03-06,-283.5,-60.0,-510.49999999999454,497.4999999999982
2026-03-09,55.0,1010.5,685.5,430.5
2026-03-10,172.5,-102.5,-202.50000000000182,-215.50000000000364
2026-03-11,-387.5,-224.5,-167.49999999999272,62.49999999999818
2026-03-12,208.5,-441.5,190.5,-810.5000000000036
2026-03-13,951.0,-564.5,42.49999999999818,-889.5
2026-03-16,231.0,42.0,0.5,-101.49999999999818
2026-03-17,-198.5,37.0,-1483.5000000000055,-141.49999999999818
2026-03-18,-576.0,-530.0,-2791.499999999998,-76.49999999999818
2026-03-19,-336.0,434.5,58.50000000000182,779.4999999999964
2026-03-20,676.5,-589.0,-908.4999999999964,-1544.5
2026-03-23,-238.0,-181.0,-265.49999999999454,-250.50000000000364
2026-03-24,459.5,-83.0,1651.4999999999945,402.4999999999982
2026-03-25,-564.0,-136.0,-910.5000000000036,-352.4999999999927
2026-03-26,-295.0,-632.0,925.5,-871.4999999999982
2026-03-27,385.0,-711.0,579.5000000000055,929.4999999999964
2026-03-30,579.5,-722.5,612.4999999999982,-554.5
2026-03-31,327.0,1001.5,469.49999999999636,1090.5
2026-04-01,-819.0,236.0,-1652.5000000000018,286.50000000000364
2026-04-02,-175.0,846.0,-34.5,716.5000000000036
2026-04-06,-230.0,69.0,-0.500000000003638,-159.5
2026-04-07,1643.5,216.5,868.5000000000018,433.5000000000018
2026-04-08,-14.0,-209.5,213.50000000000182,-601.5000000000073
2026-04-09,165.0,331.5,25.5,172.49999999999818
2026-04-10,-102.5,-97.0,-246.49999999999818,-143.49999999999636
2026-04-13,299.0,617.0,412.4999999999982,57.49999999999818
2026-04-14,58.0,597.5,-263.50000000000546,624.5000000000055
2026-04-15,100.0,646.5,190.5,-264.5
2026-04-16,434.0,148.5,597.4999999999982,-233.49999999999636
2026-04-17,-62.5,280.5,-317.5000000000018,3.500000000001819
2026-04-20,59.5,-121.0,-406.4999999999982,-74.5
2026-04-21,492.5,-305.5,661.5000000000036,-993.5000000000055
2026-04-22,-158.0,404.0,-112.50000000000182,-72.50000000000182
2026-04-23,542.5,-160.0,-3.499999999996362,-361.4999999999982
2026-04-24,-112.5,491.0,-195.50000000000364,207.49999999999818
2026-04-27,-680.5,99.0,-1051.4999999999982,-179.5
2026-04-28,-8.5,130.0,-664.5,188.50000000000182
2026-04-29,176.0,381.5,853.5000000000018,154.49999999999636
2026-04-30,144.0,311.0,-306.4999999999982,-139.5
2026-05-01,17.5,327.5,-531.4999999999982,215.5
2026-05-04,480.5,-160.0,621.4999999999945,-461.4999999999982
2026-05-05,428.5,256.5,1265.5,-223.49999999999636
2026-05-06,55.0,710.5,529.4999999999964,97.49999999999818
2026-05-07,453.0,-145.0,267.4999999999982,-401.4999999999982
2026-05-08,13.5,886.5,100.5,-129.5
2026-05-11,-517.5,157.5,-491.4999999999982,33.50000000000182
2026-05-12,217.0,-29.5,-296.4999999999982,269.49999999999636
2026-05-13,-5.0,423.5,-36.500000000007276,-10.499999999994543
2026-05-14,-868.0,433.5,-1094.5,-309.5
2026-05-15,309.5,-166.5,262.4999999999982,-40.49999999999454
2026-05-18,-366.5,-478.5,-711.4999999999982,-124.5
2026-05-19,389.0,-11.0,75.5,-81.49999999999818
2026-05-20,-341.0,533.0,-518.5000000000055,557.4999999999982
2026-05-21,313.5,513.5,-209.5,454.50000000000546
2026-05-22,781.5,-127.5,554.5000000000055,-153.50000000000546
2026-05-25,-159.5,28.0,-480.50000000000364,87.49999999999818
2026-05-26,139.5,367.0,-682.5000000000018,-170.49999999999454
2026-05-27,103.0,-200.0,-244.5,412.4999999999982
2026-05-28,173.5,404.5,319.49999999999636,683.5000000000018
2026-05-29,-167.0,27.0,-874.5,171.50000000000364
2026-06-01,-114.0,479.5,261.50000000000364,199.49999999999636
2026-06-02,120.0,403.0,-367.5000000000018,-211.49999999999818
2026-06-03,-788.0,-266.0,574.4999999999964,-84.5
2026-06-04,-931.0,480.5,-844.5,-224.5
2026-06-05,1070.5,-1982.0,196.50000000000364,-843.4999999999964
2026-06-08,571.5,-255.5,38.499999999992724,-109.5
2026-06-09,-402.0,-1217.5,-1105.5000000000036,-732.4999999999927
2026-06-10,543.5,-839.0,-59.5,-671.4999999999982
2026-06-11,9.5,1300.5,-87.50000000000182,1327.4999999999982
2026-06-12,2023.0,442.0,1478.5000000000018,63.50000000000182
2026-06-15,-153.5,427.5,136.49999999999454,-369.5
2026-06-16,320.5,-981.5,3.500000000001819,-31.49999999999818
2026-06-17,1022.5,-838.5,251.50000000000364,-930.5000000000036
2026-06-18,-61.5,239.0,-505.49999999999454,-547.5000000000018
2026-06-19,481.0,-30.0,313.5000000000018,-113.50000000000546
2026-06-22,-1998.5,-473.5,-801.4999999999982,39.49999999999636
2026-06-23,18.5,-36.0,-1332.5000000000018,-15.499999999994543
2026-06-24,1152.0,-217.5,344.5000000000009,86.49999999999909
2026-06-25,-997.5,-581.0,240.5,29.499999999996362
2026-06-26,456.5,112.0,-323.49999999999636,185.5
2026-06-29,151.0,771.5,95.5,-252.50000000000182
2026-06-30,-569.5,871.0,294.5000000000009,-105.49999999999909
2026-07-01,61.0,-389.0,793.4999999999973,-106.50000000000273
2026-07-02,798.5,-1080.5,467.4999999999982,22.500000000007276
2026-07-03,-99.0,-74.5,-318.49999999999636,71.49999999999454
2026-07-06,-630.0,185.0,23.50000000000182,189.49999999999636
2026-07-07,-314.5,-456.5,-431.4999999999982,-542.5000000000018
2026-07-08,504.0,377.5,422.4999999999982,71.50000000000364
2026-07-09,-155.5,509.5,-350.49999999999454,12.499999999998181
2026-07-10,-673.0,344.5,-496.4999999999982,213.49999999999272
2026-07-13,605.0,-498.5,812.4999999999982,-617.4999999999973
2026-07-14,333.5,30.0,47.49999999999818,-306.4999999999982
2026-07-15,-408.0,-494.5,-547.5000000000018,-45.49999999999909
2026-07-16,-1157.0,-569.5,-130.50000000000364,-258.49999999999636
2026-07-17,626.5,197.5,-32.50000000000182,471.50000000000364
2026-07-20,720.5,-471.5,425.5,-29.5
2026-07-21,-359.5,226.5,531.4999999999991,324.5000000000009
2026-07-22,-1036.0,161.0,-730.5000000000036,-61.49999999999818
2026-07-23,-297.0,-20.0,-41.49999999999818,-114.5
2026-07-24,585.0,-490.0,250.5,65.5
2026-07-27,-526.0,-753.5,-549.5,27.49999999999818
2026-07-28,-167.5,15.5,-133.5000000000009,-66.49999999999818
2026-07-29,1065.0,-1091.5,613.5000000000018,339.5000000000009
2026-07-30,753.5,723.0,-727.5000000000018,303.5000000000018
2026-07-31,-108.0,-383.5,-174.5,114.49999999999636
2026-08-03,846.5,1043.0,330.5,145.5
2026-08-04,198.0,1118.5,1186.5000000000036,-42.50000000000182
2026-08-05,-540.5,-738.0,-25.499999999994543,514.4999999999964
2026-08-06,389.0,411.5,1071.5000000000036,16.499999999994543
2026-08-07,-33.0,214.0,-98.49999999999636,-149.5
2026-08-10,55.0,-149.5,85.5,554.4999999999964
2026-08-11,664.0,-277.5,486.50000000000364,-292.5000000000018
2026-08-12,58.0,-225.5,-285.50000000000364,-62.50000000000182
2026-08-13,82.5,623.0,367.4999999999982,-386.4999999999982
2026-08-14,203.0,-199.0,141.50000000000364,-144.5
2026-08-17,-756.5,-327.5,-366.4999999999982,312.4999999999982
