ts,day,hour,side,z,atr,ep,xp,why,pnl,pts
1783432740,2026-07-07,13,-1,3.636078218988489,42.46428571428572,29469.5,29300.0,TIME,337.5,169.5
1783573920,2026-07-09,5,-1,6.917148758213538,17.053571428571427,29571.5,29517.25,TIME,107.0,54.25
1783987200,2026-07-14,0,-1,3.6364681426855903,19.160714285714285,29443.0,29429.25,TIME,26.0,13.75
1784283960,2026-07-17,10,1,-3.202920332355109,17.089285714285715,28750.75,28801.75,TIME,100.5,51.0
1785159900,2026-07-27,13,-1,3.119002618834112,42.535714285714285,28473.0,28267.25,TIME,410.0,205.75
1785182100,2026-07-27,19,1,-4.074456946609658,20.125,28189.25,28189.75,TIME,-0.5,0.5
1785245400,2026-07-28,13,-1,8.071690871018415,21.089285714285715,27955.25,27725.25,TIME,458.5,230.0
1785402900,2026-07-30,9,1,-3.662686106631568,15.982142857142858,27532.75,27541.75,TIME,16.5,9.0
1785501600,2026-07-31,12,1,-3.185178031094562,19.517857142857142,28453.5,28526.5,TIME,144.5,73.0
1785764940,2026-08-03,13,1,-4.73846138469231,55.517857142857146,28474.25,28611.75,TIME,273.5,137.5
1785866460,2026-08-04,18,1,-3.656017659040614,17.303571428571427,29841.5,29881.0,TIME,77.5,39.5
1786022880,2026-08-06,13,1,-6.250369081668306,16.125,29344.5,29312.0,STOP,-66.5,-32.5
1786110300,2026-08-07,13,-1,6.062450965748835,47.94642857142857,29756.5,29623.75,TIME,264.0,132.75
1786368660,2026-08-10,13,1,-4.176650632348828,16.571428571428573,29814.5,29781.10714285714,STOP,-68.2857142857174,-33.3928571428587
