ts,day,dir,atr,er,fz,regime,session,ext,stop_pt,targ_pt,entry,exit,pts,net,reason,held_min,mfe
1783378560,2026-07-06,-1,10.383333333333333,0.8161559888579387,2.080691202709883,BUILDING,OVERNIGHT,-73.25,15.575,31.15,29891.25,29907.25,-16.0,-33.5,STOP,3.1,51.25
1783387620,2026-07-07,-1,13.083333333333334,0.8826979472140762,2.446919172782189,CLEAN-TREND,OVERNIGHT,-75.25,19.625,39.25,29742.75,29762.75,-20.0,-41.5,STOP,7.3,25.75
1783426200,2026-07-07,1,15.066666666666666,0.6842105263157895,-2.1481647680200484,CLEAN-TREND,PRE-OPEN,78.0,22.6,45.2,29701.75,29678.75,-23.0,-47.5,STOP,6.3,6.75
1783469100,2026-07-08,1,19.966666666666665,0.1733333333333333,-3.5284490430791973,VIOLENT-WHIPSAW,OVERNIGHT,29.25,29.949999999999996,59.89999999999999,29360.75,29420.65,59.9,118.3,TARGET,8.4,188.0
1783563060,2026-07-09,1,18.65,0.5070707070707071,-3.770186795094836,CLEAN-TREND,OVERNIGHT,62.75,27.974999999999998,55.949999999999996,29521.0,29576.95,55.95,110.4,TARGET,9.4,57.25
1783584300,2026-07-09,1,12.95,0.2570194384449244,-3.066695892563483,BUILDING,PRE-OPEN,29.75,19.424999999999997,38.849999999999994,29726.75,29707.0,-19.75,-41.0,STOP,7.6,9.25
1783597500,2026-07-09,1,14.866666666666667,0.4796116504854369,-2.201578756219387,CLEAN-TREND,PRE-OPEN,61.75,22.3,44.6,29692.25,29736.85,44.6,87.7,TARGET,38.0,94.25
1783690200,2026-07-10,1,17.4,0.4721189591078067,-2.722719808096861,CLEAN-TREND,US,63.5,26.099999999999998,52.199999999999996,29875.0,29927.2,52.2,102.9,TARGET,5.8,93.5
1783901160,2026-07-13,1,23.08333333333333,0.5819209039548022,-2.954823681461965,CLEAN-TREND,OVERNIGHT,103.0,34.62499999999999,69.24999999999999,29995.25,29960.25,-35.0,-71.5,STOP,12.2,47.25
1783919400,2026-07-13,1,13.233333333333333,0.7365269461077845,-2.080098622535099,CLEAN-TREND,OVERNIGHT,61.5,19.849999999999998,39.699999999999996,29683.0,29662.75,-20.25,-42.0,STOP,5.0,10.5
1783932780,2026-07-13,1,9.016666666666667,0.776,-2.1074469335408805,BUILDING,PRE-OPEN,48.5,13.525000000000002,27.050000000000004,29752.75,29738.75,-14.0,-29.5,STOP,2.0,24.0
1783987140,2026-07-13,1,16.55,0.8708010335917312,-2.5709355103870983,CLEAN-TREND,OVERNIGHT,84.25,24.825000000000003,49.650000000000006,29420.0,29394.75,-25.25,-52.0,STOP,3.4,114.75
1783999800,2026-07-14,1,17.383333333333333,0.3580645161290323,-2.896805480918794,BUILDING,OVERNIGHT,55.5,26.075,52.15,29385.75,29358.75,-27.0,-55.5,STOP,2.4,70.75
1784001180,2026-07-14,1,19.666666666666668,0.391304347826087,-2.809738815486948,BUILDING,OVERNIGHT,54.0,29.5,59.0,29420.75,29391.0,-29.75,-61.0,STOP,16.2,81.75
1784021040,2026-07-14,-1,11.983333333333333,0.2134831460674157,2.126789905250989,BUILDING,PRE-OPEN,-19.0,17.974999999999998,35.949999999999996,29589.75,29608.0,-18.25,-38.0,STOP,18.1,18.0
1784025420,2026-07-14,1,11.316666666666666,0.43026706231454,-3.5715074631749486,BUILDING,PRE-OPEN,36.25,16.975,33.95,29627.25,29610.0,-17.25,-36.0,STOP,2.2,43.25
1784100060,2026-07-15,-1,10.966666666666669,0.5077720207253886,2.2112580627792995,BUILDING,PRE-OPEN,-49.0,16.450000000000003,32.900000000000006,29998.75,29965.85,32.9,64.3,TARGET,4.1,107.0
1784103780,2026-07-15,-1,15.233333333333333,0.5178571428571429,2.401375519570564,CLEAN-TREND,PRE-OPEN,-58.0,22.849999999999998,45.699999999999996,29878.75,29902.0,-23.25,-48.0,STOP,4.0,7.0
1784175240,2026-07-16,1,8.85,0.1729323308270676,-2.1008533240446656,DEAD-CHOP,OVERNIGHT,11.5,13.274999999999999,26.549999999999997,29755.25,29741.5,-13.75,-29.0,STOP,1.2,0.25
1784195700,2026-07-16,-1,11.533333333333331,0.5076923076923077,6.919516885922295,BUILDING,PRE-OPEN,-41.25,17.299999999999997,34.599999999999994,29556.0,29521.4,34.6,67.7,TARGET,5.0,53.25
1784315640,2026-07-17,-1,18.08333333333333,0.7294332723948812,3.369449346123264,CLEAN-TREND,US,-99.75,27.124999999999993,54.249999999999986,28761.5,28789.0,-27.5,-56.5,STOP,13.2,49.0
1784869020,2026-07-24,1,12.116666666666667,0.5561959654178674,-2.652586213442522,BUILDING,OVERNIGHT,48.25,18.175,36.35,28569.75,28551.25,-18.5,-38.5,STOP,3.6,37.5
1784880300,2026-07-24,-1,10.433333333333334,0.6235294117647059,2.371647263145137,BUILDING,PRE-OPEN,-39.75,15.65,31.3,28581.5,28597.5,-16.0,-33.5,STOP,3.5,24.5
1784885460,2026-07-24,1,11.05,0.3573573573573573,-2.3726956358340194,BUILDING,PRE-OPEN,29.75,16.575000000000003,33.150000000000006,28676.5,28659.5,-17.0,-35.5,STOP,42.1,29.25
1784896440,2026-07-24,-1,14.85,0.4141414141414141,2.1525614793653345,CLEAN-TREND,PRE-OPEN,-41.0,22.275,44.55,28643.25,28598.7,44.55,87.6,TARGET,21.3,144.0
1784899800,2026-07-24,-1,17.883333333333333,0.4735042735042735,7.752014894676038,CLEAN-TREND,US,-69.25,26.825,53.65,28529.5,28556.75,-27.25,-56.0,STOP,1.8,230.5
1784900520,2026-07-24,-1,38.61666666666667,0.2835051546391752,2.4264231902449387,BUILDING,US,-82.5,57.925,115.85,28480.5,28364.65,115.85,230.2,TARGET,9.3,217.75
1784917680,2026-07-24,-1,15.133333333333333,0.9488636363636364,2.24014504504046,CLEAN-TREND,US,-83.5,22.7,45.4,28343.25,28297.85,45.4,89.3,TARGET,5.5,130.75
1784922600,2026-07-24,-1,23.933333333333334,0.3106159895150721,3.190097032047819,BUILDING,US,-59.25,35.9,71.8,28235.75,28272.0,-36.25,-74.0,STOP,3.7,12.5
1785114780,2026-07-27,-1,18.316666666666663,0.1923076923076923,2.213771445610271,VIOLENT-WHIPSAW,OVERNIGHT,-35.0,27.474999999999994,54.94999999999999,28573.75,28601.5,-27.75,-57.0,STOP,24.9,48.5
1785159000,2026-07-27,-1,15.5,0.7981220657276995,2.545464822326224,CLEAN-TREND,US,-85.0,23.25,46.5,28580.25,28533.75,46.5,91.5,TARGET,1.5,528.75
1785159780,2026-07-27,-1,46.083333333333336,0.4275668073136427,2.077070459764341,CLEAN-TREND,US,-152.0,69.125,138.25,28444.5,28306.25,138.25,275.0,TARGET,18.3,506.0
1785162600,2026-07-27,-1,38.28333333333333,0.6836461126005362,2.0470661740241183,CLEAN-TREND,US,-191.25,57.425,114.85,28074.5,27959.65,114.85,228.2,TARGET,10.4,136.0
1785234600,2026-07-28,1,11.383333333333333,0.257985257985258,-7.143779552469451,BUILDING,PRE-OPEN,26.25,17.075,34.15,27975.5,27958.0,-17.5,-36.5,STOP,3.4,5.75
1785236520,2026-07-28,-1,14.6,0.2824074074074074,2.02794550165602,BUILDING,PRE-OPEN,-30.5,21.9,43.8,27910.5,27866.7,43.8,86.1,TARGET,11.1,61.5
1785237480,2026-07-28,1,19.216666666666665,0.2758037225042301,-3.717332824676215,BUILDING,PRE-OPEN,40.75,28.824999999999996,57.64999999999999,27941.0,27911.75,-29.25,-60.0,STOP,6.1,60.5
1785245460,2026-07-28,-1,24.416666666666668,0.4936386768447837,3.899248907695516,CLEAN-TREND,US,-97.0,36.625,73.25,27906.0,27832.75,73.25,145.0,TARGET,5.7,302.75
1785268740,2026-07-28,-1,19.766666666666666,0.2135922330097087,2.398926891142286,BUILDING,US,-33.0,29.65,59.3,27921.75,27951.75,-30.0,-61.5,STOP,0.9,37.75
1785278760,2026-07-28,-1,19.1,0.5036284470246735,4.019570507526932,CLEAN-TREND,OVERNIGHT,-86.75,28.650000000000002,57.300000000000004,27835.0,27777.7,57.3,113.1,TARGET,11.8,103.5
1785280380,2026-07-28,1,26.48333333333333,0.2299349240780911,-2.278096332960831,BUILDING,OVERNIGHT,53.0,39.724999999999994,79.44999999999999,27828.0,27907.45,79.45,157.4,TARGET,17.9,349.25
1785327360,2026-07-29,-1,19.1,0.638728323699422,5.00359913081367,CLEAN-TREND,PRE-OPEN,-110.5,28.650000000000002,57.300000000000004,27886.25,27915.25,-29.0,-59.5,STOP,27.3,41.5
1785402840,2026-07-30,1,15.2,0.5661971830985916,-2.311007261501414,CLEAN-TREND,PRE-OPEN,50.25,22.799999999999997,45.599999999999994,27535.25,27580.85,45.6,89.7,TARGET,20.4,50.75
1785406860,2026-07-30,1,15.283333333333331,0.6495238095238095,-2.8135302978892254,CLEAN-TREND,PRE-OPEN,85.25,22.924999999999997,45.849999999999994,27612.5,27658.35,45.85,90.2,TARGET,42.1,89.5
1785461520,2026-07-31,-1,11.266666666666667,0.4213836477987421,2.053392622269318,BUILDING,OVERNIGHT,-33.5,16.900000000000002,33.800000000000004,28532.5,28498.7,33.8,66.1,TARGET,7.6,132.0
1785490560,2026-07-31,-1,10.833333333333334,0.7948717948717948,2.295259882919984,BUILDING,PRE-OPEN,-62.0,16.25,32.5,28552.0,28568.5,-16.5,-34.5,STOP,13.5,32.75
1785739440,2026-08-03,-1,9.016666666666667,0.2058823529411764,2.5047721439150217,BUILDING,OVERNIGHT,-14.0,13.525000000000002,27.050000000000004,28610.25,28583.2,27.05,52.6,TARGET,10.5,50.25
1785752400,2026-08-03,-1,12.8,0.3802083333333333,2.0698423909234718,BUILDING,PRE-OPEN,-36.5,19.200000000000003,38.400000000000006,28508.75,28528.25,-19.5,-40.5,STOP,17.1,42.25
1785757800,2026-08-03,-1,14.983333333333333,0.4887218045112781,2.7325032910979288,CLEAN-TREND,PRE-OPEN,-65.0,22.474999999999998,44.949999999999996,28436.0,28391.05,44.95,88.4,TARGET,10.7,53.25
1785796440,2026-08-03,1,6.616666666666666,0.1812865497076023,-4.541245517616135,DEAD-CHOP,OVERNIGHT,7.75,9.924999999999999,19.849999999999998,28951.25,28940.75,-10.5,-22.5,STOP,0.1,11.0
1785821640,2026-08-04,1,9.116666666666667,0.5730337078651685,-2.292010574517437,BUILDING,OVERNIGHT,38.25,13.675,27.35,29041.75,29069.1,27.35,53.2,TARGET,3.8,57.25
1785836700,2026-08-04,1,8.6,0.6306306306306306,-5.585105618720665,BUILDING,PRE-OPEN,35.0,12.899999999999999,25.799999999999997,29083.0,29069.75,-13.25,-28.0,STOP,0.8,57.25
1785873300,2026-08-04,-1,16.883333333333333,0.5601851851851852,2.33049257836194,CLEAN-TREND,US,-60.5,25.325,50.65,29869.0,29895.25,-26.25,-54.0,STOP,3.5,111.25
1785926700,2026-08-05,-1,9.8,0.1530944625407166,2.8402005781846147,DEAD-CHOP,PRE-OPEN,-11.75,14.700000000000001,29.400000000000002,29838.75,29853.75,-15.0,-31.5,STOP,6.9,5.0
1785959820,2026-08-05,-1,16.433333333333334,0.4408163265306122,2.165486481988298,CLEAN-TREND,US,-54.0,24.65,49.3,29672.75,29623.45,49.3,97.1,TARGET,1.7,142.0
1785999960,2026-08-06,1,11.4,0.5313531353135313,-2.220897144357189,BUILDING,PRE-OPEN,40.25,17.1,34.2,29545.5,29527.75,-17.75,-37.0,STOP,20.1,18.5
1786014180,2026-08-06,-1,15.8,0.6753246753246753,2.9532761793031077,CLEAN-TREND,PRE-OPEN,-104.0,23.700000000000003,47.400000000000006,29385.5,29409.5,-24.0,-49.5,STOP,4.7,20.75
1786015080,2026-08-06,1,16.566666666666666,0.4981949458483754,-2.121658465636946,CLEAN-TREND,PRE-OPEN,69.0,24.85,49.7,29454.0,29503.7,49.7,97.9,TARGET,12.2,62.0
1786018080,2026-08-06,-1,15.716666666666669,0.2431192660550458,2.017341938400285,BUILDING,PRE-OPEN,-26.5,23.575000000000003,47.150000000000006,29420.25,29444.25,-24.0,-49.5,STOP,14.3,68.25
1786023120,2026-08-06,-1,23.133333333333333,0.6084656084656085,4.66091524023833,CLEAN-TREND,US,-86.25,34.7,69.4,29262.75,29297.75,-35.0,-71.5,STOP,1.2,21.75
1786040160,2026-08-06,1,17.366666666666667,0.3987473903966597,-5.42091992237715,BUILDING,US,47.75,26.05,52.1,29567.75,29541.25,-26.5,-54.5,STOP,16.0,8.25
1786060200,2026-08-06,1,9.716666666666669,0.2183098591549295,-3.041344048943866,BUILDING,OVERNIGHT,15.5,14.575000000000003,29.150000000000006,29601.25,29586.25,-15.0,-31.5,STOP,6.1,18.0
1786086360,2026-08-07,1,9.683333333333334,0.3285714285714285,-2.023979538774852,BUILDING,PRE-OPEN,23.0,14.525,29.05,29568.5,29597.55,29.05,56.6,TARGET,53.2,45.75
1786098060,2026-08-07,-1,7.233333333333333,0.5025380710659898,2.353423294902644,BUILDING,PRE-OPEN,-24.75,10.85,21.7,29597.75,29609.0,-11.25,-24.0,STOP,3.2,5.5
1786100400,2026-08-07,1,8.0,0.2355555555555555,-5.130538072259654,BUILDING,PRE-OPEN,13.25,12.0,24.0,29634.25,29658.25,24.0,46.5,TARGET,27.8,35.5
1786109100,2026-08-07,-1,15.6,0.432712215320911,2.954709579394648,CLEAN-TREND,PRE-OPEN,-52.25,23.4,46.8,29714.25,29738.0,-23.75,-49.0,STOP,4.6,150.0
1786334100,2026-08-10,-1,6.283333333333333,0.4044943820224719,2.3987704126940934,BUILDING,OVERNIGHT,-18.0,9.425,18.85,29872.75,29882.5,-9.75,-21.0,STOP,2.6,9.0
1786358100,2026-08-10,-1,7.15,0.1475409836065573,2.514154452905035,DEAD-CHOP,PRE-OPEN,-9.0,10.725000000000001,21.450000000000003,29927.25,29938.25,-11.0,-23.5,STOP,16.2,75.5
1786407120,2026-08-11,1,16.966666666666665,0.4828767123287671,-3.265543020901021,CLEAN-TREND,OVERNIGHT,70.5,25.449999999999996,50.89999999999999,29749.5,29800.4,50.9,100.3,TARGET,57.5,57.5
1786426260,2026-08-11,-1,7.3,0.8640776699029126,2.516829047209924,BUILDING,OVERNIGHT,-44.5,10.95,21.9,29802.25,29813.5,-11.25,-24.0,STOP,2.6,39.25
1786429920,2026-08-11,-1,10.533333333333331,0.6813186813186813,2.2878745361484936,BUILDING,OVERNIGHT,-62.0,15.799999999999997,31.599999999999994,29745.75,29762.0,-16.25,-34.0,STOP,6.5,19.75
1786430400,2026-08-11,1,13.15,0.0695443645083932,-3.691875440104672,NORMAL-CHOP,OVERNIGHT,7.25,19.725,39.45,29781.75,29761.75,-20.0,-41.5,STOP,8.7,7.5
1786443780,2026-08-11,1,7.933333333333334,0.5389830508474577,-2.252269713744391,BUILDING,PRE-OPEN,39.75,11.9,23.8,29802.0,29825.8,23.8,46.1,TARGET,4.3,85.0
1786455180,2026-08-11,-1,19.15,0.636986301369863,4.240794175545116,CLEAN-TREND,US,-93.0,28.724999999999998,57.449999999999996,29736.5,29679.05,57.45,113.4,TARGET,4.5,100.5
1786526640,2026-08-12,1,6.983333333333333,0.72,-3.7811219319356617,BUILDING,PRE-OPEN,36.0,10.475,20.95,29845.25,29834.5,-10.75,-23.0,STOP,1.0,3.75
1786533360,2026-08-12,-1,6.9,0.3113207547169811,2.07306185521996,BUILDING,PRE-OPEN,-16.5,10.350000000000001,20.700000000000003,29809.5,29820.25,-10.75,-23.0,STOP,17.1,4.0
1786536960,2026-08-12,-1,7.316666666666666,0.5234042553191489,2.173048403453024,BUILDING,PRE-OPEN,-30.75,10.975,21.95,29825.0,29836.25,-11.25,-24.0,STOP,4.7,80.0
1786541460,2026-08-12,-1,16.85,0.1417910447761194,4.048449869701118,VIOLENT-WHIPSAW,US,-19.0,25.275000000000002,50.550000000000004,29927.75,29877.2,50.55,99.6,TARGET,3.0,92.0
1786564500,2026-08-12,-1,14.35,0.167608286252354,6.365875188613548,NORMAL-CHOP,US,-22.25,21.525,43.05,29829.0,29851.0,-22.0,-45.5,STOP,3.3,19.5
1786604340,2026-08-13,1,6.366666666666666,0.5463917525773195,-2.5481172252086344,BUILDING,OVERNIGHT,26.5,9.549999999999999,19.099999999999998,29888.5,29878.5,-10.0,-21.5,STOP,2.4,5.0
1786612500,2026-08-13,-1,7.783333333333333,0.7403846153846154,2.556107976811942,BUILDING,PRE-OPEN,-38.5,11.675,23.35,29828.25,29840.25,-12.0,-25.5,STOP,4.0,1.25
1786621020,2026-08-13,1,6.283333333333333,0.5524475524475524,-2.184411988894318,BUILDING,PRE-OPEN,19.75,9.425,18.85,29882.0,29872.25,-9.75,-21.0,STOP,12.7,13.0
1786629000,2026-08-13,1,29.15,0.6048109965635738,-3.48721023831213,CLEAN-TREND,US,176.0,43.724999999999994,87.44999999999999,30154.0,30241.45,87.45,173.4,TARGET,40.3,113.0
1786669380,2026-08-14,-1,8.0,0.6030534351145038,2.927768094645849,BUILDING,OVERNIGHT,-39.5,12.0,24.0,30135.5,30147.75,-12.25,-26.0,STOP,1.9,11.25
1786704720,2026-08-14,1,5.166666666666667,0.3265306122448979,-2.184527822687985,BUILDING,PRE-OPEN,16.0,7.75,15.5,30244.75,30260.25,15.5,29.5,TARGET,9.1,23.25
1786737540,2026-08-14,1,10.2,0.4285714285714285,-2.4670224185115903,BUILDING,US,35.25,15.299999999999999,30.599999999999998,30144.5,30128.75,-15.75,-33.0,STOP,17.2,10.25
