ts,day,dir,atr,er,fz,regime,session,ext,stop_pt,targ_pt,entry,exit,pts,net,reason,held_min,mfe,far_depletion,imb_signed
1784160120,2026-07-16,1,13.633333333333333,0.2892156862745098,3.9265475120346633,BUILDING,OVERNIGHT,29.5,20.45,40.9,29737.75,29716.75,-21.0,-43.5,STOP,13.6,27.5,0.49765625,-0.0033434117107825623
1784161560,2026-07-16,-1,17.05,0.3777777777777777,-2.974051423321342,BUILDING,OVERNIGHT,-51.0,25.575000000000003,51.150000000000006,29676.5,29625.35,51.15,100.8,TARGET,18.0,74.75,0.49810052600818233,-0.0654639149866326
1784169780,2026-07-16,-1,10.216666666666669,0.1726907630522088,-3.777175359086463,NORMAL-CHOP,OVERNIGHT,-10.75,15.325000000000005,30.65000000000001,29678.75,29694.5,-15.75,-33.0,STOP,4.4,6.75,0.48270089285714285,0.012133320610419614
1784173500,2026-07-16,-1,10.466666666666669,0.2781456953642384,-4.225871057699554,BUILDING,OVERNIGHT,-21.0,15.700000000000005,31.40000000000001,29712.5,29728.75,-16.25,-34.0,STOP,8.2,16.75,0.4850709740577582,0.006804954982478805
1784175660,2026-07-16,-1,10.183333333333334,0.27,-2.336405819531077,BUILDING,OVERNIGHT,-27.0,15.275,30.55,29714.0,29729.75,-15.75,-33.0,STOP,50.0,18.25,0.4980947196516059,0.0245396460465296
1784178780,2026-07-16,1,10.066666666666666,0.3865814696485623,2.054188143132702,BUILDING,OVERNIGHT,30.25,15.1,30.2,29741.75,29771.95,30.2,58.9,TARGET,11.6,54.75,0.5412916887241926,-0.14172404495591764
1784179800,2026-07-16,1,11.433333333333334,0.2348284960422163,10.8519099864926,BUILDING,OVERNIGHT,22.25,17.15,34.3,29781.5,29764.0,-17.5,-36.5,STOP,0.6,3.0,0.4369747899159664,0.1122959670404934
1784180040,2026-07-16,-1,13.983333333333333,0.2747252747252747,-2.5149794225662103,BUILDING,OVERNIGHT,-37.5,20.975,41.95,29711.5,29669.55,41.95,82.4,TARGET,1.1,65.5,0.44341763942931256,0.06567895618746872
1784181600,2026-07-16,1,12.283333333333331,0.3333333333333333,3.2730006710520736,BUILDING,OVERNIGHT,29.75,18.425,36.85,29725.25,29706.5,-18.75,-39.0,STOP,1.9,23.5,0.4416861046317894,0.13459674275434144
1784189460,2026-07-16,-1,15.7,0.4036511156186612,-2.096111034357409,CLEAN-TREND,PRE-OPEN,-49.75,23.55,47.1,29502.75,29527.0,-24.25,-50.0,STOP,8.3,24.75,0.44919508395360913,0.06176964402392346
1784195040,2026-07-16,-1,10.033333333333331,0.3774834437086092,-2.041514933063609,BUILDING,PRE-OPEN,-28.5,15.049999999999995,30.099999999999994,29584.25,29554.15,30.1,58.7,TARGET,11.7,74.25,0.4977096195976897,-0.0016785351760692303
1784202540,2026-07-16,-1,19.98333333333333,0.4735294117647058,-44.40553465508359,CLEAN-TREND,PRE-OPEN,-80.5,29.974999999999994,59.94999999999999,29384.25,29414.75,-30.5,-62.5,STOP,0.8,21.0,0.4838835710099629,0.016763368402892186
1784208600,2026-07-16,1,18.48333333333333,0.4500941619585687,3.361712034897824,CLEAN-TREND,US,59.75,27.724999999999994,55.44999999999999,29507.75,29479.75,-28.0,-57.5,STOP,0.2,21.75,0.49706457925636005,0.03503513897522456
1784208840,2026-07-16,-1,28.75,0.1118279569892473,-2.6638973473670817,VIOLENT-WHIPSAW,US,-26.0,43.125,86.25,29431.75,29345.5,86.25,171.0,TARGET,7.0,174.0,0.505488894562165,-0.04725785386013473
1784209680,2026-07-16,-1,43.41666666666666,0.6815286624203821,-3.193167636170901,CLEAN-TREND,US,-187.25,65.12499999999999,130.24999999999997,29284.0,29349.5,-65.5,-132.5,STOP,3.6,26.25,0.5153546185717768,-0.0031752713366811256
1784210700,2026-07-16,1,44.11666666666667,0.458008658008658,3.142861636083101,CLEAN-TREND,US,132.25,66.175,132.35,29426.25,29401.25,-25.0,-51.5,TIME,60.0,82.75,0.5016042780748663,-0.017596050127183842
1784215500,2026-07-16,1,25.25,0.1948717948717948,2.08965789650454,VIOLENT-WHIPSAW,US,38.0,37.875,75.75,29425.25,29387.0,-38.25,-78.0,STOP,2.8,41.0,0.4576989995650283,0.04340510121167174
1784223600,2026-07-16,-1,19.45,0.2145110410094637,-7.03097084931461,BUILDING,US,-34.0,29.175,58.35,29252.25,29281.75,-29.5,-60.5,STOP,39.3,54.5,0.4249094720792834,0.10215426926537466
1784227200,2026-07-16,-1,19.216666666666665,0.4990791896869245,-4.42535386220839,CLEAN-TREND,US,-67.75,28.825,57.64999999999999,29205.5,29234.75,-29.25,-60.0,STOP,2.1,88.25,0.46118180921377133,0.06678141662101346
1784228820,2026-07-16,-1,20.216666666666665,0.1850828729281768,-2.858867286139986,VIOLENT-WHIPSAW,US,-33.5,30.325,60.64999999999999,29192.25,29131.6,60.65,119.8,TARGET,18.2,113.25,0.5484735381376208,-0.053986742158327904
1784231700,2026-07-16,1,23.2,0.2948557089084065,4.094619402611366,BUILDING,US,58.75,34.8,69.6,29200.75,29165.5,-35.25,-72.0,STOP,18.9,34.25,0.5315060751624753,-0.07893929292818556
1784244720,2026-07-16,-1,10.066666666666666,0.627906976744186,-2.283597944141704,BUILDING,OVERNIGHT,-47.25,15.1,30.2,29071.5,29087.0,-15.5,-32.5,STOP,1.5,65.5,0.46625222024866786,0.09590102186017481
1784245200,2026-07-16,1,14.633333333333333,0.2885375494071146,2.9667348360457293,BUILDING,OVERNIGHT,36.5,21.95,43.9,29125.25,29090.25,-35.0,-71.5,STOP,4.7,0.75,0.456643186786495,0.029736564631381204
1784246400,2026-07-17,1,14.833333333333334,0.2219679633867277,2.098308793058368,BUILDING,OVERNIGHT,24.25,22.25,44.5,29121.0,29098.0,-23.0,-47.5,STOP,0.9,3.0,0.46915374677002586,-0.0005965796663360783
1784246820,2026-07-17,-1,17.95,0.3087719298245614,-2.139846184620083,BUILDING,OVERNIGHT,-44.0,26.925,53.85,29060.5,29006.65,53.85,106.2,TARGET,23.1,67.0,0.4453542185831257,0.07248261585132845
1784248500,2026-07-17,-1,16.0,0.4942528735632184,-6.146104493267684,CLEAN-TREND,OVERNIGHT,-53.75,24.0,48.0,29001.5,29025.75,-24.25,-50.0,STOP,8.7,18.75,0.49218289085545724,0.02977861895019223
1784249400,2026-07-17,1,14.0,0.4615384615384615,2.5325388894893752,CLEAN-TREND,OVERNIGHT,51.0,21.0,42.0,29053.5,29095.5,42.0,82.5,TARGET,11.3,53.0,0.48491773308957953,-0.012198932004761114
1784251980,2026-07-17,-1,15.333333333333334,0.2757009345794392,-4.244520998894869,BUILDING,OVERNIGHT,-29.5,23.0,46.0,28998.5,28952.5,46.0,90.5,TARGET,13.5,83.5,0.45207042712748613,0.08857460616253063
1784254680,2026-07-17,-1,10.816666666666666,0.4501718213058419,-2.807749432122064,BUILDING,OVERNIGHT,-32.75,16.225,32.45,28946.25,28913.8,32.45,63.4,TARGET,15.1,52.5,0.4666788387803542,-0.002642695954403571
1784258520,2026-07-17,1,9.083333333333334,0.9242424242424242,4.598763391605279,BUILDING,OVERNIGHT,61.0,13.625,27.25,29015.25,29001.25,-14.0,-29.5,STOP,1.6,11.25,0.515386959171237,-0.016474720176804396
1784259600,2026-07-17,-1,13.25,0.3953488372093023,-2.342560804551076,BUILDING,OVERNIGHT,-46.75,19.875,39.75,28955.5,28915.75,39.75,78.0,TARGET,15.2,181.75,0.4576528035022731,0.09585445211183022
1784266440,2026-07-17,-1,14.166666666666666,0.446064139941691,-4.332138606256367,CLEAN-TREND,OVERNIGHT,-38.25,21.25,42.5,28772.5,28730.0,42.5,83.5,TARGET,8.7,50.5,0.4481691593604951,0.09165547686360674
1784274300,2026-07-17,-1,14.016666666666667,0.5989010989010989,-7.309635507785607,CLEAN-TREND,PRE-OPEN,-54.5,21.025,42.05,28698.5,28720.0,-21.5,-44.5,STOP,10.1,143.75,0.6146844660194175,-0.2044935280004276
1784275800,2026-07-17,-1,21.05,0.1929824561403508,-2.0846804088788047,VIOLENT-WHIPSAW,PRE-OPEN,-35.75,31.575000000000003,63.150000000000006,28677.0,28613.85,63.15,124.8,TARGET,5.9,122.25,0.46956753870795515,0.020976294461012145
1784277480,2026-07-17,-1,17.733333333333334,0.3507462686567164,-2.4737224740776904,BUILDING,PRE-OPEN,-47.0,26.6,53.2,28568.25,28595.25,-27.0,-55.5,STOP,6.3,13.5,0.44598456701914835,0.0979024779948806
1784281140,2026-07-17,1,13.433333333333334,0.3611111111111111,2.2878963211290166,BUILDING,PRE-OPEN,39.0,20.15,40.3,28707.25,28685.75,-21.5,-44.5,STOP,1.7,114.75,0.4933080978775179,-0.027586858678987004
1784289780,2026-07-17,-1,12.233333333333333,0.3871733966745843,-2.668675345355861,BUILDING,PRE-OPEN,-40.75,18.35,36.7,28703.5,28666.8,36.7,71.9,TARGET,23.0,68.5,0.4482068647067877,0.12251302611419707
1784294700,2026-07-17,1,13.866666666666667,0.0988505747126436,8.375915428244559,NORMAL-CHOP,PRE-OPEN,10.75,20.8,41.6,28640.5,28619.25,-21.25,-44.0,STOP,1.7,247.0,0.4631001778304683,0.07277705295500124
1784295180,2026-07-17,-1,32.81666666666667,0.1626139817629179,-6.665102953060785,VIOLENT-WHIPSAW,US,-53.5,49.22500000000001,98.45000000000002,28574.0,28475.55,98.45,195.4,TARGET,5.2,165.75,0.5062949640287769,-0.003624731114479313
1784296320,2026-07-17,1,43.583333333333336,0.1510791366906475,2.9016466615505423,VIOLENT-WHIPSAW,US,42.0,65.375,130.75,28551.75,28682.5,130.75,260.0,TARGET,7.1,344.25,0.49730102216607325,-0.012955557819340895
1784297160,2026-07-17,1,44.95,0.6867619639527657,4.357100940491742,CLEAN-TREND,US,276.25,67.42500000000001,134.85000000000002,28799.75,28732.0,-67.75,-137.0,STOP,51.6,96.25,0.488233895887806,0.0031570570271924397
1784307060,2026-07-17,1,22.15,0.5270655270655271,3.1388860889138472,CLEAN-TREND,US,92.5,33.224999999999994,66.44999999999999,29020.5,28987.0,-33.5,-68.5,STOP,4.1,26.5,0.5135505641674576,-0.047710873761964874
1784313600,2026-07-17,-1,21.166666666666668,0.0590277777777777,-2.501198220554045,VIOLENT-WHIPSAW,US,-8.5,31.75,63.5,28818.0,28850.0,-32.0,-65.5,STOP,7.0,99.5,0.4752640355753196,0.03461139663776127
1784316480,2026-07-17,1,20.65,0.09375,2.3061868394893805,VIOLENT-WHIPSAW,US,16.5,30.975,61.95,28791.25,28760.0,-31.25,-64.0,STOP,11.1,62.5,0.47719372168966606,0.03209774256977698
1784858280,2026-07-24,-1,12.983333333333333,0.6051948051948052,-2.638071909898124,CLEAN-TREND,OVERNIGHT,-58.25,19.475,38.95,28617.0,28578.05,38.95,76.4,TARGET,34.2,100.75,0.5072058823529412,0.002810012581882927
1784861280,2026-07-24,-1,11.233333333333333,0.4551282051282051,-2.458678698492433,BUILDING,OVERNIGHT,-35.5,16.849999999999998,33.7,28535.75,28553.0,-17.25,-36.0,STOP,27.9,42.0,0.5205974463984582,-0.030398592889941168
1784865600,2026-07-24,-1,10.683333333333334,0.3519163763066202,-3.658099171813818,BUILDING,OVERNIGHT,-25.25,16.025,32.05,28476.75,28493.25,-16.5,-34.5,STOP,4.6,10.5,0.5295303605313093,0.010052741483552285
1784874000,2026-07-24,1,11.866666666666667,0.3812154696132597,2.0149741617557693,BUILDING,OVERNIGHT,34.5,17.8,35.6,28555.75,28537.5,-18.25,-38.0,STOP,7.5,100.75,0.5087362374341791,-0.04546112980242683
1784876460,2026-07-24,1,12.816666666666666,0.4952561669829222,2.0868240729810634,CLEAN-TREND,PRE-OPEN,65.25,19.225,38.45,28563.75,28602.2,38.45,75.4,TARGET,8.0,99.75,0.4809846153846154,0.03598961735293275
1784877120,2026-07-24,1,14.8,0.8089668615984406,2.316279209727782,CLEAN-TREND,PRE-OPEN,103.75,22.200000000000003,44.400000000000006,28624.25,28601.75,-22.5,-46.5,STOP,49.1,39.25,0.5170469446629951,-0.06297038069410214
1784884140,2026-07-24,1,14.166666666666666,0.4015151515151515,4.821786428419242,CLEAN-TREND,PRE-OPEN,53.0,21.25,42.5,28677.5,28656.0,-21.5,-44.5,STOP,2.2,28.25,0.40779127948534666,0.1040457758581587
1784890260,2026-07-24,-1,9.25,0.2907801418439716,-3.022810640228145,BUILDING,PRE-OPEN,-20.5,13.875,27.75,28635.75,28650.0,-14.25,-30.0,STOP,6.4,33.5,0.47949454336588165,0.06545421830005457
1784892660,2026-07-24,-1,10.783333333333331,0.2831325301204819,-3.500137831640094,BUILDING,PRE-OPEN,-23.5,16.174999999999997,32.349999999999994,28629.25,28646.0,-16.75,-35.0,STOP,5.0,28.25,0.48493254318497037,0.08184906289258496
1784893620,2026-07-24,-1,10.983333333333333,0.2009685230024213,-2.129938959058808,BUILDING,PRE-OPEN,-20.75,16.474999999999998,32.95,28609.5,28626.25,-16.75,-35.0,STOP,3.9,8.5,0.4615210758277771,0.07018877928680356
1784894280,2026-07-24,1,14.7,0.2873563218390804,5.290057129782604,BUILDING,PRE-OPEN,43.75,22.05,44.1,28676.0,28653.25,-22.75,-47.0,STOP,2.2,23.0,0.47309478284621687,0.062332901570418035
1784899020,2026-07-24,1,10.733333333333333,0.0967741935483871,3.281429407773976,NORMAL-CHOP,PRE-OPEN,8.25,16.099999999999998,32.2,28605.5,28589.0,-16.5,-34.5,STOP,4.0,16.75,0.4732806324110672,0.045993371011043636
1784900400,2026-07-24,-1,38.13333333333333,0.3263327948303716,-4.3986048335239945,BUILDING,US,-101.0,57.2,114.4,28491.25,28376.85,114.4,227.3,TARGET,11.3,224.0,0.5087753701343269,-0.00020256220479173784
1784903940,2026-07-24,-1,33.766666666666666,0.4165067178502879,-2.742578545041262,CLEAN-TREND,US,-108.5,50.65,101.3,28282.0,28333.0,-51.0,-103.5,STOP,10.2,27.75,0.4717244996066777,0.040298722276482686
1784905020,2026-07-24,1,34.9,0.4367726920093095,2.060111268425882,CLEAN-TREND,US,140.75,52.35,104.7,28415.75,28363.0,-52.75,-107.0,STOP,12.0,164.25,0.4625595020139143,0.06270988731328314
1784906040,2026-07-24,1,40.38333333333333,0.152428810720268,2.0982721095540047,VIOLENT-WHIPSAW,US,45.5,60.575,121.15,28496.0,28617.15,121.15,240.8,TARGET,53.0,135.25,0.5051944914230491,0.017001841536053417
1784915100,2026-07-24,-1,15.983333333333333,0.4080338266384778,-2.6933258974622065,CLEAN-TREND,US,-48.25,23.975,47.95,28459.5,28483.75,-24.25,-50.0,STOP,1.2,200.5,0.5016187050359712,0.020475712905430644
1784917980,2026-07-24,-1,17.216666666666665,0.9322033898305084,-3.3350785611973683,CLEAN-TREND,US,-110.0,25.825,51.64999999999999,28305.75,28254.1,51.65,101.8,TARGET,33.4,93.25,0.5304061470911087,-0.058697743647889204
1785114960,2026-07-27,-1,17.733333333333334,0.492776886035313,-3.574789611738573,CLEAN-TREND,OVERNIGHT,-76.75,26.6,53.2,28558.0,28585.0,-27.0,-55.5,STOP,15.5,32.75,0.5095419847328244,0.02279507214312617
1785130500,2026-07-27,1,7.716666666666667,0.1634615384615384,4.157455571965926,DEAD-CHOP,OVERNIGHT,8.5,11.575,23.15,28691.75,28714.9,23.15,44.8,TARGET,27.2,36.75,0.5741346415917143,-0.19298326858144654
1785141720,2026-07-27,1,9.35,0.4715447154471545,2.897213321021833,BUILDING,PRE-OPEN,29.0,14.025,28.05,28735.75,28721.25,-14.5,-30.5,STOP,17.6,13.25,0.44107833978379823,0.06750286836736248
1785145560,2026-07-27,1,8.316666666666666,0.3170731707317073,3.1253840193500264,BUILDING,PRE-OPEN,26.0,12.475,24.95,28751.0,28738.25,-12.75,-27.0,STOP,23.3,12.75,0.4732532751091703,-0.04577116050136252
1785148980,2026-07-27,1,6.016666666666667,0.180722891566265,2.21064262420827,DEAD-CHOP,PRE-OPEN,7.5,9.025,18.05,28748.25,28738.75,-9.5,-20.5,STOP,16.0,10.5,0.5413046912020218,-0.0856438119648535
1785150060,2026-07-27,-1,6.9,0.4368932038834951,-2.2623228417873773,BUILDING,PRE-OPEN,-22.5,10.35,20.700000000000003,28724.5,28703.8,20.7,39.9,TARGET,18.0,78.75,0.5322525790726675,-0.0709762335322808
1785151560,2026-07-27,-1,8.816666666666666,0.5294117647058824,-2.33816852685194,BUILDING,PRE-OPEN,-38.25,13.225,26.45,28678.25,28651.8,26.45,51.4,TARGET,3.0,49.5,0.515790567213796,0.02158240905975827
1785154380,2026-07-27,-1,10.616666666666667,0.3529411764705882,-4.141011484108428,BUILDING,PRE-OPEN,-33.0,15.925,31.85,28641.25,28657.5,-16.25,-34.0,STOP,16.2,12.5,0.49200313164075604,0.03162652988875434
1785159120,2026-07-27,-1,21.7,0.9320388349514565,-5.502587523257418,CLEAN-TREND,US,-144.0,32.55,65.1,28520.75,28553.75,-33.0,-67.5,STOP,2.3,469.25,0.5473363454870233,-0.11688019432930008
1785159720,2026-07-27,-1,45.05,0.4362880886426593,-3.451143586387229,CLEAN-TREND,US,-157.5,67.57499999999999,135.14999999999998,28458.5,28323.35,135.15,268.8,TARGET,18.3,515.5,0.4792560801144492,-0.0031141326576495333
1785160980,2026-07-27,-1,38.16666666666666,0.567062818336163,-2.876504951156168,CLEAN-TREND,US,-167.0,57.24999999999999,114.49999999999996,28296.75,28182.25,114.5,227.5,TARGET,19.9,358.25,0.5371248025276462,-0.06082488435530613
1785162540,2026-07-27,-1,38.16666666666666,0.6053097345132743,-3.783783136963329,CLEAN-TREND,US,-171.0,57.24999999999999,114.49999999999996,28083.0,27968.5,114.5,227.5,TARGET,11.3,144.5,0.5156263912385362,-0.02530202981278052
1785169500,2026-07-27,1,30.883333333333333,0.1685185185185185,8.790696521360793,VIOLENT-WHIPSAW,US,45.5,46.325,92.65,28192.5,28145.75,-46.75,-95.0,STOP,3.5,12.0,0.4828732956434985,0.06991566743034948
1785178320,2026-07-27,1,23.183333333333334,0.4899328859060403,2.953482432969165,CLEAN-TREND,US,91.25,34.775,69.55,28139.5,28209.05,69.55,137.6,TARGET,14.1,115.5,0.48664025195570454,0.03831177380646315
1785191100,2026-07-27,-1,9.4,0.411371237458194,-3.060773886368608,BUILDING,OVERNIGHT,-30.75,14.1,28.200000000000003,28143.0,28157.5,-14.5,-30.5,STOP,10.4,38.0,0.5389221556886228,-0.06469789494822588
1785193260,2026-07-27,-1,7.566666666666666,0.3523809523809524,-2.2409556203414467,BUILDING,OVERNIGHT,-18.5,11.35,22.7,28113.25,28125.0,-11.75,-25.0,STOP,3.7,8.25,0.46638728828356907,0.06907449900340987
1785197400,2026-07-28,-1,21.966666666666665,0.3480314960629921,-2.2237990823985765,BUILDING,OVERNIGHT,-55.25,32.95,65.89999999999999,28117.0,28051.1,65.9,130.3,TARGET,49.4,128.75,0.45555555555555555,0.06518201185559394
1785208200,2026-07-28,-1,12.816666666666666,0.5835777126099707,-3.5212765927914047,CLEAN-TREND,OVERNIGHT,-49.75,19.225,38.45,27938.75,27958.25,-19.5,-40.5,STOP,2.3,5.75,0.5382808181315644,-0.14082996215580676
1785210000,2026-07-28,1,17.616666666666667,0.1503875968992248,2.12490415729954,VIOLENT-WHIPSAW,OVERNIGHT,24.25,26.425,52.85,28056.75,28030.0,-26.75,-55.0,STOP,14.8,14.25,0.5102445472571051,0.005859938061042697
1785216120,2026-07-28,-1,10.133333333333333,0.4036363636363636,-2.4974233649674527,BUILDING,OVERNIGHT,-27.75,15.2,30.4,27931.75,27901.35,30.4,59.3,TARGET,8.2,92.5,0.5764043025439645,-0.21964209628113418
1785216900,2026-07-28,-1,11.183333333333334,0.8321678321678322,-2.3295414641024133,BUILDING,OVERNIGHT,-59.5,16.775,33.55,27883.25,27900.5,-17.25,-36.0,STOP,1.3,44.0,0.46303337558090407,0.128971202960026
1785218640,2026-07-28,-1,13.266666666666667,0.4613466334164589,-2.921679542118252,CLEAN-TREND,OVERNIGHT,-46.25,19.9,39.8,27862.5,27882.75,-20.25,-42.0,STOP,17.8,23.25,0.5545306565382528,-0.15028217328284146
1785219960,2026-07-28,1,15.383333333333333,0.3319327731092437,2.182203097063795,BUILDING,OVERNIGHT,39.5,23.075,46.15,27885.0,27931.15,46.15,90.8,TARGET,13.7,103.25,0.5079206269801567,-0.07455414206994132
1785235200,2026-07-28,-1,16.25,0.2129277566539923,-3.024027596441117,BUILDING,PRE-OPEN,-28.0,24.375,48.75,27911.25,27936.5,-25.25,-52.0,STOP,5.6,55.25,0.4475971370143149,0.08277224964654978
1785241620,2026-07-28,1,16.55,0.4632034632034632,2.6830335165310766,CLEAN-TREND,PRE-OPEN,53.5,24.825000000000003,49.650000000000006,28011.5,27986.25,-25.25,-52.0,STOP,6.1,22.5,0.4832919083126208,0.12400462932757089
1785245280,2026-07-28,-1,17.283333333333335,0.4046345811051693,-2.0145213207353256,CLEAN-TREND,PRE-OPEN,-56.75,25.925000000000004,51.85000000000001,27948.75,27975.0,-26.25,-54.0,STOP,1.0,345.5,0.47492283950617287,0.09117513871417106
1785246120,2026-07-28,-1,45.03333333333333,0.5773638968481375,-7.124337135330159,CLEAN-TREND,US,-201.5,67.55,135.1,27761.5,27626.4,135.1,268.7,TARGET,31.1,158.25,0.5236121391561807,-0.08974875667617163
1785249360,2026-07-28,1,44.333333333333336,0.2241112828438949,2.2110031365440617,BUILDING,US,72.5,66.5,133.0,27745.75,27878.75,133.0,264.5,TARGET,14.5,266.75,0.48545422095306084,0.055119901977317226
1785251880,2026-07-28,1,35.78333333333333,0.5912031047865459,2.8436736311850046,CLEAN-TREND,US,114.25,53.675,107.35,27913.0,28020.35,107.35,213.2,TARGET,24.4,155.75,0.459653647752395,0.15846601838511754
1785261600,2026-07-28,1,19.716666666666665,0.2437223042836041,2.0564555314586555,BUILDING,US,41.25,29.575,59.14999999999999,27991.0,27961.0,-30.0,-61.5,STOP,1.0,8.25,0.5063,-0.0458448485896844
1785268440,2026-07-28,1,15.4,0.3460620525059666,4.067845156373374,BUILDING,US,36.25,23.1,46.2,27983.25,27959.75,-23.5,-48.5,STOP,0.0,8.5,0.4930564243713249,0.006157476666636393
1785277080,2026-07-28,-1,12.933333333333334,0.6222760290556901,-3.415791233073781,CLEAN-TREND,OVERNIGHT,-64.25,19.4,38.8,27929.75,27890.95,38.8,76.1,TARGET,13.3,198.25,0.43226898887276244,0.09116378671233082
1785278280,2026-07-28,-1,16.116666666666667,0.2962226640159046,-5.253029661812014,BUILDING,OVERNIGHT,-37.25,24.175,48.35,27877.75,27829.4,48.35,95.2,TARGET,7.9,146.25,0.47664862697935456,0.0866815840395018
1785279540,2026-07-28,-1,20.23333333333333,0.6122448979591837,-2.116715616254305,CLEAN-TREND,OVERNIGHT,-105.0,30.349999999999994,60.69999999999999,27757.5,27788.25,-30.75,-63.0,STOP,5.1,26.0,0.4807979120059657,0.07395012750654369
1785286680,2026-07-29,-1,20.6,0.3821656050955414,-3.068653085662034,BUILDING,OVERNIGHT,-60.0,30.9,61.8,28011.75,27949.95,61.8,122.1,TARGET,12.1,226.5,0.48722316865417375,0.021728129435574582
1785289860,2026-07-29,-1,22.116666666666667,0.5868945868945868,-2.093390911495988,CLEAN-TREND,OVERNIGHT,-103.0,33.175,66.35,27839.5,27773.15,66.35,131.2,TARGET,8.3,69.5,0.4791712104689204,0.09007301665860555
1785297060,2026-07-29,-1,17.1,0.4188562596599691,-6.380751840239307,CLEAN-TREND,OVERNIGHT,-67.75,25.65,51.3,27722.0,27670.7,51.3,101.1,TARGET,23.8,81.5,0.46591251885369533,0.02036723201199627
1785301620,2026-07-29,1,21.816666666666663,0.4894217207334274,2.275359085630754,CLEAN-TREND,OVERNIGHT,86.75,32.724999999999994,65.44999999999999,27806.0,27773.0,-33.0,-67.5,STOP,12.3,48.75,0.4685732751656164,0.05544528564993841
1785303360,2026-07-29,1,18.866666666666667,0.4904458598726114,2.051981724509214,CLEAN-TREND,OVERNIGHT,57.75,28.3,56.6,27841.0,27812.25,-28.75,-59.0,STOP,15.0,46.25,0.4744363289933312,0.0166258400659322
1785321420,2026-07-29,-1,13.133333333333333,0.4334975369458128,-2.227007168797229,CLEAN-TREND,PRE-OPEN,-44.0,19.7,39.4,27969.5,27930.1,39.4,77.3,TARGET,28.6,41.0,0.5126332412159494,-0.09229429730544092
1785327240,2026-07-29,-1,15.533333333333331,0.4517958412098298,-5.124923507024557,CLEAN-TREND,PRE-OPEN,-59.75,23.3,46.6,27940.75,27894.15,46.6,91.7,TARGET,1.5,96.0,0.44448640483383683,0.11355927433878393
1785331980,2026-07-29,1,33.38333333333333,0.3085566119273984,3.75110650761116,BUILDING,US,89.25,50.075,100.15,27960.25,27909.75,-50.5,-102.5,STOP,3.1,36.75,0.48934089575591627,0.013300976215370415
1785332820,2026-07-29,-1,48.96666666666667,0.1956363636363636,-3.272656064263503,VIOLENT-WHIPSAW,US,-67.25,73.45,146.9,27835.5,27688.6,146.9,292.3,TARGET,8.7,325.5,0.5109652394450246,-0.02502062462353339
1785335040,2026-07-29,-1,37.083333333333336,0.3823008849557522,-4.148841647995558,BUILDING,US,-108.0,55.625,111.25,27620.5,27603.5,17.0,32.5,TIME,60.0,110.5,0.48054449723898807,-0.014022909077352983
1785340440,2026-07-29,-1,24.08333333333333,0.2507204610951009,-4.5172606417350485,BUILDING,US,-43.5,36.12499999999999,72.24999999999999,27494.5,27531.0,-36.5,-74.5,STOP,5.1,85.5,0.483065953654189,0.048066629900955365
1785342180,2026-07-29,1,22.4,0.315112540192926,4.60504308904729,BUILDING,US,49.0,33.599999999999994,67.19999999999999,27512.0,27579.2,67.2,132.9,TARGET,6.6,237.75,0.4655106464363126,0.09191604491433504
1785348000,2026-07-29,1,25.916666666666668,0.7214700193423598,6.174411546120006,CLEAN-TREND,US,186.5,38.875,77.75,27850.75,27811.0,-39.75,-81.0,STOP,0.5,246.25,0.5648745519713262,-0.07933305563500466
1785350400,2026-07-29,1,45.45,0.5697569756975698,3.23787240536577,CLEAN-TREND,US,158.25,68.17500000000001,136.35000000000002,27905.75,28042.1,136.35,271.2,TARGET,6.7,194.0,0.5284693656635635,-0.08464512769826284
1785352860,2026-07-29,-1,47.333333333333336,0.5986301369863014,-8.0401566359331,CLEAN-TREND,US,-218.5,71.0,142.0,27738.25,27596.25,142.0,282.5,TARGET,11.9,538.25,0.5039099752050353,0.004666889376906725
1785354720,2026-07-29,-1,43.93333333333333,0.5626072041166381,-3.002964565079828,CLEAN-TREND,US,-164.0,65.89999999999999,131.79999999999998,27414.75,27282.95,131.8,262.1,TARGET,7.7,214.75,0.4958325615854788,0.032831713272176544
1785366240,2026-07-29,1,13.233333333333333,0.4691358024691358,3.991716557332828,CLEAN-TREND,OVERNIGHT,38.0,19.85,39.7,27479.5,27519.2,39.7,77.9,TARGET,3.9,79.75,0.43333333333333335,0.15123975456355881
1785369960,2026-07-30,1,29.83333333333333,0.279395900755124,2.2668689138998026,BUILDING,OVERNIGHT,64.75,44.74999999999999,89.49999999999999,27575.0,27530.0,-45.0,-91.5,STOP,31.4,58.5,0.4700944386149003,0.06860594973155683
1785373560,2026-07-30,1,23.466666666666665,0.5902061855670103,2.484456048478104,CLEAN-TREND,OVERNIGHT,114.5,35.2,70.39999999999999,27630.0,27594.5,-35.5,-72.5,STOP,3.2,67.0,0.45846380548904037,0.015207642224041338
1785377040,2026-07-30,-1,17.666666666666668,0.2862190812720848,-2.3267578068131844,BUILDING,OVERNIGHT,-40.5,26.5,53.0,27640.75,27667.5,-26.75,-55.0,STOP,7.1,104.75,0.4621499548328817,0.030768421896545217
1785380280,2026-07-30,-1,19.58333333333333,0.3169319826338639,-2.531140495943616,BUILDING,OVERNIGHT,-54.75,29.374999999999996,58.74999999999999,27545.25,27575.0,-29.75,-61.0,STOP,3.9,73.75,0.532460372157133,-0.09202975636382993
1785384900,2026-07-30,-1,15.6,0.3672055427251732,-4.259457798850571,BUILDING,OVERNIGHT,-39.75,23.4,46.8,27478.5,27502.25,-23.75,-49.0,STOP,9.9,58.0,0.4757591901971231,0.1061279864525148
1785387720,2026-07-30,-1,15.566666666666666,0.6555269922879178,-2.548827195645738,CLEAN-TREND,OVERNIGHT,-63.75,23.35,46.7,27429.5,27453.25,-23.75,-49.0,STOP,3.2,9.0,0.47694915254237286,0.07421770930802114
1785390360,2026-07-30,1,17.466666666666665,0.4947916666666667,3.867694169199928,CLEAN-TREND,OVERNIGHT,47.5,26.2,52.39999999999999,27537.25,27510.75,-26.5,-54.5,STOP,1.5,0.5,0.443097379741885,0.11058374300584133
1785394860,2026-07-30,1,19.78333333333333,0.2988505747126437,7.864063244734138,BUILDING,PRE-OPEN,52.0,29.675,59.35,27507.25,27477.25,-30.0,-61.5,STOP,6.0,14.25,0.46375169913910286,0.04959563927522477
1785396060,2026-07-30,-1,21.03333333333333,0.5225464190981433,-2.177088251463533,CLEAN-TREND,PRE-OPEN,-98.5,31.55,63.1,27408.0,27440.0,-32.0,-65.5,STOP,21.8,71.0,0.524641577060932,0.006098321252654734
1785403260,2026-07-30,1,15.15,0.6256983240223464,2.372999037919923,CLEAN-TREND,PRE-OPEN,56.0,22.725,45.45,27559.75,27536.75,-23.0,-47.5,STOP,21.2,57.25,0.4533009876971062,0.12583481543431269
1785405540,2026-07-30,-1,10.333333333333334,0.3557046979865771,-2.25361255507472,BUILDING,PRE-OPEN,-26.5,15.5,31.0,27516.25,27532.0,-15.75,-33.0,STOP,5.9,28.25,0.4788002221810776,0.0819884671561777
1785414600,2026-07-30,1,18.85,0.1598513011152416,2.50735295090857,VIOLENT-WHIPSAW,PRE-OPEN,21.5,28.275,56.55,27772.75,27743.75,-29.0,-59.5,STOP,0.4,120.0,0.46873398257303944,0.0825480187560761
1785416460,2026-07-30,1,18.433333333333334,0.6395604395604395,2.613486073925976,CLEAN-TREND,PRE-OPEN,72.75,27.65,55.3,27847.25,27819.25,-28.0,-57.5,STOP,31.6,321.75,0.4560918871765048,0.07376096442534322
1785418920,2026-07-30,1,45.766666666666666,0.392812887236679,6.202486255877977,BUILDING,US,79.25,68.65,137.3,27937.75,28075.05,137.3,273.1,TARGET,7.8,308.0,0.5095671054417152,-0.04019105261539022
1785421620,2026-07-30,1,30.25,0.5726495726495726,5.93691905017448,CLEAN-TREND,US,100.5,45.375,90.75,28212.0,28166.25,-45.75,-93.0,STOP,16.3,33.75,0.4896132216228624,-0.000248324087467018
1785424140,2026-07-30,1,38.18333333333333,0.2050078247261345,2.6723074593397422,BUILDING,US,65.5,57.27499999999999,114.54999999999998,28133.75,28076.0,-57.75,-117.0,STOP,0.8,34.0,0.46628859483301827,0.05687375184898593
1785427440,2026-07-30,1,29.216666666666665,0.142578125,2.2674081536773545,VIOLENT-WHIPSAW,US,36.5,43.825,87.64999999999999,28151.25,28107.0,-44.25,-90.0,STOP,35.2,41.5,0.47675478577939834,0.039745541214692606
1785430800,2026-07-30,1,19.6,0.3868613138686131,4.603129919133326,BUILDING,US,66.25,29.4,58.8,28159.25,28192.0,32.75,64.0,TIME,60.0,49.25,0.4857830772758542,-0.016315876013717943
1785438120,2026-07-30,1,12.3,0.3,2.6150675428056207,BUILDING,US,19.5,18.450000000000003,36.900000000000006,28202.75,28239.65,36.9,72.3,TARGET,5.5,162.75,0.49908363075142276,-0.029187318426373357
1785438540,2026-07-30,1,13.583333333333334,0.802247191011236,3.112006515275952,CLEAN-TREND,US,89.25,20.375,40.75,28254.75,28295.5,40.75,80.0,TARGET,3.0,110.75,0.4969212847395573,-0.0750585307020577
1785441660,2026-07-30,1,32.45,0.439572192513369,5.232699763664641,CLEAN-TREND,OVERNIGHT,102.75,48.675,97.35,28333.0,28284.0,-49.0,-99.5,STOP,9.7,77.0,0.4866727941176471,-0.03892761659617493
1785450180,2026-07-30,-1,14.65,0.2166666666666666,-2.1183207228915224,BUILDING,OVERNIGHT,-26.0,21.975,43.95,28360.5,28382.75,-22.25,-46.0,STOP,13.4,28.5,0.3960900977475563,0.2599558170210498
1785451320,2026-07-30,1,13.9,0.4207920792079208,3.126870302967608,CLEAN-TREND,OVERNIGHT,42.5,20.85,41.7,28392.5,28371.25,-21.25,-44.0,STOP,38.8,33.0,0.5621998078770413,-0.1798416081430332
1785454860,2026-07-30,1,13.383333333333333,0.3985507246376811,2.291146603109855,BUILDING,OVERNIGHT,27.5,20.075,40.15,28409.5,28449.65,40.15,78.8,TARGET,24.1,100.5,0.46684502197592204,0.09784527349387563
1785456840,2026-07-31,1,18.133333333333333,0.3604887983706721,2.00586575872234,BUILDING,OVERNIGHT,44.25,27.2,54.4,28468.25,28522.65,54.4,107.3,TARGET,44.6,101.75,0.488585184034788,-0.006559236667092772
1785459960,2026-07-31,1,11.283333333333331,0.7596371882086168,3.125011644373199,BUILDING,OVERNIGHT,83.75,16.924999999999997,33.849999999999994,28566.75,28549.5,-17.25,-36.0,STOP,17.4,13.25,0.45470012760527434,0.07304871557997714
1785463440,2026-07-31,-1,15.566666666666666,0.1408199643493761,-2.2891003535816177,VIOLENT-WHIPSAW,OVERNIGHT,-19.75,23.35,46.7,28446.0,28470.0,-24.0,-49.5,STOP,1.5,56.25,0.44515921518173046,0.02233055675447656
1785465420,2026-07-31,-1,12.316666666666666,0.2903225806451613,-2.0748741852425043,BUILDING,OVERNIGHT,-22.5,18.475,36.95,28393.25,28412.0,-18.75,-39.0,STOP,0.4,0.5,0.5208827014218009,-0.027630736469068537
1785467760,2026-07-31,1,13.983333333333333,0.1959798994974874,2.759473740920842,NORMAL-CHOP,OVERNIGHT,19.5,20.975,41.95,28439.5,28472.25,32.75,64.0,TIME,60.0,39.25,0.5245111929725135,-0.05322185391403943
1785472380,2026-07-31,1,10.333333333333334,0.6129032258064516,2.1369063114518965,BUILDING,OVERNIGHT,42.75,15.5,31.0,28526.25,28557.25,31.0,60.5,TARGET,33.1,56.5,0.569076052796983,-0.1267568012085639
1785475680,2026-07-31,1,7.2,0.5129533678756477,6.845016716881816,BUILDING,OVERNIGHT,24.75,10.8,21.6,28578.25,28567.0,-11.25,-24.0,STOP,2.3,34.0,0.5328083989501312,-0.19066055634976542
1785477600,2026-07-31,1,11.166666666666666,0.3453453453453453,2.909956663624292,BUILDING,OVERNIGHT,28.75,16.75,33.5,28593.0,28576.0,-17.0,-35.5,STOP,29.5,19.25,0.5,0.0340103126858364
1785479640,2026-07-31,-1,11.2,0.80440097799511,-2.1906595882940008,BUILDING,OVERNIGHT,-82.25,16.799999999999997,33.599999999999994,28523.5,28489.9,33.6,65.7,TARGET,1.7,73.25,0.46641477749790095,0.01602237818493635
1785480060,2026-07-31,-1,17.55,0.7259380097879282,-2.057349442762999,CLEAN-TREND,OVERNIGHT,-111.25,26.325000000000003,52.650000000000006,28477.0,28504.0,-27.0,-55.5,STOP,13.0,26.75,0.5221674876847291,-0.09759009036885069
1785485940,2026-07-31,1,18.183333333333334,0.3413793103448276,2.9608480926575536,BUILDING,PRE-OPEN,49.5,27.275,54.55,28593.5,28565.75,-27.75,-57.0,STOP,3.7,48.5,0.46441947565543074,0.15728871914269513
1785488400,2026-07-31,1,12.4,0.472,6.233646974555197,CLEAN-TREND,PRE-OPEN,44.25,18.6,37.2,28616.25,28597.25,-19.0,-39.5,STOP,27.5,25.75,0.5020501886173528,-0.028531950816235267
1785492000,2026-07-31,-1,11.116666666666667,0.4358974358974359,-2.089919815275572,BUILDING,PRE-OPEN,-38.25,16.675,33.35,28523.0,28540.0,-17.0,-35.5,STOP,0.7,3.75,0.5106888361045131,-0.03622759566083881
1785493200,2026-07-31,1,10.383333333333333,0.5736677115987461,2.1494353188525537,BUILDING,PRE-OPEN,45.75,15.575,31.15,28572.0,28556.0,-16.0,-33.5,STOP,3.9,54.0,0.3891918691125434,0.14583839592296427
1785494940,2026-07-31,-1,9.95,0.208955223880597,-2.3150693126997086,BUILDING,PRE-OPEN,-14.0,14.925,29.85,28553.75,28569.0,-15.25,-32.0,STOP,0.9,31.5,0.4356317257871662,0.10215246948163756
1785495780,2026-07-31,1,14.55,0.3892473118279569,2.1929961862696907,BUILDING,PRE-OPEN,45.25,21.825000000000003,43.650000000000006,28613.5,28591.25,-22.25,-46.0,STOP,9.5,12.5,0.49722072798995876,-0.03589550074987199
1785496560,2026-07-31,-1,13.916666666666666,0.3421750663129973,-2.8118673738153976,BUILDING,PRE-OPEN,-32.25,20.875,41.75,28566.5,28524.75,41.75,82.0,TARGET,16.7,109.5,0.5095238095238095,-0.009110286970520203
1785499380,2026-07-31,-1,11.083333333333334,0.4556962025316455,-3.2793477251340053,BUILDING,PRE-OPEN,-36.0,16.625,33.25,28510.5,28477.25,33.25,65.0,TARGET,10.6,78.5,0.4687840290381125,0.022984604972823005
1785500340,2026-07-31,-1,13.6,0.6766467065868264,-2.294628843756376,CLEAN-TREND,PRE-OPEN,-56.5,20.4,40.8,28456.0,28476.75,-20.75,-43.0,STOP,1.1,24.0,0.5377544320420223,-0.1681765647676518
1785502260,2026-07-31,1,17.466666666666665,0.1813471502590673,2.145588324226076,VIOLENT-WHIPSAW,PRE-OPEN,17.5,26.2,52.39999999999999,28478.0,28530.4,52.4,103.3,TARGET,19.2,247.75,0.4844054580896686,-0.056229524482396216
1785504300,2026-07-31,1,11.633333333333333,0.4612794612794613,3.451653312721099,BUILDING,PRE-OPEN,34.25,17.45,34.9,28561.25,28543.5,-17.75,-37.0,STOP,4.0,164.5,0.5440845314394596,-0.08552090374462344
1785504660,2026-07-31,1,21.33333333333333,0.7063829787234043,2.9356572912897847,CLEAN-TREND,US,83.0,31.999999999999996,63.99999999999999,28627.0,28691.0,64.0,126.5,TARGET,1.1,98.75,0.5372441080337176,-0.07476373226348504
1785505320,2026-07-31,-1,49.03333333333333,0.2255892255892256,-4.053187517514725,BUILDING,US,-83.75,73.55,147.1,28481.25,28334.15,147.1,292.7,TARGET,5.7,401.5,0.5261338214358349,-0.024010369705615604
1785506640,2026-07-31,-1,54.21666666666667,0.3065976714100905,-3.779151118283109,BUILDING,US,-118.5,81.325,162.65,28243.0,28080.35,162.65,323.8,TARGET,11.3,163.25,0.4786896205916764,0.020639095334659463
1785517260,2026-07-31,1,19.5,0.4496402877697841,2.107072931284048,CLEAN-TREND,US,62.5,29.25,58.5,28405.25,28375.5,-29.75,-61.0,STOP,5.4,97.5,0.5119252743266528,-0.08567948977585313
1785526860,2026-07-31,-1,14.85,0.4057142857142857,-2.667814844110766,CLEAN-TREND,US,-35.5,22.275,44.55,28437.0,28459.75,-22.75,-47.0,STOP,1.0,96.5,0.4745281104120154,0.052335313912870524
1785527940,2026-07-31,-1,27.33333333333333,0.3083743842364532,-6.919239298179798,BUILDING,US,-78.25,40.99999999999999,81.99999999999999,28402.25,28320.25,82.0,162.5,TARGET,53.6,136.25,0.4952050837666089,-0.01861620817981254
1785719580,2026-08-03,-1,15.166666666666666,0.2850241545893719,-3.3339961700926035,BUILDING,OVERNIGHT,-29.5,22.75,45.5,28585.75,28608.75,-23.0,-47.5,STOP,13.1,21.75,0.5759690888695002,-0.07184158069535672
1785722280,2026-08-03,1,10.55,0.335423197492163,5.0912129836728495,BUILDING,OVERNIGHT,26.75,15.825,31.65,28647.25,28631.0,-16.25,-34.0,STOP,1.6,33.5,0.6013784461152882,-0.23262858129672565
1785729000,2026-08-03,1,7.9,0.6814159292035398,8.522105087630996,BUILDING,OVERNIGHT,38.5,11.85,23.700000000000003,28693.25,28681.0,-12.25,-26.0,STOP,4.9,5.0,0.5296172115115955,0.06969226145757029
1785732480,2026-08-03,1,6.05,0.0635838150289017,2.3296621651874423,DEAD-CHOP,OVERNIGHT,2.75,9.075,18.15,28684.75,28675.25,-9.5,-20.5,STOP,1.8,4.75,0.5144961604764143,-0.11285081737590552
1785732900,2026-08-03,-1,7.45,0.3063063063063063,-2.8179569942708893,BUILDING,OVERNIGHT,-17.0,11.175,22.35,28653.5,28665.0,-11.5,-24.5,STOP,4.7,36.0,0.47096171802054154,0.09880072834631515
1785733500,2026-08-03,-1,8.983333333333333,0.4983498349834983,-2.90366447030504,BUILDING,OVERNIGHT,-37.75,13.474999999999998,26.95,28638.0,28651.75,-13.75,-29.0,STOP,5.6,20.5,0.5196156925540433,-0.10065392108739178
1785738300,2026-08-03,-1,8.9,0.6612021857923497,-3.204796977977978,BUILDING,OVERNIGHT,-30.25,13.35,26.700000000000003,28625.75,28639.5,-13.75,-29.0,STOP,5.7,63.0,0.509697933227345,-0.049925603271761335
1785739680,2026-08-03,-1,9.216666666666669,0.6305220883534136,-2.786773512724317,BUILDING,OVERNIGHT,-39.25,13.825000000000005,27.65000000000001,28603.25,28575.6,27.65,53.8,TARGET,12.2,43.25,0.4417378201908589,0.012591088578521209
1785744180,2026-08-03,-1,12.4,0.3854748603351955,-3.549360784445037,BUILDING,PRE-OPEN,-34.5,18.6,37.2,28539.25,28558.25,-19.0,-39.5,STOP,8.3,67.25,0.5845548020126887,-0.21271316203059412
1785754800,2026-08-03,-1,12.383333333333333,0.1518987341772152,-6.539891665468391,NORMAL-CHOP,PRE-OPEN,-12.0,18.575,37.15,28512.25,28475.1,37.15,72.8,TARGET,5.8,111.25,0.5120490725865342,-0.10389755962134055
1785757080,2026-08-03,-1,16.183333333333334,0.1875,-2.1174223194290698,VIOLENT-WHIPSAW,PRE-OPEN,-28.5,24.275,48.55,28464.5,28415.95,48.55,95.6,TARGET,14.5,81.75,0.4778557460025308,0.08332956684616005
1785759660,2026-08-03,1,13.683333333333334,0.5853131749460043,3.2770817182171856,CLEAN-TREND,PRE-OPEN,67.75,20.525,41.05,28453.75,28432.75,-21.0,-43.5,STOP,2.8,42.75,0.49153175591531756,0.02722241193562571
1785763080,2026-08-03,1,14.916666666666666,0.328735632183908,2.3190607402289447,BUILDING,PRE-OPEN,35.75,22.375,44.75,28489.25,28466.5,-22.75,-47.0,STOP,2.9,149.75,0.49912324649298595,0.01973611413465932
1785763620,2026-08-03,-1,17.766666666666666,0.2840722495894909,-4.575162196517118,BUILDING,PRE-OPEN,-43.25,26.65,53.3,28412.25,28358.95,53.3,105.1,TARGET,3.0,99.25,0.4757785467128028,0.019285973878301672
1785763860,2026-08-03,-1,25.933333333333334,0.592814371257485,-6.290221935521773,CLEAN-TREND,US,-123.75,38.9,77.8,28349.75,28389.0,-39.25,-80.0,STOP,2.1,36.75,0.5321435814236464,-0.07535319833202807
1785766680,2026-08-03,1,32.71666666666667,0.3042452830188679,2.4736853620150048,BUILDING,US,64.5,49.075,98.15,28630.0,28728.15,98.15,194.8,TARGET,20.3,175.0,0.5241313760692787,-0.10741552906010782
1785772380,2026-08-03,1,14.066666666666666,0.6826568265682657,5.062294863661012,CLEAN-TREND,US,46.25,21.1,42.2,28807.25,28785.75,-21.5,-44.5,STOP,3.3,40.25,0.5184322856034148,-0.10478030908104632
1785777000,2026-08-03,1,10.45,0.392156862745098,3.756857441100879,BUILDING,US,30.0,15.675,31.35,28852.75,28884.1,31.35,61.2,TARGET,16.2,112.25,0.4943448488112641,-0.01791146764622451
1785779700,2026-08-03,1,7.2,0.7055214723926381,2.222183447874187,BUILDING,US,28.75,10.8,21.6,28910.0,28931.6,21.6,41.7,TARGET,5.6,55.0,0.5051306873184899,0.002560231560361891
1785780240,2026-08-03,1,8.183333333333334,0.9728506787330315,2.4606211500965927,BUILDING,US,53.75,12.275,24.55,28946.0,28933.25,-12.75,-27.0,STOP,13.7,19.0,0.5053675871770194,0.010485718738350167
1785796800,2026-08-03,1,8.066666666666666,0.316017316017316,2.3042845651835964,BUILDING,OVERNIGHT,18.25,12.1,24.2,28961.25,28948.75,-12.5,-26.5,STOP,4.4,0.75,0.5220033528918693,-0.06293493872903161
1785798360,2026-08-03,-1,6.65,0.2356020942408377,-2.788076902877848,BUILDING,OVERNIGHT,-11.25,9.975,19.950000000000003,28932.0,28942.25,-10.25,-22.0,STOP,8.9,1.5,0.5763101983002833,-0.14565251419345634
1785800820,2026-08-03,1,7.783333333333333,0.0875912408759124,4.84367414630177,DEAD-CHOP,OVERNIGHT,6.0,11.675,23.35,28959.5,28947.5,-12.0,-25.5,STOP,12.4,19.5,0.4738722644037517,-0.033471906877288654
1785802320,2026-08-04,-1,15.166666666666666,0.2535885167464115,-6.825135935116659,BUILDING,OVERNIGHT,-26.5,22.75,45.5,28931.5,28886.0,45.5,89.5,TARGET,21.8,100.0,0.47535849678589087,0.10352183707113286
1785805200,2026-08-04,-1,15.1,0.2085308056872037,-2.430086453334482,BUILDING,OVERNIGHT,-22.0,22.65,45.3,28855.75,28878.75,-23.0,-47.5,STOP,14.3,24.25,0.5045871559633027,0.009831612805252092
1785806400,2026-08-04,1,14.85,0.2391304347826087,2.134861233949013,BUILDING,OVERNIGHT,27.5,22.275,44.55,28888.25,28932.8,44.55,87.6,TARGET,14.7,161.0,0.49482095294465817,-0.02028574312477609
1785808260,2026-08-04,1,13.65,0.7303822937625755,6.242982737251691,CLEAN-TREND,OVERNIGHT,90.75,20.475,40.95,29011.75,28991.0,-20.75,-43.0,STOP,14.2,37.5,0.4938593226646818,0.05445241194537947
1785810060,2026-08-04,-1,14.766666666666667,0.4716981132075472,-2.2818119576801785,CLEAN-TREND,OVERNIGHT,-50.0,22.15,44.3,28947.75,28970.25,-22.5,-46.5,STOP,8.9,17.75,0.5026462395543175,-0.004308897483020843
1785815880,2026-08-04,1,9.766666666666667,0.6014234875444839,3.969280544736385,BUILDING,OVERNIGHT,42.25,14.650000000000002,29.300000000000004,29004.5,28989.5,-15.0,-31.5,STOP,5.2,19.0,0.49752611324903795,-0.004856799406882405
1785818160,2026-08-04,-1,6.033333333333333,0.0833333333333333,-2.7744613702802843,DEAD-CHOP,OVERNIGHT,-3.5,9.05,18.1,28997.5,29007.0,-9.5,-20.5,STOP,8.8,19.0,0.5004834921950546,-0.0006356547801362791
1785821340,2026-08-04,1,10.033333333333331,0.5523465703971119,4.599920587300738,BUILDING,OVERNIGHT,38.25,15.049999999999995,30.099999999999994,29026.25,29056.35,30.1,58.7,TARGET,5.9,72.75,0.48702433777060644,0.03866020021280817
1785833100,2026-08-04,-1,11.383333333333333,0.5411764705882353,-4.0408106371325845,BUILDING,PRE-OPEN,-46.0,17.075,34.15,29054.75,29072.5,-17.75,-37.0,STOP,9.1,47.25,0.5039706780696396,-0.01215850054966546
1785834360,2026-08-04,-1,10.116666666666667,0.3422818791946309,-3.101094444854415,BUILDING,PRE-OPEN,-25.5,15.175,30.35,29035.5,29051.0,-15.5,-32.5,STOP,23.5,28.0,0.4604105571847507,0.05322230713288237
1785839760,2026-08-04,-1,9.483333333333333,0.395017793594306,-6.120737568457025,BUILDING,PRE-OPEN,-27.75,14.224999999999998,28.45,29080.0,29094.5,-14.5,-30.5,STOP,6.3,6.5,0.5044006446014627,0.0016598816733312293
1785840240,2026-08-04,1,13.633333333333333,0.2179487179487179,8.864979306726724,BUILDING,PRE-OPEN,25.5,20.45,40.9,29121.75,29162.65,40.9,80.3,TARGET,36.8,90.75,0.44778210116731515,0.1004613998110672
1785843780,2026-08-04,1,11.883333333333333,0.2623376623376623,10.7960184960225,BUILDING,PRE-OPEN,25.25,17.825,35.65,29194.75,29176.5,-18.25,-38.0,STOP,0.4,51.25,0.486162955335307,0.018000841829678357
1785848520,2026-08-04,1,11.683333333333334,0.2597864768683274,3.49429423323744,BUILDING,PRE-OPEN,18.25,17.525,35.05,29220.5,29255.55,35.05,68.6,TARGET,17.7,284.0,0.44483985765124556,0.11877094064561976
1785851100,2026-08-04,1,35.31666666666667,0.4871794871794871,6.51261991532138,CLEAN-TREND,US,152.0,52.97500000000001,105.95000000000002,29453.5,29559.45,105.95,210.4,TARGET,42.7,125.75,0.47230962869729387,0.03826615753158531
1785855720,2026-08-04,1,16.933333333333334,0.2180094786729857,2.189292985537942,BUILDING,US,23.0,25.4,50.8,29578.25,29629.05,50.8,100.1,TARGET,13.6,121.25,0.5298262094880225,-0.1426926576930298
1785857880,2026-08-04,1,13.733333333333333,0.1471321695760598,5.9472438781736825,NORMAL-CHOP,US,14.75,20.6,41.2,29672.5,29713.7,41.2,80.9,TARGET,42.0,59.0,0.48178181425018923,0.033300813288833185
1785862800,2026-08-04,1,9.4,0.4307116104868914,2.7492480958973324,BUILDING,US,28.75,14.1,28.200000000000003,29761.5,29789.7,28.2,54.9,TARGET,4.4,136.75,0.5244796439324519,-0.07156114044312346
1785864360,2026-08-04,1,11.8,0.2923076923076923,2.86976626109459,BUILDING,US,23.75,17.700000000000003,35.400000000000006,29817.5,29852.9,35.4,69.3,TARGET,13.4,80.75,0.4736366165831942,-0.004988601721916361
1785866400,2026-08-04,-1,17.033333333333335,0.4684512428298279,-4.495849561544723,CLEAN-TREND,US,-61.25,25.550000000000004,51.10000000000001,29819.25,29845.25,-26.0,-53.5,STOP,1.0,9.25,0.4825191570881226,-0.003918224327409577
1785868620,2026-08-04,-1,11.433333333333334,0.125,-2.2734224536438203,NORMAL-CHOP,US,-11.5,17.15,34.3,29859.25,29876.75,-17.5,-36.5,STOP,5.7,19.25,0.5010944222205449,-0.023931398202739252
1785870000,2026-08-04,1,11.35,0.403076923076923,2.528805153696215,BUILDING,US,32.75,17.025,34.05,29902.25,29936.3,34.05,66.6,TARGET,10.9,54.25,0.5315153259461793,-0.13092730437924838
1785871680,2026-08-04,-1,11.85,0.445859872611465,-2.4386814043156533,BUILDING,US,-35.0,17.775,35.55,29893.25,29911.5,-18.25,-38.0,STOP,2.9,135.5,0.4976825028968714,0.021752157927637426
1785873240,2026-08-04,-1,15.983333333333333,0.447191011235955,-3.538560647437425,CLEAN-TREND,US,-49.75,23.975,47.95,29871.5,29895.75,-24.25,-50.0,STOP,5.1,113.75,0.4811330401881583,0.018908524186790603
1785874500,2026-08-04,-1,27.466666666666665,0.152963671128107,-2.43330237748376,VIOLENT-WHIPSAW,OVERNIGHT,-40.0,41.2,82.39999999999999,29821.25,29819.25,2.0,2.5,TIME,44.0,63.5,0.4756003098373354,0.05587061717646752
1785883380,2026-08-04,-1,9.15,0.528957528957529,-4.11860859492878,BUILDING,OVERNIGHT,-34.25,13.725,27.450000000000003,29796.25,29810.25,-14.0,-29.5,STOP,2.8,3.25,0.4545111362778407,0.19199641397364572
1785884640,2026-08-04,1,9.85,0.4750830564784053,7.838193682167063,BUILDING,OVERNIGHT,35.75,14.775,29.55,29839.0,29823.75,-15.25,-32.0,STOP,19.6,18.25,0.5775835633241337,-0.10506617103237731
1785886380,2026-08-04,-1,8.433333333333334,0.4509803921568627,-2.1924012675293123,BUILDING,OVERNIGHT,-28.75,12.65,25.3,29816.5,29829.5,-13.0,-27.5,STOP,6.8,13.75,0.4209060997215895,0.20817257435111844
1785888360,2026-08-05,1,17.033333333333335,0.1132075471698113,3.954566675035714,VIOLENT-WHIPSAW,OVERNIGHT,15.0,25.550000000000004,51.10000000000001,29861.0,29835.0,-26.0,-53.5,STOP,1.7,16.5,0.5024368630926008,-0.0034003099541245513
1785890880,2026-08-05,-1,11.383333333333333,0.6796875,-4.588915875193351,BUILDING,OVERNIGHT,-43.5,17.075,34.15,29824.25,29841.75,-17.5,-36.5,STOP,2.8,27.5,0.48753238341968913,0.05208533200844802
1785896760,2026-08-05,-1,6.7,0.5947712418300654,-2.9468820780020124,BUILDING,OVERNIGHT,-22.75,10.05,20.1,29853.5,29864.0,-10.5,-22.5,STOP,18.3,11.25,0.4961487383798141,-0.00032631089069063633
1785904800,2026-08-05,1,6.383333333333334,0.6380090497737556,5.028582995316759,BUILDING,OVERNIGHT,35.25,9.575,19.15,29905.25,29895.25,-10.0,-21.5,STOP,10.4,43.75,0.48394421018488487,0.12403413766450962
1785906360,2026-08-05,1,8.683333333333334,0.5753424657534246,3.4451216484383624,BUILDING,OVERNIGHT,42.0,13.025,26.05,29931.75,29957.8,26.05,50.6,TARGET,44.1,55.0,0.48602571268865286,0.06916282690236371
1785914640,2026-08-05,-1,9.966666666666669,0.4564459930313589,-3.4757381782935304,BUILDING,PRE-OPEN,-32.75,14.950000000000005,29.90000000000001,29929.5,29899.6,29.9,58.3,TARGET,5.7,104.5,0.49840301974448314,0.016088557998112936
1785917400,2026-08-05,-1,11.983333333333333,0.1625,-4.6383165308359855,NORMAL-CHOP,PRE-OPEN,-13.0,17.974999999999998,35.95,29881.75,29845.8,35.95,70.4,TARGET,10.8,85.0,0.5249916879086778,-0.045742523097481474
1785925560,2026-08-05,1,7.683333333333334,0.6455696202531646,2.088561354409701,BUILDING,PRE-OPEN,25.5,11.525,23.05,29862.5,29850.5,-12.0,-25.5,STOP,3.8,58.75,0.5086206896551724,0.02538749122785869
1785927600,2026-08-05,1,10.966666666666669,0.485254691689008,8.860896827896724,BUILDING,PRE-OPEN,45.25,16.450000000000003,32.900000000000006,29884.0,29916.9,32.9,64.3,TARGET,8.4,59.75,0.469508048061664,0.03741178454969257
1785931440,2026-08-05,-1,11.366666666666667,0.3576642335766423,-2.5167957808261527,BUILDING,PRE-OPEN,-36.75,17.05,34.1,29902.75,29920.25,-17.5,-36.5,STOP,8.6,14.25,0.526338238430369,-0.03293021898769313
1785932820,2026-08-05,1,15.433333333333334,0.2322834645669291,3.7200107508399607,BUILDING,PRE-OPEN,29.5,23.15,46.3,29935.5,29912.0,-23.5,-48.5,STOP,3.9,19.0,0.4731361932528113,0.06439977342936654
1785935100,2026-08-05,1,9.783333333333331,0.0833333333333333,2.969205963425832,DEAD-CHOP,PRE-OPEN,7.5,14.674999999999995,29.349999999999994,29946.25,29931.25,-15.0,-31.5,STOP,8.1,127.0,0.5158816009440457,0.0023669286045489156
1785936480,2026-08-05,1,12.683333333333334,0.2832080200501253,2.6107344483063795,BUILDING,PRE-OPEN,28.25,19.025,38.05,29961.0,29941.5,-19.5,-40.5,STOP,3.4,112.25,0.4684947491248541,-0.022115847400178967
1785938460,2026-08-05,-1,41.86666666666667,0.228995057660626,-2.2227619128338083,BUILDING,US,-69.5,62.8,125.6,29961.5,30024.75,-63.25,-128.0,STOP,7.3,173.75,0.4860394537177542,0.02161774927843499
1785940200,2026-08-05,-1,35.7,0.4699029126213592,-2.297206548344531,CLEAN-TREND,US,-121.0,53.55,107.1,29892.0,29784.9,107.1,212.7,TARGET,47.1,129.75,0.4953865336658354,-0.020448454585292288
1785945360,2026-08-05,-1,20.516666666666666,0.5645161290322581,-2.628611608279932,CLEAN-TREND,US,-87.5,30.775,61.55,29752.0,29783.25,-31.25,-64.0,STOP,24.0,50.25,0.4574146614437605,0.11708896360324982
1785954660,2026-08-05,-1,12.4,0.3831775700934579,-3.2348249926062884,BUILDING,US,-41.0,18.6,37.2,29735.0,29754.0,-19.0,-39.5,STOP,4.2,17.0,0.49581018736465493,-0.0448709104568476
1785956160,2026-08-05,-1,11.433333333333334,0.1929824561403508,-2.836845511002043,NORMAL-CHOP,US,-13.75,17.15,34.3,29727.5,29745.0,-17.5,-36.5,STOP,4.6,53.75,0.5162635529608006,-0.07007368388927851
1785956700,2026-08-05,1,13.25,0.1457286432160804,5.7863680462755145,NORMAL-CHOP,US,14.5,19.875,39.75,29772.5,29752.25,-20.25,-42.0,STOP,24.0,7.5,0.5141972121837893,-0.10197037565031761
1785958500,2026-08-05,-1,12.55,0.5049019607843137,-2.7203529434486167,CLEAN-TREND,US,-51.5,18.825000000000003,37.650000000000006,29717.0,29736.25,-19.25,-40.0,STOP,2.1,186.25,0.46113294354452217,0.08129483616461296
1785959160,2026-08-05,-1,14.166666666666666,0.4657534246575342,-6.849198182306531,CLEAN-TREND,US,-51.0,21.25,42.5,29692.5,29714.0,-21.5,-44.5,STOP,2.8,161.75,0.5349674925320682,-0.07535012512432122
1785968460,2026-08-05,1,10.6,0.4450867052023121,2.7113818850119564,BUILDING,OVERNIGHT,38.5,15.9,31.8,29609.75,29641.55,31.8,62.1,TARGET,10.5,69.0,0.446439890133108,0.030692802559626715
1785970200,2026-08-05,-1,9.466666666666669,0.3660377358490566,-3.4162857131316624,BUILDING,OVERNIGHT,-24.25,14.200000000000005,28.40000000000001,29638.75,29610.35,28.4,55.3,TARGET,41.8,72.25,0.525352733686067,-0.03622113307651217
1785974400,2026-08-06,-1,12.033333333333331,0.2161383285302593,-3.377278585961304,BUILDING,OVERNIGHT,-18.75,18.05,36.1,29561.5,29580.0,-18.5,-38.5,STOP,1.3,36.5,0.5174654752233956,-0.029013515166284122
1785974880,2026-08-06,1,16.133333333333333,0.0926365795724465,2.0521660994565845,VIOLENT-WHIPSAW,OVERNIGHT,9.75,24.2,48.4,29592.5,29568.0,-24.5,-50.5,STOP,1.7,16.25,0.4826266646257462,-0.02964526423443896
1785977520,2026-08-06,-1,14.1,0.1417624521072797,-4.374753219985555,NORMAL-CHOP,OVERNIGHT,-18.5,21.15,42.3,29545.25,29502.95,42.3,83.1,TARGET,13.0,91.0,0.49139280125195617,-0.011344794055591459
1785979200,2026-08-06,-1,14.0,0.1923076923076923,-3.5068397666345885,NORMAL-CHOP,OVERNIGHT,-25.0,21.0,42.0,29480.25,29501.5,-21.25,-44.0,STOP,12.6,26.0,0.5094910591471802,-0.018256101921234013
1785982200,2026-08-06,1,13.35,0.3161592505854801,3.626964591549713,BUILDING,OVERNIGHT,33.75,20.025,40.05,29544.0,29523.5,-20.5,-42.5,STOP,3.0,77.0,0.4994057837052687,0.06706732508367508
1785985620,2026-08-06,-1,9.383333333333333,0.3511450381679389,-2.53959269100534,BUILDING,OVERNIGHT,-23.0,14.075,28.15,29579.5,29551.35,28.15,54.8,TARGET,12.5,56.75,0.474440219687368,0.02230379353210616
1785988740,2026-08-06,1,11.633333333333333,0.362126245847176,3.3334648967547698,BUILDING,OVERNIGHT,27.25,17.45,34.9,29581.0,29563.25,-17.75,-37.0,STOP,0.4,19.5,0.5136228756406798,-0.03134944956620921
1785996360,2026-08-06,-1,13.333333333333334,0.0496453900709219,-3.625102457811084,NORMAL-CHOP,OVERNIGHT,-5.25,20.0,40.0,29539.75,29499.75,40.0,78.5,TARGET,7.4,55.75,0.4516975083782602,0.09747339389098514
1785997020,2026-08-06,-1,10.483333333333333,0.816793893129771,-2.6345619015637016,BUILDING,OVERNIGHT,-53.5,15.724999999999998,31.45,29488.75,29504.75,-16.0,-33.5,STOP,4.7,4.75,0.4747265740467041,0.042049262261510775
1786001760,2026-08-06,-1,9.65,0.4329501915708812,-2.433375202453794,BUILDING,PRE-OPEN,-28.25,14.475,28.950000000000003,29521.5,29536.25,-14.75,-31.0,STOP,12.5,77.25,0.5212778360732191,-0.04454179628934929
1786003800,2026-08-06,-1,17.166666666666668,0.4085470085470085,-6.418192915313028,CLEAN-TREND,PRE-OPEN,-59.75,25.75,51.5,29449.75,29475.75,-26.0,-53.5,STOP,5.8,12.0,0.4524442966411706,0.14643756084378093
1786015560,2026-08-06,1,12.3,0.6323119777158774,4.413039661517952,BUILDING,PRE-OPEN,56.75,18.450000000000003,36.900000000000006,29462.75,29499.65,36.9,72.3,TARGET,4.1,53.25,0.4408011629785172,0.08017102675452778
1786016880,2026-08-06,-1,14.95,0.3193473193473193,-4.541629698466878,BUILDING,PRE-OPEN,-34.25,22.425,44.85,29461.75,29416.9,44.85,88.2,TARGET,20.1,73.5,0.44525862068965516,0.08960320559580667
1786021200,2026-08-06,-1,12.4,0.4597156398104265,-2.6891277106766585,CLEAN-TREND,PRE-OPEN,-48.5,18.6,37.2,29376.75,29395.75,-19.0,-39.5,STOP,1.0,135.75,0.5053622497616778,0.052149778741375497
1786021500,2026-08-06,-1,13.733333333333333,0.4522968197879858,-4.024343544046879,CLEAN-TREND,PRE-OPEN,-64.0,20.6,41.2,29367.5,29326.3,41.2,80.9,TARGET,24.0,126.5,0.5284544627514404,-0.034168740588470324
1786023360,2026-08-06,1,34.75,0.2017857142857143,5.742350897177585,BUILDING,US,56.5,52.125,104.25,29414.0,29518.25,104.25,207.0,TARGET,11.0,252.5,0.5221462544589774,-0.05904027319231471
1786024260,2026-08-06,1,35.55,0.5153846153846153,2.390237429440032,CLEAN-TREND,US,134.0,53.325,106.65,29548.25,29494.5,-53.75,-109.0,STOP,2.9,118.25,0.5296205901930331,-0.0774683780428851
1786025220,2026-08-06,1,36.41666666666666,0.2052505966587112,3.454953158035482,BUILDING,US,43.0,54.62499999999999,109.24999999999996,29560.25,29669.5,109.25,217.0,TARGET,52.1,118.0,0.4832265769189013,0.03723937308809233
1786036440,2026-08-06,-1,17.233333333333334,0.2774193548387096,-2.481592168266488,BUILDING,US,-32.25,25.85,51.7,29524.25,29550.5,-26.25,-54.0,STOP,4.8,31.0,0.5109206734415289,-0.020329567708168177
1786037940,2026-08-06,-1,16.133333333333333,0.1111111111111111,-2.431861879860859,VIOLENT-WHIPSAW,US,-11.75,24.2,48.4,29511.5,29536.0,-24.5,-50.5,STOP,20.1,18.25,0.49840578583093553,-0.021107771515017314
1786045800,2026-08-06,-1,13.266666666666667,0.4569536423841059,-5.3562022165781125,CLEAN-TREND,US,-51.75,19.9,39.8,29480.25,29500.5,-20.25,-42.0,STOP,2.5,5.25,0.497802519777322,0.02970160470192538
1786055520,2026-08-06,-1,9.45,0.6015325670498084,-2.046841347156391,BUILDING,OVERNIGHT,-39.25,14.175,28.35,29532.5,29547.0,-14.5,-30.5,STOP,8.1,3.25,0.47503045066991473,0.02086153769711003
1786058340,2026-08-06,1,6.883333333333334,0.1216931216931216,3.8759759129354414,DEAD-CHOP,OVERNIGHT,5.75,10.325,20.65,29572.75,29593.4,20.65,39.8,TARGET,5.2,46.5,0.5405257393209201,0.027101287147450182
1786060140,2026-08-06,1,9.2,0.1119402985074626,2.208453512021295,DEAD-CHOP,OVERNIGHT,7.5,13.8,27.6,29595.75,29578.5,-17.25,-36.0,STOP,10.0,23.5,0.4908779931584949,-0.03525289568945587
1786061700,2026-08-07,-1,16.516666666666666,0.3445378151260504,-4.793316744252856,BUILDING,OVERNIGHT,-41.0,24.775,49.55,29545.5,29570.75,-25.25,-52.0,STOP,18.8,49.25,0.5234497505345688,-0.05508140916199127
1786065600,2026-08-07,-1,16.283333333333335,0.6259541984732825,-6.304074408910403,CLEAN-TREND,OVERNIGHT,-82.0,24.425000000000004,48.85000000000001,29486.75,29511.5,-24.75,-51.0,STOP,6.0,3.75,0.5193037974683544,-0.015281758831664721
1786068180,2026-08-07,1,13.45,0.3141486810551558,4.089634489166941,BUILDING,OVERNIGHT,32.75,20.175,40.35,29543.0,29522.5,-20.5,-42.5,STOP,1.9,5.5,0.539760348583878,-0.0844650629362567
1786070340,2026-08-07,-1,12.083333333333334,0.4906542056074766,-2.9565125760409763,BUILDING,OVERNIGHT,-52.5,18.125,36.25,29485.75,29504.25,-18.5,-38.5,STOP,4.0,9.75,0.5083346562946499,-0.053615683100728936
1786075200,2026-08-07,-1,7.8,0.3958333333333333,-2.299267717238895,BUILDING,OVERNIGHT,-19.0,11.7,23.4,29483.0,29495.0,-12.0,-25.5,STOP,5.4,28.0,0.5279203139148808,-0.16497353599074996
1786075980,2026-08-07,-1,8.5,0.2254901960784313,-6.989189287503516,BUILDING,OVERNIGHT,-11.5,12.75,25.5,29476.5,29489.5,-13.0,-27.5,STOP,6.4,21.5,0.5773491998358637,-0.08418275838372029
1786076460,2026-08-07,1,11.6,0.175531914893617,3.172562643169801,NORMAL-CHOP,OVERNIGHT,16.5,17.4,34.8,29509.5,29491.75,-17.75,-37.0,STOP,4.7,47.5,0.4541775079502747,0.0210102072278479
1786078860,2026-08-07,1,7.716666666666667,0.3990610328638497,2.7400707605166934,BUILDING,OVERNIGHT,21.25,11.575,23.15,29517.25,29540.4,23.15,44.8,TARGET,6.7,39.75,0.5148612945838837,0.005382431339029851
1786090380,2026-08-07,1,10.633333333333333,0.3562005277044855,4.345733412570576,BUILDING,PRE-OPEN,33.75,15.95,31.9,29619.75,29603.25,-16.5,-34.5,STOP,4.4,29.0,0.4596112966899484,0.13236070499601493
1786091400,2026-08-07,1,9.1,0.0476190476190476,4.717315237319396,DEAD-CHOP,PRE-OPEN,3.0,13.65,27.3,29632.25,29618.25,-14.0,-29.5,STOP,5.6,18.25,0.46908212560386475,0.10812135018241334
1786095720,2026-08-07,-1,7.466666666666667,0.1093117408906882,-3.0960110419529907,DEAD-CHOP,PRE-OPEN,-6.75,11.2,22.4,29625.75,29603.35,22.4,43.3,TARGET,34.0,33.5,0.4930936927941421,0.010586040968231939
1786099980,2026-08-07,-1,6.683333333333334,0.3377483443708609,-2.5059469383152986,BUILDING,PRE-OPEN,-12.75,10.025,20.05,29605.0,29615.5,-10.5,-22.5,STOP,6.2,2.75,0.5292038690476191,0.0008869208830894349
1786101900,2026-08-07,1,7.283333333333333,0.2688172043010752,2.6748259775998218,BUILDING,PRE-OPEN,12.5,10.925,21.85,29652.25,29641.0,-11.25,-24.0,STOP,26.7,20.75,0.5079464988198269,0.055084607117982846
1786103880,2026-08-07,-1,8.033333333333333,0.9292035398230089,-2.0124349702223454,BUILDING,PRE-OPEN,-52.5,12.05,24.1,29613.75,29626.25,-12.5,-26.5,STOP,1.7,17.75,0.507764430120129,0.040672322233575295
1786106700,2026-08-07,1,22.5,0.7119476268412439,2.9678918712728763,CLEAN-TREND,PRE-OPEN,108.75,33.75,67.5,29824.5,29790.5,-34.0,-69.5,STOP,18.2,42.75,0.5368570271364925,-0.05337335420420748
1786110960,2026-08-07,-1,38.53333333333333,0.075268817204301,-3.391161027321081,VIOLENT-WHIPSAW,US,-21.0,57.8,115.6,29693.75,29578.15,115.6,229.7,TARGET,15.1,129.5,0.48794878232488076,0.006761823741561383
1786116360,2026-08-07,1,17.15,0.5630630630630631,2.070822858741561,CLEAN-TREND,US,62.5,25.725,51.45,29818.75,29792.75,-26.0,-53.5,STOP,52.2,36.25,0.4961838607323557,0.030159818950170857
1786119900,2026-08-07,-1,18.866666666666667,0.7413479052823315,-5.639404945140306,CLEAN-TREND,US,-101.75,28.3,56.6,29720.75,29749.5,-28.75,-59.0,STOP,13.1,51.75,0.47260529258292955,0.059135476396301886
1786127700,2026-08-07,-1,12.016666666666667,0.3535911602209944,-2.59142334589978,BUILDING,US,-32.0,18.025,36.05,29692.75,29711.25,-18.5,-38.5,STOP,15.9,16.0,0.5242086306019256,-0.07685592870593223
1786129140,2026-08-07,1,11.0,0.4521963824289405,4.752952190940617,BUILDING,US,43.75,16.5,33.0,29724.0,29757.0,33.0,64.5,TARGET,1.4,136.5,0.5116325181758097,-0.07632563195262652
1786130100,2026-08-07,1,13.95,0.6489151873767258,2.222497419523456,CLEAN-TREND,US,82.25,20.925,41.85,29820.75,29799.5,-21.25,-44.0,STOP,2.4,39.75,0.5241563311220075,-0.06878649826211905
1786322100,2026-08-10,-1,14.583333333333334,0.3432203389830508,-3.204593772312029,BUILDING,OVERNIGHT,-40.5,21.875,43.75,29834.5,29790.75,43.75,86.0,TARGET,20.5,46.5,0.5750972762645914,-0.04848516730863041
1786326360,2026-08-10,1,12.316666666666666,0.4465753424657534,2.14380367609332,BUILDING,OVERNIGHT,40.75,18.475,36.95,29884.25,29865.5,-18.75,-39.0,STOP,28.6,11.0,0.5470183486238532,-0.029915896530477253
1786341180,2026-08-10,1,5.933333333333334,0.3866666666666666,2.1371950018645056,BUILDING,OVERNIGHT,14.5,8.9,17.8,29923.75,29941.55,17.8,34.1,TARGET,7.5,40.0,0.4521877205363444,-0.0037230674110014603
1786342080,2026-08-10,1,6.316666666666666,0.3953488372093023,2.401784729178459,BUILDING,OVERNIGHT,21.25,9.475,18.95,29945.25,29935.5,-9.75,-21.0,STOP,11.5,18.5,0.4941088739746458,-0.020634119177458467
1786345800,2026-08-10,-1,9.033333333333331,0.2044609665427509,-2.9138513398528967,BUILDING,PRE-OPEN,-13.75,13.549999999999995,27.099999999999994,29898.75,29912.75,-14.0,-29.5,STOP,3.2,12.0,0.5885985224390782,-0.11267890047703837
1786356180,2026-08-10,1,7.416666666666667,0.2328767123287671,3.1972480109497767,BUILDING,PRE-OPEN,12.75,11.125,22.25,29956.5,29945.0,-11.5,-24.5,STOP,4.5,2.75,0.52101506740682,-0.013160493496555889
1786356660,2026-08-10,-1,8.716666666666667,0.1969111969111969,-2.516128723626464,DEAD-CHOP,PRE-OPEN,-12.75,13.075,26.15,29925.75,29939.25,-13.5,-28.5,STOP,8.8,53.25,0.4926324737886087,-0.012078429971819895
1786358400,2026-08-10,-1,7.316666666666666,0.6090909090909091,-4.554958523361793,BUILDING,PRE-OPEN,-33.5,10.975,21.95,29914.25,29925.5,-11.25,-24.0,STOP,9.5,62.5,0.4392570281124498,0.033426796229331195
1786362120,2026-08-10,-1,9.816666666666666,0.2363636363636363,-2.234634041185782,BUILDING,PRE-OPEN,-16.25,14.725,29.45,29881.5,29852.05,29.45,57.4,TARGET,5.6,101.25,0.4928223185265439,-0.024965386397683635
1786364160,2026-08-10,-1,11.183333333333334,0.2779220779220779,-2.672839584490115,BUILDING,PRE-OPEN,-26.75,16.775,33.55,29835.0,29801.45,33.55,65.6,TARGET,17.2,64.0,0.5423064704013555,-0.06668616165085119
1786365300,2026-08-10,-1,9.666666666666666,0.6305220883534136,-2.259584589398989,BUILDING,PRE-OPEN,-39.25,14.5,29.0,29793.25,29808.0,-14.75,-31.0,STOP,0.9,66.5,0.49649259547934527,-0.0207799795162395
1786366260,2026-08-10,-1,11.066666666666666,0.4125412541254125,-3.1346591062673363,BUILDING,PRE-OPEN,-31.25,16.6,33.2,29778.25,29795.25,-17.0,-35.5,STOP,8.3,59.25,0.4906508189592695,0.013594600878666888
1786368840,2026-08-10,-1,24.616666666666667,0.3703703703703703,-22.03639974451549,BUILDING,US,-75.0,36.925,73.85,29740.5,29777.75,-37.25,-76.0,STOP,0.8,21.5,0.4687000368958308,0.06589647089198486
1786370760,2026-08-10,1,30.28333333333333,0.2757201646090535,2.5887685535702305,BUILDING,US,50.25,45.425,90.85,29857.25,29811.5,-45.75,-93.0,STOP,18.4,42.75,0.501043659766916,-0.06826090105538517
1786383420,2026-08-10,-1,8.25,0.5178571428571429,-2.1713928254877106,BUILDING,US,-29.0,12.375,24.75,29765.25,29778.0,-12.75,-27.0,STOP,4.1,23.0,0.5053715874620829,-0.04997374215911766
1786387320,2026-08-10,1,7.95,0.4007782101167315,2.573120600386233,BUILDING,US,25.75,11.925,23.85,29771.75,29759.5,-12.25,-26.0,STOP,6.4,24.75,0.4916704701049749,0.027781094965550493
1786388220,2026-08-10,1,7.533333333333333,0.1931330472103004,2.048494065995233,DEAD-CHOP,US,11.25,11.3,22.6,29783.0,29771.25,-11.75,-25.0,STOP,43.5,13.5,0.5078708946772367,-0.02406343759292401
1786391400,2026-08-10,-1,10.633333333333333,0.2578313253012048,-10.648571629532167,BUILDING,US,-26.75,15.95,31.9,29748.5,29764.75,-16.25,-34.0,STOP,57.3,25.75,0.5015355217361632,-0.025767711499649574
1786401060,2026-08-10,-1,7.783333333333333,0.425287356321839,-3.5429474265190186,BUILDING,OVERNIGHT,-27.75,11.675,23.35,29732.25,29708.9,23.35,45.2,TARGET,48.8,29.75,0.5342465753424658,-0.0583885661088534
1786406100,2026-08-10,-1,7.9,0.4923857868020304,-4.004634946405577,BUILDING,OVERNIGHT,-24.25,11.85,23.700000000000003,29685.0,29697.25,-12.25,-26.0,STOP,3.5,19.0,0.5156608097784569,-0.09311780336098696
1786406520,2026-08-11,-1,11.7,0.4576271186440678,-3.4196683545748585,BUILDING,OVERNIGHT,-47.25,17.549999999999997,35.099999999999994,29671.0,29689.0,-18.0,-37.5,STOP,2.0,3.5,0.5015151515151515,-0.011002884324950068
1786410120,2026-08-11,-1,8.616666666666667,0.1721311475409836,-2.66415735018983,DEAD-CHOP,OVERNIGHT,-10.5,12.925,25.85,29775.25,29788.5,-13.25,-28.0,STOP,6.9,11.0,0.5870634825393015,-0.12760277638140116
1786418820,2026-08-11,1,6.066666666666666,0.4318181818181818,2.702656420812011,BUILDING,OVERNIGHT,19.0,9.1,18.2,29846.25,29836.75,-9.5,-20.5,STOP,3.5,4.5,0.5780414656408919,-0.08241793572825631
1786422660,2026-08-11,1,4.75,0.3875,2.6961317251055488,BUILDING,OVERNIGHT,15.5,7.125,14.25,29861.25,29853.5,-7.75,-17.0,STOP,2.2,0.25,0.5404563022067074,-0.08293011363185332
1786425600,2026-08-11,-1,6.283333333333333,0.2452830188679245,-2.188593217929503,BUILDING,OVERNIGHT,-13.0,9.425,18.85,29820.0,29801.15,18.85,36.2,TARGET,10.4,37.25,0.5595032769920663,-0.08520744312549673
1786427460,2026-08-11,-1,7.533333333333333,0.7282608695652174,-3.153535920520804,BUILDING,OVERNIGHT,-33.5,11.3,22.6,29789.5,29801.25,-11.75,-25.0,STOP,4.7,57.25,0.5140912347743014,-0.1192495033493816
1786428600,2026-08-11,1,7.083333333333333,0.4077669902912621,3.546998193651812,BUILDING,OVERNIGHT,21.0,10.625,21.25,29820.5,29809.5,-11.0,-23.5,STOP,6.8,7.0,0.5175020542317174,0.013021178086953715
1786435740,2026-08-11,-1,13.2,0.086859688195991,-2.062571539777198,NORMAL-CHOP,PRE-OPEN,-9.75,19.8,39.6,29748.0,29721.5,26.5,51.5,TIME,60.0,30.5,0.5074520212331564,0.031344617119015754
1786443420,2026-08-11,1,7.433333333333334,0.1607142857142857,2.309406472182905,DEAD-CHOP,PRE-OPEN,9.0,11.15,22.3,29771.75,29794.05,22.3,43.1,TARGET,4.7,115.25,0.5145340552864064,-0.003728738566461429
1786443960,2026-08-11,1,9.533333333333331,0.7560975609756098,4.015593233739858,BUILDING,PRE-OPEN,62.0,14.299999999999995,28.599999999999994,29818.0,29803.25,-14.75,-31.0,STOP,12.8,69.0,0.4893415442918048,0.047532382463811196
1786446060,2026-08-11,1,8.333333333333334,0.6595744680851063,5.757238496737261,BUILDING,PRE-OPEN,54.25,12.5,25.0,29873.25,29860.5,-12.75,-27.0,STOP,1.2,13.75,0.47534059945504087,0.04666875390748592
1786447920,2026-08-11,-1,7.85,0.5935828877005348,-2.984583818115272,BUILDING,PRE-OPEN,-27.75,11.775,23.55,29822.5,29834.75,-12.25,-26.0,STOP,9.6,12.0,0.5092602861262061,-0.005066904511199697
1786454880,2026-08-11,1,9.516666666666667,0.2319391634980988,2.1371654497977643,BUILDING,PRE-OPEN,15.25,14.275000000000002,28.550000000000004,29844.25,29829.5,-14.75,-31.0,STOP,1.0,-0.5,0.4633998790078645,0.006424123262744601
1786455300,2026-08-11,-1,22.633333333333333,0.7005347593582888,-15.336799478768077,CLEAN-TREND,US,-131.0,33.95,67.9,29698.5,29732.75,-34.25,-70.0,STOP,1.4,62.5,0.4739708325641499,-0.0014051097278063233
1786456860,2026-08-11,1,29.2,0.4232121922626026,3.380578209822451,CLEAN-TREND,US,90.25,43.8,87.6,29755.0,29788.75,33.75,66.0,TIME,60.0,50.0,0.494879693614187,-0.012697661147323533
1786460880,2026-08-11,-1,15.483333333333333,0.541371158392435,-2.4135015655867,CLEAN-TREND,US,-57.25,23.225,46.45,29726.75,29680.3,46.45,91.4,TARGET,25.1,79.75,0.4520166898470097,0.08621647003448622
1786464060,2026-08-11,-1,11.183333333333334,0.1705882352941176,-2.030320478409546,NORMAL-CHOP,US,-14.5,16.775,33.55,29657.25,29674.5,-17.25,-36.0,STOP,4.4,41.25,0.48809377685037436,-0.011559091577021412
1786465500,2026-08-11,-1,12.633333333333333,0.4418604651162791,-4.463927988172316,CLEAN-TREND,US,-42.75,18.95,37.9,29634.75,29654.0,-19.25,-40.0,STOP,10.5,61.75,0.5029173008625063,0.0002524106056795889
1786471560,2026-08-11,-1,9.216666666666669,0.4063604240282685,-2.25003642927271,BUILDING,US,-28.75,13.825000000000005,27.65000000000001,29605.5,29577.85,27.65,53.8,TARGET,14.5,72.0,0.5010711597475537,-0.024069279424305413
1786472820,2026-08-11,-1,10.366666666666667,0.6395759717314488,-7.731736111076831,BUILDING,US,-45.25,15.55,31.1,29561.75,29577.75,-16.0,-33.5,STOP,21.2,28.25,0.4972070323984242,0.002317250912374636
1786476600,2026-08-11,1,9.2,0.44,2.185134321649714,BUILDING,US,27.5,13.8,27.6,29631.75,29659.35,27.6,53.7,TARGET,9.0,45.75,0.4862080244221544,-0.0410725436831858
1786488180,2026-08-11,-1,6.766666666666667,0.2669683257918552,-2.5713197893966875,BUILDING,OVERNIGHT,-14.75,10.15,20.3,29640.0,29650.5,-10.5,-22.5,STOP,9.5,6.25,0.4587032553134248,0.0018626301126094945
1786492200,2026-08-11,1,5.183333333333334,0.4409937888198758,4.114460891146442,BUILDING,OVERNIGHT,17.75,7.775,15.55,29656.5,29648.25,-8.25,-18.0,STOP,9.0,25.0,0.5095315904139434,0.008028505714391357
1786492860,2026-08-12,-1,9.816666666666666,0.0638297872340425,-7.3260052091651,DEAD-CHOP,OVERNIGHT,-4.5,14.725,29.45,29633.75,29648.75,-15.0,-31.5,STOP,0.6,8.0,0.4839598997493734,0.015827865269149186
1786494180,2026-08-12,1,10.6,0.5958188153310104,3.3125818659730086,BUILDING,OVERNIGHT,42.75,15.9,31.8,29672.75,29656.5,-16.25,-34.0,STOP,6.6,8.75,0.5223391812865497,-0.039326007957247555
1786501800,2026-08-12,1,6.733333333333333,0.4560669456066946,5.980151827814709,BUILDING,OVERNIGHT,27.25,10.1,20.2,29683.5,29703.7,20.2,38.9,TARGET,28.9,27.0,0.5482807865538833,-0.07244001169460619
1786506780,2026-08-12,-1,4.75,0.2436974789915966,-2.4579509889399107,BUILDING,OVERNIGHT,-7.25,7.125,14.25,29688.25,29695.75,-7.5,-16.5,STOP,4.0,5.25,0.5264654959188722,-0.07541520270568651
1786510020,2026-08-12,1,4.8,0.4558823529411764,3.504965850989985,BUILDING,OVERNIGHT,15.5,7.199999999999999,14.4,29704.0,29696.5,-7.5,-16.5,STOP,18.2,12.75,0.540626902008521,-0.07399587278560617
1786511700,2026-08-12,-1,5.9,0.492822966507177,-5.9178786862508455,BUILDING,OVERNIGHT,-25.75,8.850000000000001,17.700000000000003,29685.25,29694.5,-9.25,-20.0,STOP,14.4,17.25,0.47144372064838663,0.07919420285551416
1786514400,2026-08-12,1,4.6,0.6058394160583942,2.393390778684404,BUILDING,OVERNIGHT,20.75,6.9,13.8,29721.0,29713.75,-7.25,-16.0,STOP,10.3,28.0,0.58008008008008,-0.2166909681759667
1786516680,2026-08-12,1,5.583333333333333,0.6352201257861635,3.5704560985964835,BUILDING,OVERNIGHT,25.25,8.375,16.75,29724.5,29715.75,-8.75,-19.0,STOP,2.4,30.25,0.5534038255910657,-0.11741860574052021
1786521600,2026-08-12,1,4.816666666666666,0.6880733944954128,7.040949582744071,BUILDING,PRE-OPEN,18.75,7.225,14.45,29753.75,29768.2,14.45,27.4,TARGET,1.3,45.75,0.46188017769240003,-0.01533068141246701
1786525740,2026-08-12,1,5.1,0.3617021276595745,3.0473530000630817,BUILDING,PRE-OPEN,12.75,7.649999999999999,15.3,29811.0,29826.3,15.3,29.1,TARGET,13.7,38.0,0.49187432286023836,-0.015057213608162466
1786531680,2026-08-12,-1,5.816666666666666,0.4814814814814814,-9.038095879818512,BUILDING,PRE-OPEN,-22.75,8.725,17.45,29808.5,29791.05,17.45,33.4,TARGET,0.0,26.25,0.5082282913165266,0.018817423859284848
1786537620,2026-08-12,1,9.683333333333334,0.2413793103448276,3.309219094141616,BUILDING,PRE-OPEN,17.5,14.525,29.05,29855.0,29884.05,29.05,56.6,TARGET,1.4,132.5,0.4712241169305725,0.05263461003078089
1786541220,2026-08-12,1,10.033333333333331,0.719626168224299,3.275672691637821,BUILDING,PRE-OPEN,57.75,15.049999999999995,30.099999999999994,29983.0,29967.5,-15.5,-32.5,STOP,2.7,18.5,0.5359526271266096,-0.021964288362271905
1786542480,2026-08-12,1,33.71666666666667,0.2032967032967033,3.3468139724062533,BUILDING,US,55.5,50.575,101.15,29967.25,29916.25,-51.0,-103.5,STOP,2.6,2.0,0.5378738621586476,-0.06892258415801016
1786543800,2026-08-12,1,26.53333333333333,0.1111111111111111,2.3556249667563125,VIOLENT-WHIPSAW,US,24.0,39.8,79.6,29925.75,29885.5,-40.25,-82.0,STOP,2.2,20.5,0.46223817074188434,0.03526754238667896
1786544760,2026-08-12,1,22.466666666666665,0.1165980795610425,2.3452877325874364,VIOLENT-WHIPSAW,US,21.25,33.7,67.39999999999999,29942.5,29908.5,-34.0,-69.5,STOP,2.8,1.75,0.47050784059847506,-0.014810576480634847
1786548720,2026-08-12,-1,15.966666666666669,0.3558558558558558,-2.994026308628888,BUILDING,US,-39.5,23.950000000000003,47.900000000000006,29843.5,29867.75,-24.25,-50.0,STOP,36.8,24.75,0.5253133747109651,-0.0927393768733905
1786553400,2026-08-12,1,9.95,0.7125382262996942,3.3560674351117696,BUILDING,US,58.25,14.925,29.85,29911.75,29896.5,-15.25,-32.0,STOP,21.3,12.75,0.4159512108472971,0.15869127650541046
1786560060,2026-08-12,1,6.8,0.4351851851851852,3.2104073438688183,BUILDING,US,23.5,10.2,20.4,29925.75,29915.25,-10.5,-22.5,STOP,3.6,1.75,0.4698355575548558,0.03915964295956954
1786561020,2026-08-12,-1,7.233333333333333,0.5276752767527675,-2.131282659043748,BUILDING,US,-35.75,10.85,21.7,29886.5,29897.75,-11.25,-24.0,STOP,1.5,61.0,0.47650390326037045,0.05045182546087636
1786561860,2026-08-12,-1,8.25,0.176,-2.740171644128114,DEAD-CHOP,US,-11.0,12.375,24.75,29884.25,29897.0,-12.75,-27.0,STOP,5.3,58.75,0.5101014983083615,-0.006096237842926924
1786562400,2026-08-12,-1,8.033333333333333,0.4838709677419355,-2.391966584415151,BUILDING,US,-22.5,12.05,24.1,29876.75,29852.65,24.1,46.7,TARGET,13.1,51.25,0.5224656874548519,-0.06640716079548903
1786565100,2026-08-12,1,16.3,0.3395872420262664,3.762067059160872,BUILDING,OVERNIGHT,45.25,24.450000000000003,48.900000000000006,29895.0,29870.25,-24.75,-51.0,STOP,1.1,1.0,0.49515619897681507,-0.043393036380146376
1786572960,2026-08-12,-1,7.85,0.4035087719298245,-3.0273216766354487,BUILDING,OVERNIGHT,-17.25,11.775,23.55,29799.75,29812.0,-12.25,-26.0,STOP,55.4,19.25,0.41058394160583944,0.17316213670841255
1786577520,2026-08-12,-1,4.3,0.2835820895522388,-2.1626788682482783,BUILDING,OVERNIGHT,-9.5,6.449999999999999,12.9,29795.75,29802.5,-6.75,-15.0,STOP,4.0,2.75,0.526934248745709,-0.010858706256343961
1786579260,2026-08-13,1,8.533333333333333,0.6144578313253012,6.204757425087121,BUILDING,OVERNIGHT,38.25,12.8,25.6,29836.5,29862.1,25.6,49.7,TARGET,5.5,30.0,0.5583034170987901,-0.09153318201470635
1786584300,2026-08-13,-1,8.3,0.4360902255639097,-2.432926474646841,BUILDING,OVERNIGHT,-29.0,12.45,24.9,29820.5,29833.25,-12.75,-27.0,STOP,7.6,12.25,0.49129767084719733,-0.0731932157122128
1786586040,2026-08-13,1,7.7,0.2489795918367346,2.951308582862907,BUILDING,OVERNIGHT,15.25,11.55,23.1,29855.0,29843.0,-12.0,-25.5,STOP,37.9,22.75,0.49198086662915025,0.007121175420794994
1786588380,2026-08-13,-1,7.1,0.4778761061946903,-2.578595121721396,BUILDING,OVERNIGHT,-27.0,10.65,21.3,29837.25,29848.25,-11.0,-23.5,STOP,4.0,3.5,0.5100613496932516,0.015199700890896367
1786588920,2026-08-13,1,9.0,0.1164383561643835,2.1188238373130672,DEAD-CHOP,OVERNIGHT,8.5,13.5,27.0,29873.0,29874.25,1.25,1.0,TIME,60.0,7.25,0.4971815107102593,0.04998392410628704
1786593780,2026-08-13,1,2.75,0.3548387096774194,6.238796251033213,BUILDING,OVERNIGHT,5.5,4.125,8.25,29882.0,29890.25,8.25,15.0,TARGET,6.0,14.25,0.4764662212323682,0.03328105407613493
1786603320,2026-08-13,-1,7.95,0.4532374100719424,-6.383509313366529,BUILDING,OVERNIGHT,-31.5,11.925,23.85,29863.25,29875.5,-12.25,-26.0,STOP,13.8,19.5,0.4239666872301049,0.0465450052065369
1786604820,2026-08-13,-1,8.933333333333334,0.2066666666666666,-4.153637472865138,BUILDING,PRE-OPEN,-15.5,13.4,26.8,29849.0,29862.75,-13.75,-29.0,STOP,9.1,20.25,0.5152515515647695,0.05671722748800229
1786608120,2026-08-13,-1,7.75,0.3152173913043478,-2.527679122310019,BUILDING,PRE-OPEN,-14.5,11.625,23.25,29851.75,29863.75,-12.0,-25.5,STOP,4.1,24.25,0.49229353577179663,0.059809260115275216
1786611060,2026-08-13,1,6.166666666666667,0.4035087719298245,2.788284607767593,BUILDING,PRE-OPEN,23.0,9.25,18.5,29873.5,29864.0,-9.5,-20.5,STOP,1.1,1.75,0.5538344887348353,-0.08605508085236348
1786616520,2026-08-13,1,4.35,0.4845360824742268,2.532075369038177,BUILDING,PRE-OPEN,11.75,6.525,13.05,29884.0,29877.0,-7.0,-15.5,STOP,0.5,8.25,0.5677671589921807,-0.1396721826686099
1786618800,2026-08-13,1,5.033333333333333,0.3205128205128205,5.705087692134772,BUILDING,PRE-OPEN,12.5,7.55,15.1,29888.5,29880.25,-8.25,-18.0,STOP,1.3,6.5,0.5196187098204389,0.0005025472604712881
1786620840,2026-08-13,1,5.733333333333333,0.3223140495867768,4.9671053980955415,BUILDING,PRE-OPEN,9.75,8.6,17.2,29871.25,29888.45,17.2,32.9,TARGET,9.9,23.75,0.4936289500509684,0.014592612173538862
1786621500,2026-08-13,1,6.65,0.6881720430107527,4.031942231051246,BUILDING,PRE-OPEN,32.0,9.975,19.950000000000003,29893.75,29883.5,-10.25,-22.0,STOP,4.3,0.75,0.4920131548038525,0.022387548388467512
1786622400,2026-08-13,-1,7.716666666666667,0.4896551724137931,-3.350731311959714,BUILDING,PRE-OPEN,-35.5,11.575,23.15,29857.5,29834.35,23.15,44.8,TARGET,9.8,44.5,0.47873718930380493,0.08943119792412305
1786623480,2026-08-13,-1,8.983333333333333,0.3,-2.5717736275349603,BUILDING,PRE-OPEN,-21.0,13.474999999999998,26.95,29819.75,29833.5,-13.75,-29.0,STOP,8.0,6.75,0.5590352071581405,-0.015858128634873573
1786626120,2026-08-13,1,11.166666666666666,0.3888888888888889,2.3728446171178086,BUILDING,PRE-OPEN,42.0,16.75,33.5,29896.75,29879.75,-17.0,-35.5,STOP,27.5,289.5,0.48608936528965435,-0.016697986058701424
1786627860,2026-08-13,-1,11.5,0.4418604651162791,-3.986601928894326,BUILDING,US,-33.25,17.25,34.5,29872.5,29890.0,-17.5,-36.5,STOP,1.1,9.75,0.5117900348574944,-0.0772476412009158
1786628040,2026-08-13,1,17.566666666666666,0.2548330404217926,9.888516150923042,BUILDING,US,36.25,26.35,52.7,29945.25,29997.95,52.7,103.9,TARGET,1.7,321.5,0.48534870863280943,0.005014805144912522
1786628340,2026-08-13,1,24.33333333333333,0.5733041575492341,3.8919556286119343,CLEAN-TREND,US,131.0,36.49999999999999,72.99999999999999,30039.5,30002.75,-36.75,-75.0,STOP,4.2,227.5,0.5147565795005465,-0.035342837506280075
1786628700,2026-08-13,1,32.45,0.4996265870052278,2.208194395339091,CLEAN-TREND,US,167.25,48.675,97.35,30064.5,30161.85,97.35,193.2,TARGET,12.2,202.5,0.4928755364806867,-0.02331501245917879
1786630260,2026-08-13,1,17.916666666666668,0.449438202247191,2.5173261368764472,CLEAN-TREND,US,60.0,26.875,53.75,30209.0,30262.75,53.75,106.0,TARGET,22.6,58.0,0.48302658486707567,-0.004175556015916464
1786632300,2026-08-13,-1,12.666666666666666,0.154228855721393,-3.1783543014625493,NORMAL-CHOP,US,-15.5,19.0,38.0,30219.75,30239.0,-19.25,-40.0,STOP,0.9,91.25,0.5684294597524103,-0.1095963290307891
1786632900,2026-08-13,-1,15.916666666666666,0.4071146245059288,-2.2288298843852874,CLEAN-TREND,US,-51.5,23.875,47.75,30204.75,30229.0,-24.25,-50.0,STOP,5.9,100.75,0.5153163896549154,-0.0525766426361509
1786638300,2026-08-13,1,12.116666666666667,0.2171428571428571,2.2885762680988435,BUILDING,US,19.0,18.175,36.35,30184.75,30221.1,36.35,71.2,TARGET,39.5,65.5,0.4506902126601169,0.06973574292875392
1786647600,2026-08-13,1,6.716666666666667,0.4619883040935672,3.834989480030209,BUILDING,US,19.75,10.075,20.15,30253.75,30243.25,-10.5,-22.5,STOP,3.4,19.5,0.5772658483268875,-0.20173115151135795
1786648080,2026-08-13,1,7.95,0.4545454545454545,3.3975540338982086,BUILDING,US,26.25,11.925,23.85,30268.75,30256.5,-12.25,-26.0,STOP,3.2,4.5,0.5112764142897754,-0.048165606445023795
1786648380,2026-08-13,-1,9.433333333333334,0.092063492063492,-2.2498234775675647,DEAD-CHOP,US,-7.25,14.15,28.3,30235.0,30206.7,28.3,55.1,TARGET,30.5,94.0,0.5095154012164018,0.01398280011117348
1786650600,2026-08-13,-1,9.416666666666666,0.4015151515151515,-3.996313768048316,BUILDING,US,-26.5,14.125,28.25,30189.75,30204.25,-14.5,-30.5,STOP,3.5,48.75,0.49146969414976116,0.01465565656379824
1786650900,2026-08-13,-1,11.683333333333334,0.5384615384615384,-7.601095903464275,BUILDING,US,-40.25,17.525,35.05,30180.0,30198.0,-18.0,-37.5,STOP,4.1,39.0,0.469223132290891,0.07247316342301116
1786662840,2026-08-13,1,4.233333333333333,0.6058394160583942,8.890057022898004,BUILDING,OVERNIGHT,20.75,6.35,12.7,30225.25,30218.5,-6.75,-15.0,STOP,0.3,7.25,0.5578231292517006,-0.09920347434833675
1786663380,2026-08-13,-1,6.283333333333333,0.2336448598130841,-2.962189384998392,BUILDING,OVERNIGHT,-12.5,9.425,18.85,30196.75,30206.5,-9.75,-21.0,STOP,36.0,18.75,0.5593942262186464,-0.021650276207420997
1786666560,2026-08-14,-1,11.533333333333331,0.4606060606060606,-7.669569833500801,BUILDING,OVERNIGHT,-38.0,17.299999999999997,34.599999999999994,30180.75,30146.15,34.6,67.7,TARGET,45.8,56.5,0.5210696920583469,-0.009000469984419463
1786672980,2026-08-14,1,7.4,0.1358024691358024,2.39971567013469,DEAD-CHOP,OVERNIGHT,8.25,11.1,22.200000000000003,30169.75,30158.25,-11.5,-24.5,STOP,15.0,11.25,0.5052944675788221,0.10484455057263088
1786682100,2026-08-14,-1,5.216666666666667,0.4074074074074074,-5.5097756448170045,BUILDING,OVERNIGHT,-13.75,7.825,15.65,30143.5,30151.75,-8.25,-18.0,STOP,2.0,15.5,0.48691329141687384,0.10960761111313541
1786685640,2026-08-14,1,4.8,0.4081632653061224,3.3653887523610413,BUILDING,OVERNIGHT,10.0,7.199999999999999,14.4,30152.75,30167.15,14.4,27.3,TARGET,9.7,31.25,0.5005879388543591,-0.014875663572600282
1786690980,2026-08-14,1,5.15,0.7062937062937062,5.431857116871398,BUILDING,PRE-OPEN,25.25,7.725,15.45,30192.75,30184.75,-8.0,-17.5,STOP,1.4,18.5,0.5268307755690597,-0.056781880442020434
1786693440,2026-08-14,1,4.6,0.6235294117647059,5.471860651938699,BUILDING,PRE-OPEN,26.5,6.9,13.8,30203.5,30196.25,-7.25,-16.0,STOP,1.9,37.5,0.5603159147462945,-0.16258360688931497
1786694400,2026-08-14,1,6.05,0.1830985915492957,2.393101850143172,DEAD-CHOP,PRE-OPEN,9.75,9.075,18.15,30209.0,30199.5,-9.5,-20.5,STOP,0.7,35.5,0.5275140267587397,-0.028291230080653023
1786694700,2026-08-14,1,9.833333333333334,0.2298850574712643,6.663957200631179,BUILDING,PRE-OPEN,20.0,14.75,29.5,30220.75,30205.75,-15.0,-31.5,STOP,16.8,23.75,0.5048492515285684,0.01916772281591926
1786698000,2026-08-14,-1,5.616666666666666,0.3098591549295774,-2.033151839068387,BUILDING,PRE-OPEN,-11.0,8.424999999999999,16.849999999999998,30219.75,30228.5,-8.75,-19.0,STOP,23.5,13.75,0.5201338772094969,-0.0015604297928965703
1786704300,2026-08-14,1,5.55,0.2235294117647059,2.4759934312613767,BUILDING,PRE-OPEN,9.5,8.325,16.65,30240.0,30256.65,16.65,31.8,TARGET,14.0,22.25,0.5119010335108048,0.0821767391981676
1786708980,2026-08-14,1,5.75,0.5407407407407407,6.401712119129798,BUILDING,PRE-OPEN,18.25,8.625,17.25,30280.25,30271.25,-9.0,-19.5,STOP,0.1,0.0,0.6239755021165451,-0.229097520936
1786709520,2026-08-14,-1,8.4,0.3098591549295774,-3.722869952181578,BUILDING,PRE-OPEN,-22.0,12.6,25.200000000000003,30240.25,30215.05,25.2,48.9,TARGET,0.5,33.5,0.5764000584880831,-0.13192172287786744
1786712700,2026-08-14,1,6.766666666666667,0.2521739130434782,2.590173613183285,BUILDING,PRE-OPEN,14.5,10.15,20.3,30281.0,30270.5,-10.5,-22.5,STOP,0.2,-0.25,0.5569513226235052,-0.12117979056553813
1786714380,2026-08-14,-1,16.7,0.4173669467787115,-4.536795342540827,CLEAN-TREND,US,-37.25,25.05,50.1,30213.25,30238.75,-25.5,-52.5,STOP,8.9,84.25,0.5080519984478076,-0.029490207528362823
1786716960,2026-08-14,-1,19.716666666666665,0.1098696461824953,-2.5786141927887845,VIOLENT-WHIPSAW,US,-14.75,29.575,59.14999999999999,30207.5,30148.35,59.15,116.8,TARGET,10.5,120.0,0.4814994737268237,0.02997302655364864
1786719540,2026-08-14,-1,13.666666666666666,0.2935560859188544,-2.482821883052349,BUILDING,US,-30.75,20.5,41.0,30123.5,30144.25,-20.75,-43.0,STOP,1.1,98.5,0.48112854007173833,-0.07694777065905908
1786720860,2026-08-14,-1,12.866666666666667,0.50920245398773,-2.629060694229505,CLEAN-TREND,US,-41.5,19.3,38.6,30082.25,30043.65,38.6,75.7,TARGET,4.2,57.25,0.48136376769719735,0.06212915012882513
1786725120,2026-08-14,-1,8.666666666666666,0.1925925925925926,-2.293190929997156,DEAD-CHOP,US,-13.0,13.0,26.0,30071.5,30084.75,-13.25,-28.0,STOP,2.9,24.5,0.4856116901900155,0.029240880304385236
1786730220,2026-08-14,1,7.55,0.4033613445378151,2.0676479638348253,BUILDING,US,24.0,11.325,22.65,30078.75,30067.0,-11.75,-25.0,STOP,30.0,25.25,0.49807926088013615,0.014527456977926515
1786733400,2026-08-14,1,6.166666666666667,0.6230366492146597,2.865608888001771,BUILDING,US,29.75,9.25,18.5,30098.5,30089.0,-9.5,-20.5,STOP,7.3,31.25,0.495709922924039,-0.04509450313626827
1786737000,2026-08-14,1,7.9,0.3189655172413793,5.461536693259889,BUILDING,US,18.5,11.85,23.700000000000003,30122.75,30146.45,23.7,45.9,TARGET,8.9,30.25,0.4925272092902151,0.05477506216928241
